segment_id,source_line_no,original_start_sec,original_end_sec,original_duration_sec,cut_start_sec,cut_end_sec,cut_duration_sec,ici,file_name,file_path
0,1,98.114078,98.148354,0.03427599999999131,98.09407800000001,98.168354,0.07427599999998336,5.0,click_train_00000_start_98.114s_ici_5.0.wav,/Users/nfot413/dolphin_project/official_click_features/segments/click_train_00000_start_98.114s_ici_5.0.wav
1,2,132.722474,132.769,0.04652600000000007,132.702474,132.78900000000002,0.08652600000002053,5.0,click_train_00001_start_132.722s_ici_5.0.wav,/Users/nfot413/dolphin_project/official_click_features/segments/click_train_00001_start_132.722s_ici_5.0.wav
2,3,133.621458,133.662896,0.04143799999999942,133.60145799999998,133.682896,0.08143800000001988,5.0,click_train_00002_start_133.621s_ici_5.0.wav,/Users/nfot413/dolphin_project/official_click_features/segments/click_train_00002_start_133.621s_ici_5.0.wav
3,4,133.808667,133.840005,0.03133799999997677,133.788667,133.860005,0.07133799999999724,5.0,click_train_00003_start_133.809s_ici_5.0.wav,/Users/nfot413/dolphin_project/official_click_features/segments/click_train_00003_start_133.809s_ici_5.0.wav
4,5,134.487177,134.533021,0.04584399999998823,134.467177,134.553021,0.08584400000000869,5.0,click_train_00004_start_134.487s_ici_5.0.wav,/Users/nfot413/dolphin_project/official_click_features/segments/click_train_00004_start_134.487s_ici_5.0.wav
5,6,173.334349,173.461349,0.12700000000000955,173.314349,173.48134900000002,0.16700000000003,30.0,click_train_00005_start_173.334s_ici_30.0.wav,/Users/nfot413/dolphin_project/official_click_features/segments/click_train_00005_start_173.334s_ici_30.0.wav
6,7,185.627443,185.795516,0.1680729999999926,185.607443,185.815516,0.20807300000001305,35.0,click_train_00006_start_185.627s_ici_35.0.wav,/Users/nfot413/dolphin_project/official_click_features/segments/click_train_00006_start_185.627s_ici_35.0.wav
7,8,196.215177,196.479453,0.2642759999999953,196.195177,196.49945300000002,0.30427600000001576,60.0,click_train_00007_start_196.215s_ici_60.0.wav,/Users/nfot413/dolphin_project/official_click_features/segments/click_train_00007_start_196.215s_ici_60.0.wav
8,9,200.586901,200.863427,0.27652599999998984,200.566901,200.883427,0.3165260000000103,50.0,click_train_00008_start_200.587s_ici_50.0.wav,/Users/nfot413/dolphin_project/official_click_features/segments/click_train_00008_start_200.587s_ici_50.0.wav
9,10,203.613563,203.657932,0.044368999999989,203.593563,203.677932,0.08436900000000946,10.0,click_train_00009_start_203.614s_ici_10.0.wav,/Users/nfot413/dolphin_project/official_click_features/segments/click_train_00009_start_203.614s_ici_10.0.wav
10,11,203.687094,203.775833,0.0887390000000039,203.667094,203.79583300000002,0.12873900000002436,10.0,click_train_00010_start_203.687s_ici_10.0.wav,/Users/nfot413/dolphin_project/official_click_features/segments/click_train_00010_start_203.687s_ici_10.0.wav
11,12,206.110349,206.403969,0.2936199999999758,206.090349,206.423969,0.33361999999999625,40.0,click_train_00011_start_206.110s_ici_40.0.wav,/Users/nfot413/dolphin_project/official_click_features/segments/click_train_00011_start_206.110s_ici_40.0.wav
12,13,206.590891,206.616594,0.025702999999992926,206.570891,206.636594,0.06570300000001339,5.0,click_train_00012_start_206.591s_ici_5.0.wav,/Users/nfot413/dolphin_project/official_click_features/segments/click_train_00012_start_206.591s_ici_5.0.wav
13,14,217.838375,217.876708,0.0383329999999944,217.818375,217.89670800000002,0.07833300000001486,5.0,click_train_00013_start_217.838s_ici_5.0.wav,/Users/nfot413/dolphin_project/official_click_features/segments/click_train_00013_start_217.838s_ici_5.0.wav
14,15,222.782313,223.889167,1.1068539999999985,222.76231299999998,223.909167,1.146854000000019,105.0,click_train_00014_start_222.782s_ici_105.0.wav,/Users/nfot413/dolphin_project/official_click_features/segments/click_train_00014_start_222.782s_ici_105.0.wav
15,16,227.132099,227.678896,0.546796999999998,227.112099,227.69889600000002,0.5867970000000184,70.0,click_train_00015_start_227.132s_ici_70.0.wav,/Users/nfot413/dolphin_project/official_click_features/segments/click_train_00015_start_227.132s_ici_70.0.wav
16,17,229.167771,229.281484,0.11371300000001838,229.14777099999998,229.30148400000002,0.15371300000003885,15.0,click_train_00016_start_229.168s_ici_15.0.wav,/Users/nfot413/dolphin_project/official_click_features/segments/click_train_00016_start_229.168s_ici_15.0.wav
17,18,229.312719,229.952307,0.6395880000000034,229.29271899999998,229.972307,0.6795880000000238,95.0,click_train_00017_start_229.313s_ici_95.0.wav,/Users/nfot413/dolphin_project/official_click_features/segments/click_train_00017_start_229.313s_ici_95.0.wav
18,19,230.684724,230.719557,0.03483300000002032,230.66472399999998,230.73955700000002,0.07483300000004078,5.0,click_train_00018_start_230.685s_ici_5.0.wav,/Users/nfot413/dolphin_project/official_click_features/segments/click_train_00018_start_230.685s_ici_5.0.wav
19,20,232.237146,232.997937,0.7607910000000118,232.21714599999999,233.01793700000002,0.8007910000000322,85.0,click_train_00019_start_232.237s_ici_85.0.wav,/Users/nfot413/dolphin_project/official_click_features/segments/click_train_00019_start_232.237s_ici_85.0.wav
20,21,233.734411,233.974865,0.24045399999999972,233.71441099999998,233.994865,0.2804540000000202,30.0,click_train_00020_start_233.734s_ici_30.0.wav,/Users/nfot413/dolphin_project/official_click_features/segments/click_train_00020_start_233.734s_ici_30.0.wav
21,22,235.636208,236.299911,0.6637029999999982,235.616208,236.31991100000002,0.7037030000000186,65.0,click_train_00021_start_235.636s_ici_65.0.wav,/Users/nfot413/dolphin_project/official_click_features/segments/click_train_00021_start_235.636s_ici_65.0.wav
22,23,236.707911,236.73426,0.026349000000010392,236.68791099999999,236.75426000000002,0.06634900000003086,5.0,click_train_00022_start_236.708s_ici_5.0.wav,/Users/nfot413/dolphin_project/official_click_features/segments/click_train_00022_start_236.708s_ici_5.0.wav
23,24,236.73426,236.951344,0.21708399999999983,236.71426,236.97134400000002,0.2570840000000203,30.0,click_train_00023_start_236.734s_ici_30.0.wav,/Users/nfot413/dolphin_project/official_click_features/segments/click_train_00023_start_236.734s_ici_30.0.wav
24,25,237.091083,237.209318,0.11823499999999854,237.071083,237.229318,0.158235000000019,20.0,click_train_00024_start_237.091s_ici_20.0.wav,/Users/nfot413/dolphin_project/official_click_features/segments/click_train_00024_start_237.091s_ici_20.0.wav
25,26,237.407557,237.503786,0.0962289999999939,237.387557,237.523786,0.13622900000001437,15.0,click_train_00025_start_237.408s_ici_15.0.wav,/Users/nfot413/dolphin_project/official_click_features/segments/click_train_00025_start_237.408s_ici_15.0.wav
26,27,241.189552,241.471479,0.28192699999999604,241.16955199999998,241.491479,0.3219270000000165,60.0,click_train_00026_start_241.190s_ici_60.0.wav,/Users/nfot413/dolphin_project/official_click_features/segments/click_train_00026_start_241.190s_ici_60.0.wav
27,28,242.206,242.808792,0.6027920000000222,242.18599999999998,242.82879200000002,0.6427920000000427,80.0,click_train_00027_start_242.206s_ici_80.0.wav,/Users/nfot413/dolphin_project/official_click_features/segments/click_train_00027_start_242.206s_ici_80.0.wav
28,29,243.029854,243.459609,0.4297550000000001,243.009854,243.479609,0.4697550000000206,55.0,click_train_00028_start_243.030s_ici_55.0.wav,/Users/nfot413/dolphin_project/official_click_features/segments/click_train_00028_start_243.030s_ici_55.0.wav
29,30,243.513807,243.816063,0.30225599999999986,243.493807,243.83606300000002,0.3422560000000203,65.0,click_train_00029_start_243.514s_ici_65.0.wav,/Users/nfot413/dolphin_project/official_click_features/segments/click_train_00029_start_243.514s_ici_65.0.wav
30,31,243.876813,244.169125,0.2923120000000097,243.856813,244.18912500000002,0.33231200000003014,65.0,click_train_00030_start_243.877s_ici_65.0.wav,/Users/nfot413/dolphin_project/official_click_features/segments/click_train_00030_start_243.877s_ici_65.0.wav
31,32,244.724943,245.416156,0.6912130000000047,244.704943,245.436156,0.7312130000000252,40.0,click_train_00031_start_244.725s_ici_40.0.wav,/Users/nfot413/dolphin_project/official_click_features/segments/click_train_00031_start_244.725s_ici_40.0.wav
32,33,245.416156,245.608917,0.1927609999999902,245.396156,245.628917,0.23276100000001065,20.0,click_train_00032_start_245.416s_ici_20.0.wav,/Users/nfot413/dolphin_project/official_click_features/segments/click_train_00032_start_245.416s_ici_20.0.wav
33,34,245.608917,245.964437,0.3555200000000127,245.58891699999998,245.984437,0.3955200000000332,55.0,click_train_00033_start_245.609s_ici_55.0.wav,/Users/nfot413/dolphin_project/official_click_features/segments/click_train_00033_start_245.609s_ici_55.0.wav
34,35,246.222568,246.302844,0.0802759999999978,246.20256799999999,246.322844,0.12027600000001826,20.0,click_train_00034_start_246.223s_ici_20.0.wav,/Users/nfot413/dolphin_project/official_click_features/segments/click_train_00034_start_246.223s_ici_20.0.wav
35,36,246.957156,247.265906,0.3087500000000034,246.937156,247.285906,0.3487500000000239,70.0,click_train_00035_start_246.957s_ici_70.0.wav,/Users/nfot413/dolphin_project/official_click_features/segments/click_train_00035_start_246.957s_ici_70.0.wav
36,37,247.322849,247.694042,0.3711930000000052,247.30284899999998,247.714042,0.4111930000000257,60.0,click_train_00036_start_247.323s_ici_60.0.wav,/Users/nfot413/dolphin_project/official_click_features/segments/click_train_00036_start_247.323s_ici_60.0.wav
37,38,247.78574,248.088333,0.30259300000000167,247.76574,248.10833300000002,0.34259300000002213,40.0,click_train_00037_start_247.786s_ici_40.0.wav,/Users/nfot413/dolphin_project/official_click_features/segments/click_train_00037_start_247.786s_ici_40.0.wav
38,39,248.126464,248.38649,0.2600260000000105,248.106464,248.40649000000002,0.300026000000031,40.0,click_train_00038_start_248.126s_ici_40.0.wav,/Users/nfot413/dolphin_project/official_click_features/segments/click_train_00038_start_248.126s_ici_40.0.wav
39,40,248.724354,248.909818,0.18546399999999608,248.704354,248.929818,0.22546400000001654,40.0,click_train_00039_start_248.724s_ici_40.0.wav,/Users/nfot413/dolphin_project/official_click_features/segments/click_train_00039_start_248.724s_ici_40.0.wav
40,41,249.07075,249.803568,0.7328180000000089,249.05075,249.82356800000002,0.7728180000000293,35.0,click_train_00040_start_249.071s_ici_35.0.wav,/Users/nfot413/dolphin_project/official_click_features/segments/click_train_00040_start_249.071s_ici_35.0.wav
41,42,249.845995,250.495594,0.6495990000000234,249.82599499999998,250.51559400000002,0.6895990000000438,45.0,click_train_00041_start_249.846s_ici_45.0.wav,/Users/nfot413/dolphin_project/official_click_features/segments/click_train_00041_start_249.846s_ici_45.0.wav
42,43,250.920677,251.205943,0.2852659999999787,250.900677,251.225943,0.32526599999999917,40.0,click_train_00042_start_250.921s_ici_40.0.wav,/Users/nfot413/dolphin_project/official_click_features/segments/click_train_00042_start_250.921s_ici_40.0.wav
43,44,251.502875,252.672005,1.169130000000024,251.48287499999998,252.69200500000002,1.2091300000000444,35.0,click_train_00043_start_251.503s_ici_35.0.wav,/Users/nfot413/dolphin_project/official_click_features/segments/click_train_00043_start_251.503s_ici_35.0.wav
44,45,254.107484,254.841812,0.734328000000005,254.087484,254.86181200000001,0.7743280000000254,25.0,click_train_00044_start_254.107s_ici_25.0.wav,/Users/nfot413/dolphin_project/official_click_features/segments/click_train_00044_start_254.107s_ici_25.0.wav
45,46,254.841812,255.364479,0.5226669999999842,254.821812,255.384479,0.5626670000000047,30.0,click_train_00045_start_254.842s_ici_30.0.wav,/Users/nfot413/dolphin_project/official_click_features/segments/click_train_00045_start_254.842s_ici_30.0.wav
46,47,255.379156,255.964385,0.5852289999999982,255.35915599999998,255.984385,0.6252290000000187,30.0,click_train_00046_start_255.379s_ici_30.0.wav,/Users/nfot413/dolphin_project/official_click_features/segments/click_train_00046_start_255.379s_ici_30.0.wav
47,48,255.990755,256.913609,0.922854000000001,255.970755,256.933609,0.962853999999993,20.0,click_train_00047_start_255.991s_ici_20.0.wav,/Users/nfot413/dolphin_project/official_click_features/segments/click_train_00047_start_255.991s_ici_20.0.wav
48,49,256.913609,264.173422,7.259813000000008,256.893609,264.193422,7.299812999999972,15.0,click_train_00048_start_256.914s_ici_15.0.wav,/Users/nfot413/dolphin_project/official_click_features/segments/click_train_00048_start_256.914s_ici_15.0.wav
49,50,264.252734,264.669943,0.41720900000001393,264.232734,264.68994299999997,0.45720899999997755,75.0,click_train_00049_start_264.253s_ici_75.0.wav,/Users/nfot413/dolphin_project/official_click_features/segments/click_train_00049_start_264.253s_ici_75.0.wav
50,51,265.282443,265.319516,0.037073000000020784,265.262443,265.339516,0.0770729999999844,5.0,click_train_00050_start_265.282s_ici_5.0.wav,/Users/nfot413/dolphin_project/official_click_features/segments/click_train_00050_start_265.282s_ici_5.0.wav
51,52,265.580234,265.627745,0.04751099999998587,265.56023400000004,265.647745,0.08751099999994949,10.0,click_train_00051_start_265.580s_ici_10.0.wav,/Users/nfot413/dolphin_project/official_click_features/segments/click_train_00051_start_265.580s_ici_10.0.wav
52,53,265.906896,265.971563,0.06466699999998582,265.88689600000004,265.991563,0.10466699999994944,10.0,click_train_00052_start_265.907s_ici_10.0.wav,/Users/nfot413/dolphin_project/official_click_features/segments/click_train_00052_start_265.907s_ici_10.0.wav
53,54,266.012964,266.262021,0.24905699999999342,265.99296400000003,266.282021,0.28905699999995704,40.0,click_train_00053_start_266.013s_ici_40.0.wav,/Users/nfot413/dolphin_project/official_click_features/segments/click_train_00053_start_266.013s_ici_40.0.wav
54,55,266.487047,266.709609,0.22256199999998216,266.46704700000004,266.729609,0.2625619999999458,45.0,click_train_00054_start_266.487s_ici_45.0.wav,/Users/nfot413/dolphin_project/official_click_features/segments/click_train_00054_start_266.487s_ici_45.0.wav
55,56,268.027042,268.367589,0.34054700000001503,268.007042,268.387589,0.38054699999997865,60.0,click_train_00055_start_268.027s_ici_60.0.wav,/Users/nfot413/dolphin_project/official_click_features/segments/click_train_00055_start_268.027s_ici_60.0.wav
56,57,270.310641,270.981938,0.6712970000000382,270.290641,271.001938,0.7112970000000018,70.0,click_train_00056_start_270.311s_ici_70.0.wav,/Users/nfot413/dolphin_project/official_click_features/segments/click_train_00056_start_270.311s_ici_70.0.wav
57,58,291.963281,292.301036,0.33775500000001557,291.943281,292.321036,0.3777549999999792,65.0,click_train_00057_start_291.963s_ici_65.0.wav,/Users/nfot413/dolphin_project/official_click_features/segments/click_train_00057_start_291.963s_ici_65.0.wav
58,59,308.849927,309.462214,0.6122870000000376,308.829927,309.482214,0.6522870000000012,125.0,click_train_00058_start_308.850s_ici_125.0.wav,/Users/nfot413/dolphin_project/official_click_features/segments/click_train_00058_start_308.850s_ici_125.0.wav
59,60,311.847719,312.38588,0.5381610000000023,311.827719,312.40587999999997,0.578160999999966,80.0,click_train_00059_start_311.848s_ici_80.0.wav,/Users/nfot413/dolphin_project/official_click_features/segments/click_train_00059_start_311.848s_ici_80.0.wav
60,61,317.616568,318.540167,0.9235990000000243,317.596568,318.560167,0.9635989999999879,75.0,click_train_00060_start_317.617s_ici_75.0.wav,/Users/nfot413/dolphin_project/official_click_features/segments/click_train_00060_start_317.617s_ici_75.0.wav
61,62,328.938656,329.914083,0.9754270000000247,328.918656,329.934083,1.0154269999999883,200.0,click_train_00061_start_328.939s_ici_200.0.wav,/Users/nfot413/dolphin_project/official_click_features/segments/click_train_00061_start_328.939s_ici_200.0.wav
62,63,331.762635,331.991448,0.22881300000000238,331.742635,332.011448,0.268812999999966,50.0,click_train_00062_start_331.763s_ici_50.0.wav,/Users/nfot413/dolphin_project/official_click_features/segments/click_train_00062_start_331.763s_ici_50.0.wav
63,64,332.775818,333.272792,0.49697399999996605,332.75581800000003,333.29279199999996,0.5369739999999297,100.0,click_train_00063_start_332.776s_ici_100.0.wav,/Users/nfot413/dolphin_project/official_click_features/segments/click_train_00063_start_332.776s_ici_100.0.wav
64,65,342.543333,343.090328,0.5469949999999812,342.52333300000004,343.110328,0.5869949999999449,110.0,click_train_00064_start_342.543s_ici_110.0.wav,/Users/nfot413/dolphin_project/official_click_features/segments/click_train_00064_start_342.543s_ici_110.0.wav
65,66,349.536797,350.101297,0.5645000000000095,349.516797,350.12129699999997,0.6044999999999732,75.0,click_train_00065_start_349.537s_ici_75.0.wav,/Users/nfot413/dolphin_project/official_click_features/segments/click_train_00065_start_349.537s_ici_75.0.wav
66,67,351.604339,352.345172,0.7408330000000092,351.584339,352.365172,0.7808329999999728,125.0,click_train_00066_start_351.604s_ici_125.0.wav,/Users/nfot413/dolphin_project/official_click_features/segments/click_train_00066_start_351.604s_ici_125.0.wav
67,68,352.345172,353.036844,0.6916719999999827,352.325172,353.05684399999996,0.7316719999999464,100.0,click_train_00067_start_352.345s_ici_100.0.wav,/Users/nfot413/dolphin_project/official_click_features/segments/click_train_00067_start_352.345s_ici_100.0.wav
68,69,354.324682,356.127708,1.8030259999999885,354.304682,356.14770799999997,1.843025999999952,30.0,click_train_00068_start_354.325s_ici_30.0.wav,/Users/nfot413/dolphin_project/official_click_features/segments/click_train_00068_start_354.325s_ici_30.0.wav
69,70,356.127708,359.201474,3.0737660000000346,356.107708,359.221474,3.1137659999999983,15.0,click_train_00069_start_356.128s_ici_15.0.wav,/Users/nfot413/dolphin_project/official_click_features/segments/click_train_00069_start_356.128s_ici_15.0.wav
70,71,359.380781,359.798,0.4172189999999887,359.36078100000003,359.818,0.4572189999999523,85.0,click_train_00070_start_359.381s_ici_85.0.wav,/Users/nfot413/dolphin_project/official_click_features/segments/click_train_00070_start_359.381s_ici_85.0.wav
71,72,360.226568,360.348266,0.12169800000003761,360.206568,360.368266,0.16169800000000123,25.0,click_train_00071_start_360.227s_ici_25.0.wav,/Users/nfot413/dolphin_project/official_click_features/segments/click_train_00071_start_360.227s_ici_25.0.wav
72,73,360.348266,363.309438,2.9611719999999764,360.32826600000004,363.329438,3.00117199999994,10.0,click_train_00072_start_360.348s_ici_10.0.wav,/Users/nfot413/dolphin_project/official_click_features/segments/click_train_00072_start_360.348s_ici_10.0.wav
73,74,366.270292,366.702016,0.4317240000000311,366.250292,366.722016,0.4717239999999947,90.0,click_train_00073_start_366.270s_ici_90.0.wav,/Users/nfot413/dolphin_project/official_click_features/segments/click_train_00073_start_366.270s_ici_90.0.wav
74,75,366.732849,367.06288,0.3300310000000195,366.712849,367.08288,0.3700309999999831,70.0,click_train_00074_start_366.733s_ici_70.0.wav,/Users/nfot413/dolphin_project/official_click_features/segments/click_train_00074_start_366.733s_ici_70.0.wav
75,76,377.028063,377.462266,0.434203000000025,377.008063,377.482266,0.4742029999999886,90.0,click_train_00075_start_377.028s_ici_90.0.wav,/Users/nfot413/dolphin_project/official_click_features/segments/click_train_00075_start_377.028s_ici_90.0.wav
76,77,382.779583,383.330729,0.551146000000017,382.759583,383.350729,0.5911459999999806,80.0,click_train_00076_start_382.780s_ici_80.0.wav,/Users/nfot413/dolphin_project/official_click_features/segments/click_train_00076_start_382.780s_ici_80.0.wav
77,78,383.418984,383.850594,0.43160999999997784,383.39898400000004,383.870594,0.47160999999994146,90.0,click_train_00077_start_383.419s_ici_90.0.wav,/Users/nfot413/dolphin_project/official_click_features/segments/click_train_00077_start_383.419s_ici_90.0.wav
78,79,386.272943,387.216224,0.9432810000000131,386.252943,387.236224,0.9832809999999768,80.0,click_train_00078_start_386.273s_ici_80.0.wav,/Users/nfot413/dolphin_project/official_click_features/segments/click_train_00078_start_386.273s_ici_80.0.wav
79,80,389.229958,389.412479,0.18252100000000837,389.20995800000003,389.432479,0.222520999999972,40.0,click_train_00079_start_389.230s_ici_40.0.wav,/Users/nfot413/dolphin_project/official_click_features/segments/click_train_00079_start_389.230s_ici_40.0.wav
80,81,394.104974,394.729,0.624025999999958,394.08497400000005,394.74899999999997,0.6640259999999216,45.0,click_train_00080_start_394.105s_ici_45.0.wav,/Users/nfot413/dolphin_project/official_click_features/segments/click_train_00080_start_394.105s_ici_45.0.wav
81,82,394.757484,395.136568,0.3790840000000344,394.737484,395.156568,0.419083999999998,65.0,click_train_00081_start_394.757s_ici_65.0.wav,/Users/nfot413/dolphin_project/official_click_features/segments/click_train_00081_start_394.757s_ici_65.0.wav
82,83,395.199042,395.893125,0.6940829999999778,395.17904200000004,395.913125,0.7340829999999414,65.0,click_train_00082_start_395.199s_ici_65.0.wav,/Users/nfot413/dolphin_project/official_click_features/segments/click_train_00082_start_395.199s_ici_65.0.wav
83,84,401.881,403.129422,1.248422000000005,401.861,403.14942199999996,1.2884219999999686,45.0,click_train_00083_start_401.881s_ici_45.0.wav,/Users/nfot413/dolphin_project/official_click_features/segments/click_train_00083_start_401.881s_ici_45.0.wav
84,85,428.75263,428.887813,0.13518299999998362,428.73263000000003,428.907813,0.17518299999994724,10.0,click_train_00084_start_428.753s_ici_10.0.wav,/Users/nfot413/dolphin_project/official_click_features/segments/click_train_00084_start_428.753s_ici_10.0.wav
85,86,431.427786,431.587266,0.15947999999997364,431.40778600000004,431.607266,0.19947999999993726,15.0,click_train_00085_start_431.428s_ici_15.0.wav,/Users/nfot413/dolphin_project/official_click_features/segments/click_train_00085_start_431.428s_ici_15.0.wav
86,87,432.177385,432.383583,0.20619799999997213,432.15738500000003,432.40358299999997,0.24619799999993575,35.0,click_train_00086_start_432.177s_ici_35.0.wav,/Users/nfot413/dolphin_project/official_click_features/segments/click_train_00086_start_432.177s_ici_35.0.wav
87,88,432.383583,432.819437,0.4358540000000062,432.363583,432.839437,0.4758539999999698,50.0,click_train_00087_start_432.384s_ici_50.0.wav,/Users/nfot413/dolphin_project/official_click_features/segments/click_train_00087_start_432.384s_ici_50.0.wav
88,89,433.484198,433.675271,0.19107300000001715,433.464198,433.695271,0.23107299999998077,30.0,click_train_00088_start_433.484s_ici_30.0.wav,/Users/nfot413/dolphin_project/official_click_features/segments/click_train_00088_start_433.484s_ici_30.0.wav
89,90,433.675271,433.841474,0.16620299999999588,433.655271,433.861474,0.2062029999999595,20.0,click_train_00089_start_433.675s_ici_20.0.wav,/Users/nfot413/dolphin_project/official_click_features/segments/click_train_00089_start_433.675s_ici_20.0.wav
90,91,434.370688,434.792531,0.42184300000002395,434.350688,434.812531,0.46184299999998757,85.0,click_train_00090_start_434.371s_ici_85.0.wav,/Users/nfot413/dolphin_project/official_click_features/segments/click_train_00090_start_434.371s_ici_85.0.wav
91,92,435.027495,435.406224,0.3787290000000212,435.007495,435.426224,0.4187289999999848,80.0,click_train_00091_start_435.027s_ici_80.0.wav,/Users/nfot413/dolphin_project/official_click_features/segments/click_train_00091_start_435.027s_ici_80.0.wav
92,93,435.493818,435.967167,0.47334900000004154,435.473818,435.987167,0.5133490000000052,85.0,click_train_00092_start_435.494s_ici_85.0.wav,/Users/nfot413/dolphin_project/official_click_features/segments/click_train_00092_start_435.494s_ici_85.0.wav
93,94,437.293297,437.445724,0.15242699999998877,437.273297,437.46572399999997,0.1924269999999524,30.0,click_train_00093_start_437.293s_ici_30.0.wav,/Users/nfot413/dolphin_project/official_click_features/segments/click_train_00093_start_437.293s_ici_30.0.wav
94,95,438.359385,438.447786,0.08840100000003304,438.339385,438.467786,0.12840099999999666,20.0,click_train_00094_start_438.359s_ici_20.0.wav,/Users/nfot413/dolphin_project/official_click_features/segments/click_train_00094_start_438.359s_ici_20.0.wav
95,96,439.475568,439.708807,0.2332389999999691,439.455568,439.72880699999996,0.27323899999993273,25.0,click_train_00095_start_439.476s_ici_25.0.wav,/Users/nfot413/dolphin_project/official_click_features/segments/click_train_00095_start_439.476s_ici_25.0.wav
96,97,440.682104,440.896521,0.21441700000002584,440.662104,440.916521,0.25441699999998946,40.0,click_train_00096_start_440.682s_ici_40.0.wav,/Users/nfot413/dolphin_project/official_click_features/segments/click_train_00096_start_440.682s_ici_40.0.wav
97,98,443.840156,444.026042,0.18588600000003908,443.820156,444.046042,0.2258860000000027,30.0,click_train_00097_start_443.840s_ici_30.0.wav,/Users/nfot413/dolphin_project/official_click_features/segments/click_train_00097_start_443.840s_ici_30.0.wav
98,99,445.367089,445.563521,0.19643199999995886,445.34708900000004,445.58352099999996,0.23643199999992248,40.0,click_train_00098_start_445.367s_ici_40.0.wav,/Users/nfot413/dolphin_project/official_click_features/segments/click_train_00098_start_445.367s_ici_40.0.wav
99,100,445.81374,446.075443,0.26170300000001134,445.79374,446.095443,0.30170299999997496,35.0,click_train_00099_start_445.814s_ici_35.0.wav,/Users/nfot413/dolphin_project/official_click_features/segments/click_train_00099_start_445.814s_ici_35.0.wav
100,101,446.594599,446.984734,0.3901349999999866,446.57459900000003,447.004734,0.4301349999999502,80.0,click_train_00100_start_446.595s_ici_80.0.wav,/Users/nfot413/dolphin_project/official_click_features/segments/click_train_00100_start_446.595s_ici_80.0.wav
101,102,448.388583,448.670365,0.28178200000002107,448.368583,448.690365,0.3217819999999847,40.0,click_train_00101_start_448.389s_ici_40.0.wav,/Users/nfot413/dolphin_project/official_click_features/segments/click_train_00101_start_448.389s_ici_40.0.wav
102,103,449.191911,449.409589,0.21767799999997806,449.171911,449.42958899999996,0.2576779999999417,40.0,click_train_00102_start_449.192s_ici_40.0.wav,/Users/nfot413/dolphin_project/official_click_features/segments/click_train_00102_start_449.192s_ici_40.0.wav
103,104,449.443943,449.741854,0.29791099999999915,449.423943,449.76185399999997,0.33791099999996277,35.0,click_train_00103_start_449.444s_ici_35.0.wav,/Users/nfot413/dolphin_project/official_click_features/segments/click_train_00103_start_449.444s_ici_35.0.wav
104,105,450.087708,450.446604,0.3588959999999588,450.06770800000004,450.46660399999996,0.3988959999999224,40.0,click_train_00104_start_450.088s_ici_40.0.wav,/Users/nfot413/dolphin_project/official_click_features/segments/click_train_00104_start_450.088s_ici_40.0.wav
105,106,450.588078,450.791313,0.2032350000000065,450.568078,450.811313,0.24323499999997011,25.0,click_train_00105_start_450.588s_ici_25.0.wav,/Users/nfot413/dolphin_project/official_click_features/segments/click_train_00105_start_450.588s_ici_25.0.wav
106,107,450.791313,451.011526,0.2202130000000011,450.771313,451.031526,0.2602129999999647,40.0,click_train_00106_start_450.791s_ici_40.0.wav,/Users/nfot413/dolphin_project/official_click_features/segments/click_train_00106_start_450.791s_ici_40.0.wav
107,108,451.011526,451.137365,0.12583899999998494,450.991526,451.15736499999997,0.16583899999994856,15.0,click_train_00107_start_451.012s_ici_15.0.wav,/Users/nfot413/dolphin_project/official_click_features/segments/click_train_00107_start_451.012s_ici_15.0.wav
108,109,451.285198,452.028328,0.7431300000000078,451.265198,452.04832799999997,0.7831299999999715,25.0,click_train_00108_start_451.285s_ici_25.0.wav,/Users/nfot413/dolphin_project/official_click_features/segments/click_train_00108_start_451.285s_ici_25.0.wav
109,110,452.048016,452.459323,0.41130699999996523,452.02801600000004,452.47932299999997,0.45130699999992885,30.0,click_train_00109_start_452.048s_ici_30.0.wav,/Users/nfot413/dolphin_project/official_click_features/segments/click_train_00109_start_452.048s_ici_30.0.wav
110,111,452.489786,453.41774,0.9279539999999997,452.469786,453.43773999999996,0.9679539999999633,35.0,click_train_00110_start_452.490s_ici_35.0.wav,/Users/nfot413/dolphin_project/official_click_features/segments/click_train_00110_start_452.490s_ici_35.0.wav
111,112,453.449521,453.676375,0.226854000000003,453.429521,453.696375,0.2668539999999666,30.0,click_train_00111_start_453.450s_ici_30.0.wav,/Users/nfot413/dolphin_project/official_click_features/segments/click_train_00111_start_453.450s_ici_30.0.wav
112,113,453.701677,453.848031,0.1463539999999739,453.68167700000004,453.868031,0.18635399999993751,30.0,click_train_00112_start_453.702s_ici_30.0.wav,/Users/nfot413/dolphin_project/official_click_features/segments/click_train_00112_start_453.702s_ici_30.0.wav
113,114,453.871693,457.942271,4.070578000000012,453.851693,457.962271,4.110577999999975,15.0,click_train_00113_start_453.872s_ici_15.0.wav,/Users/nfot413/dolphin_project/official_click_features/segments/click_train_00113_start_453.872s_ici_15.0.wav
114,115,458.403401,460.386953,1.9835520000000315,458.383401,460.406953,2.023551999999995,10.0,click_train_00114_start_458.403s_ici_10.0.wav,/Users/nfot413/dolphin_project/official_click_features/segments/click_train_00114_start_458.403s_ici_10.0.wav
115,116,460.804552,461.299312,0.4947599999999852,460.784552,461.31931199999997,0.5347599999999488,85.0,click_train_00115_start_460.805s_ici_85.0.wav,/Users/nfot413/dolphin_project/official_click_features/segments/click_train_00115_start_460.805s_ici_85.0.wav
116,117,461.299312,461.553818,0.2545059999999921,461.279312,461.57381799999996,0.29450599999995575,45.0,click_train_00116_start_461.299s_ici_45.0.wav,/Users/nfot413/dolphin_project/official_click_features/segments/click_train_00116_start_461.299s_ici_45.0.wav
117,118,462.056089,462.345849,0.28976000000000113,462.036089,462.36584899999997,0.32975999999996475,50.0,click_train_00117_start_462.056s_ici_50.0.wav,/Users/nfot413/dolphin_project/official_click_features/segments/click_train_00117_start_462.056s_ici_50.0.wav
118,119,462.706589,463.034339,0.32774999999998045,462.686589,463.05433899999997,0.36774999999994407,55.0,click_train_00118_start_462.707s_ici_55.0.wav,/Users/nfot413/dolphin_project/official_click_features/segments/click_train_00118_start_462.707s_ici_55.0.wav
119,120,463.034339,463.703172,0.6688330000000065,463.014339,463.723172,0.7088329999999701,15.0,click_train_00119_start_463.034s_ici_15.0.wav,/Users/nfot413/dolphin_project/official_click_features/segments/click_train_00119_start_463.034s_ici_15.0.wav
120,121,465.275318,465.564328,0.289009999999962,465.25531800000005,465.58432799999997,0.32900999999992564,30.0,click_train_00120_start_465.275s_ici_30.0.wav,/Users/nfot413/dolphin_project/official_click_features/segments/click_train_00120_start_465.275s_ici_30.0.wav
121,122,479.274042,480.0,0.7259579999999914,479.254042,480.02,0.7659579999999551,90.0,click_train_00121_start_479.274s_ici_90.0.wav,/Users/nfot413/dolphin_project/official_click_features/segments/click_train_00121_start_479.274s_ici_90.0.wav
122,123,483.159729,483.742344,0.5826149999999757,483.13972900000005,483.762344,0.6226149999999393,65.0,click_train_00122_start_483.160s_ici_65.0.wav,/Users/nfot413/dolphin_project/official_click_features/segments/click_train_00122_start_483.160s_ici_65.0.wav
123,124,488.99576,489.444589,0.44882899999998926,488.97576000000004,489.464589,0.4888289999999529,90.0,click_train_00123_start_488.996s_ici_90.0.wav,/Users/nfot413/dolphin_project/official_click_features/segments/click_train_00123_start_488.996s_ici_90.0.wav
124,125,506.845943,507.165807,0.3198639999999955,506.825943,507.18580699999995,0.3598639999999591,65.0,click_train_00124_start_506.846s_ici_65.0.wav,/Users/nfot413/dolphin_project/official_click_features/segments/click_train_00124_start_506.846s_ici_65.0.wav
125,126,529.385323,529.423214,0.03789100000005874,529.365323,529.443214,0.07789100000002236,5.0,click_train_00125_start_529.385s_ici_5.0.wav,/Users/nfot413/dolphin_project/official_click_features/segments/click_train_00125_start_529.385s_ici_5.0.wav
126,127,529.423214,529.496443,0.07322899999996935,529.403214,529.516443,0.11322899999993297,10.0,click_train_00126_start_529.423s_ici_10.0.wav,/Users/nfot413/dolphin_project/official_click_features/segments/click_train_00126_start_529.423s_ici_10.0.wav
127,128,560.532766,560.632479,0.09971299999995153,560.512766,560.652479,0.13971299999991516,20.0,click_train_00127_start_560.533s_ici_20.0.wav,/Users/nfot413/dolphin_project/official_click_features/segments/click_train_00127_start_560.533s_ici_20.0.wav
128,129,580.916812,580.968484,0.051671999999939544,580.8968120000001,580.988484,0.09167199999990316,10.0,click_train_00128_start_580.917s_ici_10.0.wav,/Users/nfot413/dolphin_project/official_click_features/segments/click_train_00128_start_580.917s_ici_10.0.wav
129,130,590.916828,590.955646,0.038817999999992026,590.896828,590.975646,0.07881799999995565,5.0,click_train_00129_start_590.917s_ici_5.0.wav,/Users/nfot413/dolphin_project/official_click_features/segments/click_train_00129_start_590.917s_ici_5.0.wav
130,131,593.454521,593.701062,0.24654099999997925,593.434521,593.721062,0.28654099999994287,40.0,click_train_00130_start_593.455s_ici_40.0.wav,/Users/nfot413/dolphin_project/official_click_features/segments/click_train_00130_start_593.455s_ici_40.0.wav
131,132,593.760901,593.878182,0.11728100000004815,593.740901,593.898182,0.15728100000001177,25.0,click_train_00131_start_593.761s_ici_25.0.wav,/Users/nfot413/dolphin_project/official_click_features/segments/click_train_00131_start_593.761s_ici_25.0.wav
132,133,598.597245,599.262297,0.665051999999946,598.5772450000001,599.282297,0.7050519999999096,45.0,click_train_00132_start_598.597s_ici_45.0.wav,/Users/nfot413/dolphin_project/official_click_features/segments/click_train_00132_start_598.597s_ici_45.0.wav
133,134,619.237333,619.766224,0.5288909999999305,619.217333,619.786224,0.5688909999998941,60.0,click_train_00133_start_619.237s_ici_60.0.wav,/Users/nfot413/dolphin_project/official_click_features/segments/click_train_00133_start_619.237s_ici_60.0.wav
134,135,620.565208,620.913307,0.34809900000004745,620.545208,620.933307,0.3880990000000111,70.0,click_train_00134_start_620.565s_ici_70.0.wav,/Users/nfot413/dolphin_project/official_click_features/segments/click_train_00134_start_620.565s_ici_70.0.wav
135,136,620.913307,621.085365,0.17205799999999272,620.893307,621.105365,0.21205799999995634,35.0,click_train_00135_start_620.913s_ici_35.0.wav,/Users/nfot413/dolphin_project/official_click_features/segments/click_train_00135_start_620.913s_ici_35.0.wav
136,137,622.060844,622.253042,0.1921980000000758,622.040844,622.273042,0.23219800000003943,30.0,click_train_00136_start_622.061s_ici_30.0.wav,/Users/nfot413/dolphin_project/official_click_features/segments/click_train_00136_start_622.061s_ici_30.0.wav
137,138,622.253042,622.691948,0.4389059999999745,622.2330420000001,622.711948,0.4789059999999381,65.0,click_train_00137_start_622.253s_ici_65.0.wav,/Users/nfot413/dolphin_project/official_click_features/segments/click_train_00137_start_622.253s_ici_65.0.wav
138,139,633.889474,634.413427,0.5239530000000059,633.869474,634.4334269999999,0.5639529999999695,40.0,click_train_00138_start_633.889s_ici_40.0.wav,/Users/nfot413/dolphin_project/official_click_features/segments/click_train_00138_start_633.889s_ici_40.0.wav
139,140,634.413427,635.102031,0.6886040000000548,634.393427,635.122031,0.7286040000000185,100.0,click_train_00139_start_634.413s_ici_100.0.wav,/Users/nfot413/dolphin_project/official_click_features/segments/click_train_00139_start_634.413s_ici_100.0.wav
140,141,637.468729,638.1635,0.6947709999999461,637.4487290000001,638.1835,0.7347709999999097,120.0,click_train_00140_start_637.469s_ici_120.0.wav,/Users/nfot413/dolphin_project/official_click_features/segments/click_train_00140_start_637.469s_ici_120.0.wav
141,142,650.195516,650.81224,0.6167239999999765,650.175516,650.83224,0.6567239999999401,105.0,click_train_00141_start_650.196s_ici_105.0.wav,/Users/nfot413/dolphin_project/official_click_features/segments/click_train_00141_start_650.196s_ici_105.0.wav
142,143,652.981323,653.31712,0.3357970000000705,652.961323,653.33712,0.37579700000003413,50.0,click_train_00142_start_652.981s_ici_50.0.wav,/Users/nfot413/dolphin_project/official_click_features/segments/click_train_00142_start_652.981s_ici_50.0.wav
143,144,654.160625,654.368875,0.20825000000002092,654.140625,654.388875,0.24824999999998454,35.0,click_train_00143_start_654.161s_ici_35.0.wav,/Users/nfot413/dolphin_project/official_click_features/segments/click_train_00143_start_654.161s_ici_35.0.wav
144,145,654.368875,655.756495,1.3876199999999699,654.348875,655.776495,1.4276199999999335,70.0,click_train_00144_start_654.369s_ici_70.0.wav,/Users/nfot413/dolphin_project/official_click_features/segments/click_train_00144_start_654.369s_ici_70.0.wav
145,146,656.153266,656.434896,0.2816299999999501,656.133266,656.454896,0.3216299999999137,60.0,click_train_00145_start_656.153s_ici_60.0.wav,/Users/nfot413/dolphin_project/official_click_features/segments/click_train_00145_start_656.153s_ici_60.0.wav
146,147,656.577708,657.028797,0.4510890000000245,656.557708,657.048797,0.4910889999999881,40.0,click_train_00146_start_656.578s_ici_40.0.wav,/Users/nfot413/dolphin_project/official_click_features/segments/click_train_00146_start_656.578s_ici_40.0.wav
147,148,688.304042,689.636083,1.3320410000000038,688.284042,689.656083,1.3720409999999674,80.0,click_train_00147_start_688.304s_ici_80.0.wav,/Users/nfot413/dolphin_project/official_click_features/segments/click_train_00147_start_688.304s_ici_80.0.wav
148,149,689.768563,690.47774,0.7091770000000679,689.748563,690.49774,0.7491770000000315,75.0,click_train_00148_start_689.769s_ici_75.0.wav,/Users/nfot413/dolphin_project/official_click_features/segments/click_train_00148_start_689.769s_ici_75.0.wav
149,150,690.854635,691.643313,0.7886780000000044,690.834635,691.663313,0.828677999999968,70.0,click_train_00149_start_690.855s_ici_70.0.wav,/Users/nfot413/dolphin_project/official_click_features/segments/click_train_00149_start_690.855s_ici_70.0.wav
150,151,691.738214,692.385438,0.6472240000000511,691.718214,692.405438,0.6872240000000147,95.0,click_train_00150_start_691.738s_ici_95.0.wav,/Users/nfot413/dolphin_project/official_click_features/segments/click_train_00150_start_691.738s_ici_95.0.wav
151,152,692.597318,692.912958,0.31564000000003034,692.577318,692.932958,0.35563999999999396,65.0,click_train_00151_start_692.597s_ici_65.0.wav,/Users/nfot413/dolphin_project/official_click_features/segments/click_train_00151_start_692.597s_ici_65.0.wav
152,153,693.380292,693.549016,0.16872399999999743,693.3602920000001,693.569016,0.20872399999996105,30.0,click_train_00152_start_693.380s_ici_30.0.wav,/Users/nfot413/dolphin_project/official_click_features/segments/click_train_00152_start_693.380s_ici_30.0.wav
153,154,693.594453,695.011516,1.4170629999999846,693.5744530000001,695.031516,1.4570629999999483,40.0,click_train_00153_start_693.594s_ici_40.0.wav,/Users/nfot413/dolphin_project/official_click_features/segments/click_train_00153_start_693.594s_ici_40.0.wav
154,155,695.204411,696.445104,1.2406929999999647,695.1844110000001,696.465104,1.2806929999999284,20.0,click_train_00154_start_695.204s_ici_20.0.wav,/Users/nfot413/dolphin_project/official_click_features/segments/click_train_00154_start_695.204s_ici_20.0.wav
155,156,696.464776,698.614948,2.1501719999999978,696.444776,698.634948,2.1901719999999614,10.0,click_train_00155_start_696.465s_ici_10.0.wav,/Users/nfot413/dolphin_project/official_click_features/segments/click_train_00155_start_696.465s_ici_10.0.wav
156,157,698.666156,699.309703,0.6435470000000123,698.646156,699.329703,0.6835469999999759,40.0,click_train_00156_start_698.666s_ici_40.0.wav,/Users/nfot413/dolphin_project/official_click_features/segments/click_train_00156_start_698.666s_ici_40.0.wav
157,158,699.344104,699.881036,0.5369319999999789,699.324104,699.901036,0.5769319999999425,35.0,click_train_00157_start_699.344s_ici_35.0.wav,/Users/nfot413/dolphin_project/official_click_features/segments/click_train_00157_start_699.344s_ici_35.0.wav
158,159,699.881036,702.112755,2.2317189999999982,699.861036,702.132755,2.271718999999962,10.0,click_train_00158_start_699.881s_ici_10.0.wav,/Users/nfot413/dolphin_project/official_click_features/segments/click_train_00158_start_699.881s_ici_10.0.wav
159,160,709.778354,710.380422,0.6020679999999174,709.758354,710.4004219999999,0.6420679999998811,75.0,click_train_00159_start_709.778s_ici_75.0.wav,/Users/nfot413/dolphin_project/official_click_features/segments/click_train_00159_start_709.778s_ici_75.0.wav
160,161,710.572599,710.713203,0.14060400000005302,710.552599,710.733203,0.18060400000001664,25.0,click_train_00160_start_710.573s_ici_25.0.wav,/Users/nfot413/dolphin_project/official_click_features/segments/click_train_00160_start_710.573s_ici_25.0.wav
161,162,710.713203,711.409453,0.6962499999999636,710.693203,711.429453,0.7362499999999272,10.0,click_train_00161_start_710.713s_ici_10.0.wav,/Users/nfot413/dolphin_project/official_click_features/segments/click_train_00161_start_710.713s_ici_10.0.wav
162,163,711.433464,712.226724,0.793260000000032,711.413464,712.246724,0.8332599999999957,75.0,click_train_00162_start_711.433s_ici_75.0.wav,/Users/nfot413/dolphin_project/official_click_features/segments/click_train_00162_start_711.433s_ici_75.0.wav
163,164,712.226724,712.857646,0.630922000000055,712.206724,712.877646,0.6709220000000187,25.0,click_train_00163_start_712.227s_ici_25.0.wav,/Users/nfot413/dolphin_project/official_click_features/segments/click_train_00163_start_712.227s_ici_25.0.wav
164,165,713.700641,713.94813,0.2474889999999732,713.680641,713.96813,0.2874889999999368,30.0,click_train_00164_start_713.701s_ici_30.0.wav,/Users/nfot413/dolphin_project/official_click_features/segments/click_train_00164_start_713.701s_ici_30.0.wav
165,166,737.515417,738.052417,0.5370000000000346,737.495417,738.072417,0.5769999999999982,55.0,click_train_00165_start_737.515s_ici_55.0.wav,/Users/nfot413/dolphin_project/official_click_features/segments/click_train_00165_start_737.515s_ici_55.0.wav
166,167,738.506391,739.28462,0.7782290000000103,738.486391,739.30462,0.8182289999999739,100.0,click_train_00166_start_738.506s_ici_100.0.wav,/Users/nfot413/dolphin_project/official_click_features/segments/click_train_00166_start_738.506s_ici_100.0.wav
167,168,778.213661,779.054391,0.8407300000000077,778.193661,779.074391,0.8807299999999714,95.0,click_train_00167_start_778.214s_ici_95.0.wav,/Users/nfot413/dolphin_project/official_click_features/segments/click_train_00167_start_778.214s_ici_95.0.wav
168,169,791.12499,791.231516,0.10652600000003076,791.10499,791.251516,0.14652599999999438,20.0,click_train_00168_start_791.125s_ici_20.0.wav,/Users/nfot413/dolphin_project/official_click_features/segments/click_train_00168_start_791.125s_ici_20.0.wav
169,170,809.938437,810.265313,0.3268759999999702,809.918437,810.285313,0.3668759999999338,45.0,click_train_00169_start_809.938s_ici_45.0.wav,/Users/nfot413/dolphin_project/official_click_features/segments/click_train_00169_start_809.938s_ici_45.0.wav
170,171,823.743203,823.899057,0.15585399999997662,823.723203,823.919057,0.19585399999994024,35.0,click_train_00170_start_823.743s_ici_35.0.wav,/Users/nfot413/dolphin_project/official_click_features/segments/click_train_00170_start_823.743s_ici_35.0.wav
171,172,831.892021,832.354646,0.46262500000000273,831.872021,832.374646,0.5026249999999663,80.0,click_train_00171_start_831.892s_ici_80.0.wav,/Users/nfot413/dolphin_project/official_click_features/segments/click_train_00171_start_831.892s_ici_80.0.wav
172,173,835.096479,835.203583,0.1071039999999357,835.0764790000001,835.223583,0.14710399999989932,20.0,click_train_00172_start_835.096s_ici_20.0.wav,/Users/nfot413/dolphin_project/official_click_features/segments/click_train_00172_start_835.096s_ici_20.0.wav
173,174,836.218214,836.618542,0.40032800000005864,836.198214,836.638542,0.44032800000002226,85.0,click_train_00173_start_836.218s_ici_85.0.wav,/Users/nfot413/dolphin_project/official_click_features/segments/click_train_00173_start_836.218s_ici_85.0.wav
174,175,843.388068,843.443068,0.055000000000063665,843.368068,843.463068,0.09500000000002728,5.0,click_train_00174_start_843.388s_ici_5.0.wav,/Users/nfot413/dolphin_project/official_click_features/segments/click_train_00174_start_843.388s_ici_5.0.wav
175,176,854.803703,854.926813,0.12310999999999694,854.7837030000001,854.946813,0.16310999999996056,10.0,click_train_00175_start_854.804s_ici_10.0.wav,/Users/nfot413/dolphin_project/official_click_features/segments/click_train_00175_start_854.804s_ici_10.0.wav
176,177,854.926813,855.1435,0.21668699999997898,854.906813,855.1635,0.2566869999999426,35.0,click_train_00176_start_854.927s_ici_35.0.wav,/Users/nfot413/dolphin_project/official_click_features/segments/click_train_00176_start_854.927s_ici_35.0.wav
177,178,857.994365,858.400979,0.4066139999999905,857.974365,858.420979,0.4466139999999541,85.0,click_train_00177_start_857.994s_ici_85.0.wav,/Users/nfot413/dolphin_project/official_click_features/segments/click_train_00177_start_857.994s_ici_85.0.wav
178,179,861.170255,861.694693,0.5244380000000319,861.150255,861.714693,0.5644379999999956,105.0,click_train_00178_start_861.170s_ici_105.0.wav,/Users/nfot413/dolphin_project/official_click_features/segments/click_train_00178_start_861.170s_ici_105.0.wav
179,180,867.074578,867.269729,0.19515100000000984,867.054578,867.289729,0.23515099999997346,40.0,click_train_00179_start_867.075s_ici_40.0.wav,/Users/nfot413/dolphin_project/official_click_features/segments/click_train_00179_start_867.075s_ici_40.0.wav
180,181,873.02525,873.737464,0.7122140000000172,873.00525,873.757464,0.7522139999999808,70.0,click_train_00180_start_873.025s_ici_70.0.wav,/Users/nfot413/dolphin_project/official_click_features/segments/click_train_00180_start_873.025s_ici_70.0.wav
181,182,873.737464,874.206036,0.46857199999999466,873.7174640000001,874.226036,0.5085719999999583,35.0,click_train_00181_start_873.737s_ici_35.0.wav,/Users/nfot413/dolphin_project/official_click_features/segments/click_train_00181_start_873.737s_ici_35.0.wav
182,183,875.251641,876.042635,0.7909940000000688,875.231641,876.062635,0.8309940000000324,75.0,click_train_00182_start_875.252s_ici_75.0.wav,/Users/nfot413/dolphin_project/official_click_features/segments/click_train_00182_start_875.252s_ici_75.0.wav
183,184,884.009677,884.691906,0.6822290000000066,883.989677,884.711906,0.7222289999999703,35.0,click_train_00183_start_884.010s_ici_35.0.wav,/Users/nfot413/dolphin_project/official_click_features/segments/click_train_00183_start_884.010s_ici_35.0.wav
184,185,884.858755,885.146932,0.2881770000000188,884.838755,885.166932,0.3281769999999824,35.0,click_train_00184_start_884.859s_ici_35.0.wav,/Users/nfot413/dolphin_project/official_click_features/segments/click_train_00184_start_884.859s_ici_35.0.wav
185,186,885.174813,885.719974,0.5451610000000073,885.154813,885.739974,0.585160999999971,25.0,click_train_00185_start_885.175s_ici_25.0.wav,/Users/nfot413/dolphin_project/official_click_features/segments/click_train_00185_start_885.175s_ici_25.0.wav
186,187,885.719974,890.249401,4.529427000000055,885.699974,890.269401,4.569427000000019,10.0,click_train_00186_start_885.720s_ici_10.0.wav,/Users/nfot413/dolphin_project/official_click_features/segments/click_train_00186_start_885.720s_ici_10.0.wav
187,188,892.722026,893.171906,0.4498800000000074,892.702026,893.191906,0.489879999999971,95.0,click_train_00187_start_892.722s_ici_95.0.wav,/Users/nfot413/dolphin_project/official_click_features/segments/click_train_00187_start_892.722s_ici_95.0.wav
188,189,893.656474,894.007115,0.350640999999996,893.636474,894.027115,0.3906409999999596,25.0,click_train_00188_start_893.656s_ici_25.0.wav,/Users/nfot413/dolphin_project/official_click_features/segments/click_train_00188_start_893.656s_ici_25.0.wav
189,190,894.435849,895.990203,1.5543539999999894,894.415849,896.0102029999999,1.594353999999953,5.0,click_train_00189_start_894.436s_ici_5.0.wav,/Users/nfot413/dolphin_project/official_click_features/segments/click_train_00189_start_894.436s_ici_5.0.wav
190,191,897.208937,897.558156,0.3492190000000619,897.188937,897.578156,0.3892190000000255,70.0,click_train_00190_start_897.209s_ici_70.0.wav,/Users/nfot413/dolphin_project/official_click_features/segments/click_train_00190_start_897.209s_ici_70.0.wav
191,192,897.806203,898.529724,0.7235210000000052,897.786203,898.549724,0.7635209999999688,75.0,click_train_00191_start_897.806s_ici_75.0.wav,/Users/nfot413/dolphin_project/official_click_features/segments/click_train_00191_start_897.806s_ici_75.0.wav
192,193,899.393974,900.0,0.6060260000000426,899.373974,900.02,0.6460260000000062,20.0,click_train_00192_start_899.394s_ici_20.0.wav,/Users/nfot413/dolphin_project/official_click_features/segments/click_train_00192_start_899.394s_ici_20.0.wav
193,194,900.000896,900.434698,0.43380200000001423,899.980896,900.454698,0.47380199999997785,10.0,click_train_00193_start_900.001s_ici_10.0.wav,/Users/nfot413/dolphin_project/official_click_features/segments/click_train_00193_start_900.001s_ici_10.0.wav
194,195,900.434698,902.545927,2.1112289999999803,900.414698,902.565927,2.151228999999944,30.0,click_train_00194_start_900.435s_ici_30.0.wav,/Users/nfot413/dolphin_project/official_click_features/segments/click_train_00194_start_900.435s_ici_30.0.wav
195,196,902.545927,903.686974,1.1410469999999577,902.525927,903.706974,1.1810469999999214,15.0,click_train_00195_start_902.546s_ici_15.0.wav,/Users/nfot413/dolphin_project/official_click_features/segments/click_train_00195_start_902.546s_ici_15.0.wav
196,197,904.023948,904.566807,0.5428590000000213,904.003948,904.586807,0.5828589999999849,5.0,click_train_00196_start_904.024s_ici_5.0.wav,/Users/nfot413/dolphin_project/official_click_features/segments/click_train_00196_start_904.024s_ici_5.0.wav
197,198,904.566807,904.641714,0.07490699999993922,904.5468070000001,904.661714,0.11490699999990284,10.0,click_train_00197_start_904.567s_ici_10.0.wav,/Users/nfot413/dolphin_project/official_click_features/segments/click_train_00197_start_904.567s_ici_10.0.wav
198,199,904.782479,905.134823,0.3523440000000164,904.762479,905.154823,0.39234399999998004,5.0,click_train_00198_start_904.782s_ici_5.0.wav,/Users/nfot413/dolphin_project/official_click_features/segments/click_train_00198_start_904.782s_ici_5.0.wav
199,200,905.219812,906.416401,1.1965889999999035,905.1998120000001,906.4364009999999,1.2365889999998672,15.0,click_train_00199_start_905.220s_ici_15.0.wav,/Users/nfot413/dolphin_project/official_click_features/segments/click_train_00199_start_905.220s_ici_15.0.wav
200,201,907.624568,907.7225,0.09793200000001434,907.604568,907.7425,0.13793199999997796,10.0,click_train_00200_start_907.625s_ici_10.0.wav,/Users/nfot413/dolphin_project/official_click_features/segments/click_train_00200_start_907.625s_ici_10.0.wav
201,202,907.761641,907.827396,0.06575499999996737,907.7416410000001,907.847396,0.10575499999993099,10.0,click_train_00201_start_907.762s_ici_10.0.wav,/Users/nfot413/dolphin_project/official_click_features/segments/click_train_00201_start_907.762s_ici_10.0.wav
202,203,908.882266,909.388781,0.5065150000000358,908.862266,909.408781,0.5465149999999994,50.0,click_train_00202_start_908.882s_ici_50.0.wav,/Users/nfot413/dolphin_project/official_click_features/segments/click_train_00202_start_908.882s_ici_50.0.wav
203,204,910.074547,910.159724,0.08517699999993056,910.0545470000001,910.179724,0.12517699999989418,15.0,click_train_00203_start_910.075s_ici_15.0.wav,/Users/nfot413/dolphin_project/official_click_features/segments/click_train_00203_start_910.075s_ici_15.0.wav
204,205,910.159724,910.365422,0.20569799999998395,910.139724,910.385422,0.24569799999994757,35.0,click_train_00204_start_910.160s_ici_35.0.wav,/Users/nfot413/dolphin_project/official_click_features/segments/click_train_00204_start_910.160s_ici_35.0.wav
205,206,911.42826,911.528948,0.100687999999991,911.40826,911.548948,0.14068799999995463,15.0,click_train_00205_start_911.428s_ici_15.0.wav,/Users/nfot413/dolphin_project/official_click_features/segments/click_train_00205_start_911.428s_ici_15.0.wav
206,207,911.752885,911.865932,0.11304700000005141,911.732885,911.885932,0.15304700000001503,5.0,click_train_00206_start_911.753s_ici_5.0.wav,/Users/nfot413/dolphin_project/official_click_features/segments/click_train_00206_start_911.753s_ici_5.0.wav
207,208,912.054745,912.590406,0.5356610000000046,912.034745,912.610406,0.5756609999999682,110.0,click_train_00207_start_912.055s_ici_110.0.wav,/Users/nfot413/dolphin_project/official_click_features/segments/click_train_00207_start_912.055s_ici_110.0.wav
208,209,914.014479,914.214245,0.19976599999995415,913.9944790000001,914.234245,0.23976599999991777,30.0,click_train_00208_start_914.014s_ici_30.0.wav,/Users/nfot413/dolphin_project/official_click_features/segments/click_train_00208_start_914.014s_ici_30.0.wav
209,210,914.899755,915.418276,0.5185209999999643,914.879755,915.438276,0.5585209999999279,25.0,click_train_00209_start_914.900s_ici_25.0.wav,/Users/nfot413/dolphin_project/official_click_features/segments/click_train_00209_start_914.900s_ici_25.0.wav
210,211,919.792234,920.012865,0.22063100000002578,919.772234,920.032865,0.2606309999999894,45.0,click_train_00210_start_919.792s_ici_45.0.wav,/Users/nfot413/dolphin_project/official_click_features/segments/click_train_00210_start_919.792s_ici_45.0.wav
211,212,922.910641,922.987339,0.07669799999996485,922.8906410000001,923.007339,0.11669799999992847,5.0,click_train_00211_start_922.911s_ici_5.0.wav,/Users/nfot413/dolphin_project/official_click_features/segments/click_train_00211_start_922.911s_ici_5.0.wav
212,213,925.104807,925.183146,0.07833899999991445,925.0848070000001,925.203146,0.11833899999987807,5.0,click_train_00212_start_925.105s_ici_5.0.wav,/Users/nfot413/dolphin_project/official_click_features/segments/click_train_00212_start_925.105s_ici_5.0.wav
213,214,925.332411,925.457771,0.12536000000000058,925.312411,925.477771,0.1653599999999642,5.0,click_train_00213_start_925.332s_ici_5.0.wav,/Users/nfot413/dolphin_project/official_click_features/segments/click_train_00213_start_925.332s_ici_5.0.wav
214,215,925.457771,925.732849,0.2750780000000077,925.437771,925.752849,0.3150779999999713,60.0,click_train_00214_start_925.458s_ici_60.0.wav,/Users/nfot413/dolphin_project/official_click_features/segments/click_train_00214_start_925.458s_ici_60.0.wav
215,216,925.836786,926.285026,0.44824000000005526,925.816786,926.305026,0.4882400000000189,60.0,click_train_00215_start_925.837s_ici_60.0.wav,/Users/nfot413/dolphin_project/official_click_features/segments/click_train_00215_start_925.837s_ici_60.0.wav
216,217,926.285026,926.445312,0.1602859999999282,926.265026,926.4653119999999,0.20028599999989183,15.0,click_train_00216_start_926.285s_ici_15.0.wav,/Users/nfot413/dolphin_project/official_click_features/segments/click_train_00216_start_926.285s_ici_15.0.wav
217,218,926.563354,927.431896,0.8685420000000477,926.543354,927.451896,0.9085420000000113,65.0,click_train_00217_start_926.563s_ici_65.0.wav,/Users/nfot413/dolphin_project/official_click_features/segments/click_train_00217_start_926.563s_ici_65.0.wav
218,219,927.822745,928.217938,0.3951929999999493,927.8027450000001,928.237938,0.4351929999999129,60.0,click_train_00218_start_927.823s_ici_60.0.wav,/Users/nfot413/dolphin_project/official_click_features/segments/click_train_00218_start_927.823s_ici_60.0.wav
219,220,928.783313,929.172052,0.38873899999998685,928.763313,929.192052,0.42873899999995047,70.0,click_train_00219_start_928.783s_ici_70.0.wav,/Users/nfot413/dolphin_project/official_click_features/segments/click_train_00219_start_928.783s_ici_70.0.wav
220,221,943.321667,943.361443,0.03977599999996073,943.3016670000001,943.381443,0.07977599999992435,5.0,click_train_00220_start_943.322s_ici_5.0.wav,/Users/nfot413/dolphin_project/official_click_features/segments/click_train_00220_start_943.322s_ici_5.0.wav
221,222,944.814354,944.913849,0.09949500000004718,944.794354,944.933849,0.1394950000000108,20.0,click_train_00221_start_944.814s_ici_20.0.wav,/Users/nfot413/dolphin_project/official_click_features/segments/click_train_00221_start_944.814s_ici_20.0.wav
222,223,945.752385,945.798229,0.04584399999998823,945.732385,945.818229,0.08584399999995185,5.0,click_train_00222_start_945.752s_ici_5.0.wav,/Users/nfot413/dolphin_project/official_click_features/segments/click_train_00222_start_945.752s_ici_5.0.wav
223,224,947.68213,948.131,0.4488699999999426,947.66213,948.151,0.4888699999999062,75.0,click_train_00223_start_947.682s_ici_75.0.wav,/Users/nfot413/dolphin_project/official_click_features/segments/click_train_00223_start_947.682s_ici_75.0.wav
224,225,956.327974,956.423964,0.0959899999999152,956.3079740000001,956.4439639999999,0.13598999999987882,20.0,click_train_00224_start_956.328s_ici_20.0.wav,/Users/nfot413/dolphin_project/official_click_features/segments/click_train_00224_start_956.328s_ici_20.0.wav
225,226,966.261734,966.72488,0.4631459999999379,966.2417340000001,966.74488,0.5031459999999015,95.0,click_train_00225_start_966.262s_ici_95.0.wav,/Users/nfot413/dolphin_project/official_click_features/segments/click_train_00225_start_966.262s_ici_95.0.wav
226,227,966.833719,967.070917,0.23719800000003488,966.813719,967.090917,0.2771979999999985,50.0,click_train_00226_start_966.834s_ici_50.0.wav,/Users/nfot413/dolphin_project/official_click_features/segments/click_train_00226_start_966.834s_ici_50.0.wav
227,228,970.239542,970.564063,0.3245210000000043,970.219542,970.584063,0.3645209999999679,55.0,click_train_00227_start_970.240s_ici_55.0.wav,/Users/nfot413/dolphin_project/official_click_features/segments/click_train_00227_start_970.240s_ici_55.0.wav
228,229,970.757365,971.01825,0.26088499999991654,970.7373650000001,971.03825,0.30088499999988016,45.0,click_train_00228_start_970.757s_ici_45.0.wav,/Users/nfot413/dolphin_project/official_click_features/segments/click_train_00228_start_970.757s_ici_45.0.wav
229,230,971.455875,971.798208,0.3423330000000533,971.435875,971.818208,0.3823330000000169,25.0,click_train_00229_start_971.456s_ici_25.0.wav,/Users/nfot413/dolphin_project/official_click_features/segments/click_train_00229_start_971.456s_ici_25.0.wav
230,231,972.241849,972.40274,0.16089099999999235,972.221849,972.42274,0.20089099999995597,30.0,click_train_00230_start_972.242s_ici_30.0.wav,/Users/nfot413/dolphin_project/official_click_features/segments/click_train_00230_start_972.242s_ici_30.0.wav
231,232,977.579922,977.61838,0.038457999999991443,977.559922,977.63838,0.07845799999995506,5.0,click_train_00231_start_977.580s_ici_5.0.wav,/Users/nfot413/dolphin_project/official_click_features/segments/click_train_00231_start_977.580s_ici_5.0.wav
232,233,982.321172,982.442021,0.12084899999990739,982.3011720000001,982.4620209999999,0.160848999999871,15.0,click_train_00232_start_982.321s_ici_15.0.wav,/Users/nfot413/dolphin_project/official_click_features/segments/click_train_00232_start_982.321s_ici_15.0.wav
233,234,983.98625,984.414938,0.42868799999996554,983.9662500000001,984.434938,0.46868799999992916,90.0,click_train_00233_start_983.986s_ici_90.0.wav,/Users/nfot413/dolphin_project/official_click_features/segments/click_train_00233_start_983.986s_ici_90.0.wav
234,235,986.929469,987.002823,0.07335399999999481,986.9094690000001,987.022823,0.11335399999995843,5.0,click_train_00234_start_986.929s_ici_5.0.wav,/Users/nfot413/dolphin_project/official_click_features/segments/click_train_00234_start_986.929s_ici_5.0.wav
235,236,990.088302,990.737995,0.6496929999999566,990.068302,990.7579949999999,0.6896929999999202,95.0,click_train_00235_start_990.088s_ici_95.0.wav,/Users/nfot413/dolphin_project/official_click_features/segments/click_train_00235_start_990.088s_ici_95.0.wav
236,237,991.043641,991.229109,0.1854680000000144,991.023641,991.249109,0.22546799999997802,10.0,click_train_00236_start_991.044s_ici_10.0.wav,/Users/nfot413/dolphin_project/official_click_features/segments/click_train_00236_start_991.044s_ici_10.0.wav
237,238,992.813328,993.221078,0.4077500000000782,992.793328,993.241078,0.44775000000004184,85.0,click_train_00237_start_992.813s_ici_85.0.wav,/Users/nfot413/dolphin_project/official_click_features/segments/click_train_00237_start_992.813s_ici_85.0.wav
238,239,993.221078,993.507208,0.28612999999995736,993.201078,993.527208,0.326129999999921,35.0,click_train_00238_start_993.221s_ici_35.0.wav,/Users/nfot413/dolphin_project/official_click_features/segments/click_train_00238_start_993.221s_ici_35.0.wav
239,240,993.722839,994.141464,0.41862500000002,993.702839,994.161464,0.45862499999998363,70.0,click_train_00239_start_993.723s_ici_70.0.wav,/Users/nfot413/dolphin_project/official_click_features/segments/click_train_00239_start_993.723s_ici_70.0.wav
240,241,994.998896,995.459818,0.460922000000096,994.978896,995.479818,0.5009220000000596,45.0,click_train_00240_start_994.999s_ici_45.0.wav,/Users/nfot413/dolphin_project/official_click_features/segments/click_train_00240_start_994.999s_ici_45.0.wav
241,242,997.579677,997.836281,0.25660400000003847,997.559677,997.856281,0.2966040000000021,45.0,click_train_00241_start_997.580s_ici_45.0.wav,/Users/nfot413/dolphin_project/official_click_features/segments/click_train_00241_start_997.580s_ici_45.0.wav
242,243,999.006115,999.108318,0.10220300000003135,998.986115,999.128318,0.14220299999999497,10.0,click_train_00242_start_999.006s_ici_10.0.wav,/Users/nfot413/dolphin_project/official_click_features/segments/click_train_00242_start_999.006s_ici_10.0.wav
243,244,1002.151156,1002.447599,0.2964429999999538,1002.131156,1002.467599,0.33644299999991745,50.0,click_train_00243_start_1002.151s_ici_50.0.wav,/Users/nfot413/dolphin_project/official_click_features/segments/click_train_00243_start_1002.151s_ici_50.0.wav
244,245,1002.559281,1002.737333,0.17805199999997967,1002.5392810000001,1002.757333,0.2180519999999433,40.0,click_train_00244_start_1002.559s_ici_40.0.wav,/Users/nfot413/dolphin_project/official_click_features/segments/click_train_00244_start_1002.559s_ici_40.0.wav
245,246,1003.44724,1003.49549,0.04825000000005275,1003.42724,1003.51549,0.08825000000001637,5.0,click_train_00245_start_1003.447s_ici_5.0.wav,/Users/nfot413/dolphin_project/official_click_features/segments/click_train_00245_start_1003.447s_ici_5.0.wav
246,247,1008.116432,1008.209339,0.09290699999996832,1008.096432,1008.229339,0.13290699999993194,20.0,click_train_00246_start_1008.116s_ici_20.0.wav,/Users/nfot413/dolphin_project/official_click_features/segments/click_train_00246_start_1008.116s_ici_20.0.wav
247,248,1015.424188,1016.245208,0.8210200000000896,1015.404188,1016.265208,0.8610200000000532,95.0,click_train_00247_start_1015.424s_ici_95.0.wav,/Users/nfot413/dolphin_project/official_click_features/segments/click_train_00247_start_1015.424s_ici_95.0.wav
248,249,1017.742682,1017.982505,0.23982300000000123,1017.722682,1018.0025049999999,0.27982299999996485,45.0,click_train_00248_start_1017.743s_ici_45.0.wav,/Users/nfot413/dolphin_project/official_click_features/segments/click_train_00248_start_1017.743s_ici_45.0.wav
249,250,1020.00099,1020.132786,0.13179600000000846,1019.98099,1020.152786,0.17179599999997208,25.0,click_train_00249_start_1020.001s_ici_25.0.wav,/Users/nfot413/dolphin_project/official_click_features/segments/click_train_00249_start_1020.001s_ici_25.0.wav
250,251,1020.349703,1021.04662,0.6969169999999849,1020.329703,1021.06662,0.7369169999999485,100.0,click_train_00250_start_1020.350s_ici_100.0.wav,/Users/nfot413/dolphin_project/official_click_features/segments/click_train_00250_start_1020.350s_ici_100.0.wav
251,252,1022.560469,1022.607026,0.046557000000007065,1022.540469,1022.627026,0.08655699999997069,10.0,click_train_00251_start_1022.560s_ici_10.0.wav,/Users/nfot413/dolphin_project/official_click_features/segments/click_train_00251_start_1022.560s_ici_10.0.wav
252,253,1024.363047,1024.404687,0.041639999999915744,1024.343047,1024.424687,0.08163999999987936,5.0,click_train_00252_start_1024.363s_ici_5.0.wav,/Users/nfot413/dolphin_project/official_click_features/segments/click_train_00252_start_1024.363s_ici_5.0.wav
253,254,1024.455286,1025.134599,0.6793130000000929,1024.435286,1025.154599,0.7193130000000565,115.0,click_train_00253_start_1024.455s_ici_115.0.wav,/Users/nfot413/dolphin_project/official_click_features/segments/click_train_00253_start_1024.455s_ici_115.0.wav
254,255,1028.903786,1030.485182,1.5813959999998133,1028.883786,1030.5051819999999,1.621395999999777,100.0,click_train_00254_start_1028.904s_ici_100.0.wav,/Users/nfot413/dolphin_project/official_click_features/segments/click_train_00254_start_1028.904s_ici_100.0.wav
255,256,1035.820823,1035.938755,0.11793199999988246,1035.800823,1035.9587549999999,0.15793199999984608,15.0,click_train_00255_start_1035.821s_ici_15.0.wav,/Users/nfot413/dolphin_project/official_click_features/segments/click_train_00255_start_1035.821s_ici_15.0.wav
256,257,1035.938755,1036.172031,0.2332760000001599,1035.918755,1036.192031,0.27327600000012353,30.0,click_train_00256_start_1035.939s_ici_30.0.wav,/Users/nfot413/dolphin_project/official_click_features/segments/click_train_00256_start_1035.939s_ici_30.0.wav
257,258,1037.199906,1037.345688,0.1457820000000538,1037.179906,1037.365688,0.18578200000001743,25.0,click_train_00257_start_1037.200s_ici_25.0.wav,/Users/nfot413/dolphin_project/official_click_features/segments/click_train_00257_start_1037.200s_ici_25.0.wav
258,259,1040.071594,1040.363281,0.29168699999991077,1040.051594,1040.383281,0.3316869999998744,50.0,click_train_00258_start_1040.072s_ici_50.0.wav,/Users/nfot413/dolphin_project/official_click_features/segments/click_train_00258_start_1040.072s_ici_50.0.wav
259,260,1040.933651,1041.155734,0.22208299999988412,1040.913651,1041.175734,0.26208299999984774,40.0,click_train_00259_start_1040.934s_ici_40.0.wav,/Users/nfot413/dolphin_project/official_click_features/segments/click_train_00259_start_1040.934s_ici_40.0.wav
260,261,1043.886339,1044.195182,0.3088430000000244,1043.866339,1044.215182,0.348842999999988,45.0,click_train_00260_start_1043.886s_ici_45.0.wav,/Users/nfot413/dolphin_project/official_click_features/segments/click_train_00260_start_1043.886s_ici_45.0.wav
261,262,1044.256516,1044.331109,0.07459300000004987,1044.236516,1044.351109,0.11459300000001349,10.0,click_train_00261_start_1044.257s_ici_10.0.wav,/Users/nfot413/dolphin_project/official_click_features/segments/click_train_00261_start_1044.257s_ici_10.0.wav
262,263,1044.390734,1044.515755,0.1250209999998333,1044.370734,1044.5357549999999,0.1650209999997969,15.0,click_train_00262_start_1044.391s_ici_15.0.wav,/Users/nfot413/dolphin_project/official_click_features/segments/click_train_00262_start_1044.391s_ici_15.0.wav
263,264,1045.171578,1045.387479,0.21590100000003076,1045.151578,1045.407479,0.2559009999999944,45.0,click_train_00263_start_1045.172s_ici_45.0.wav,/Users/nfot413/dolphin_project/official_click_features/segments/click_train_00263_start_1045.172s_ici_45.0.wav
264,265,1045.854896,1046.017979,0.16308299999991505,1045.834896,1046.037979,0.20308299999987867,35.0,click_train_00264_start_1045.855s_ici_35.0.wav,/Users/nfot413/dolphin_project/official_click_features/segments/click_train_00264_start_1045.855s_ici_35.0.wav
265,266,1046.505021,1046.67326,0.16823900000008507,1046.485021,1046.69326,0.2082390000000487,30.0,click_train_00265_start_1046.505s_ici_30.0.wav,/Users/nfot413/dolphin_project/official_click_features/segments/click_train_00265_start_1046.505s_ici_30.0.wav
266,267,1046.748948,1046.83363,0.08468200000015713,1046.728948,1046.85363,0.12468200000012075,10.0,click_train_00266_start_1046.749s_ici_10.0.wav,/Users/nfot413/dolphin_project/official_click_features/segments/click_train_00266_start_1046.749s_ici_10.0.wav
267,268,1046.83363,1047.091771,0.25814100000002327,1046.81363,1047.111771,0.2981409999999869,40.0,click_train_00267_start_1046.834s_ici_40.0.wav,/Users/nfot413/dolphin_project/official_click_features/segments/click_train_00267_start_1046.834s_ici_40.0.wav
268,269,1047.366771,1047.807417,0.4406460000000152,1047.346771,1047.827417,0.4806459999999788,45.0,click_train_00268_start_1047.367s_ici_45.0.wav,/Users/nfot413/dolphin_project/official_click_features/segments/click_train_00268_start_1047.367s_ici_45.0.wav
269,270,1050.822802,1051.099922,0.27712000000019543,1050.802802,1051.119922,0.31712000000015905,50.0,click_train_00269_start_1050.823s_ici_50.0.wav,/Users/nfot413/dolphin_project/official_click_features/segments/click_train_00269_start_1050.823s_ici_50.0.wav
270,271,1051.099922,1051.268542,0.16861999999991895,1051.0799220000001,1051.288542,0.20861999999988257,25.0,click_train_00270_start_1051.100s_ici_25.0.wav,/Users/nfot413/dolphin_project/official_click_features/segments/click_train_00270_start_1051.100s_ici_25.0.wav
271,272,1051.599224,1051.746562,0.14733799999999064,1051.579224,1051.766562,0.18733799999995426,25.0,click_train_00271_start_1051.599s_ici_25.0.wav,/Users/nfot413/dolphin_project/official_click_features/segments/click_train_00271_start_1051.599s_ici_25.0.wav
272,273,1051.746562,1052.010083,0.2635209999998551,1051.726562,1052.0300829999999,0.30352099999981874,55.0,click_train_00272_start_1051.747s_ici_55.0.wav,/Users/nfot413/dolphin_project/official_click_features/segments/click_train_00272_start_1051.747s_ici_55.0.wav
273,274,1052.010083,1052.112292,0.10220900000012989,1051.990083,1052.132292,0.1422090000000935,20.0,click_train_00273_start_1052.010s_ici_20.0.wav,/Users/nfot413/dolphin_project/official_click_features/segments/click_train_00273_start_1052.010s_ici_20.0.wav
274,275,1052.164943,1052.492323,0.32737999999994827,1052.144943,1052.512323,0.3673799999999119,30.0,click_train_00274_start_1052.165s_ici_30.0.wav,/Users/nfot413/dolphin_project/official_click_features/segments/click_train_00274_start_1052.165s_ici_30.0.wav
275,276,1052.688911,1052.802839,0.11392799999998715,1052.668911,1052.822839,0.15392799999995077,25.0,click_train_00275_start_1052.689s_ici_25.0.wav,/Users/nfot413/dolphin_project/official_click_features/segments/click_train_00275_start_1052.689s_ici_25.0.wav
276,277,1053.212026,1053.314911,0.10288500000001477,1053.192026,1053.334911,0.1428849999999784,15.0,click_train_00276_start_1053.212s_ici_15.0.wav,/Users/nfot413/dolphin_project/official_click_features/segments/click_train_00276_start_1053.212s_ici_15.0.wav
277,278,1053.537359,1053.663922,0.12656300000003284,1053.517359,1053.683922,0.16656299999999646,15.0,click_train_00277_start_1053.537s_ici_15.0.wav,/Users/nfot413/dolphin_project/official_click_features/segments/click_train_00277_start_1053.537s_ici_15.0.wav
278,279,1053.864641,1053.926932,0.062291000000186614,1053.844641,1053.946932,0.10229100000015023,10.0,click_train_00278_start_1053.865s_ici_10.0.wav,/Users/nfot413/dolphin_project/official_click_features/segments/click_train_00278_start_1053.865s_ici_10.0.wav
279,280,1054.015437,1054.276807,0.2613699999999426,1053.995437,1054.296807,0.3013699999999062,55.0,click_train_00279_start_1054.015s_ici_55.0.wav,/Users/nfot413/dolphin_project/official_click_features/segments/click_train_00279_start_1054.015s_ici_55.0.wav
280,281,1057.321885,1057.543844,0.22195899999996982,1057.301885,1057.563844,0.26195899999993344,50.0,click_train_00280_start_1057.322s_ici_50.0.wav,/Users/nfot413/dolphin_project/official_click_features/segments/click_train_00280_start_1057.322s_ici_50.0.wav
281,282,1058.174682,1058.335375,0.1606930000000375,1058.154682,1058.355375,0.20069300000000112,25.0,click_train_00281_start_1058.175s_ici_25.0.wav,/Users/nfot413/dolphin_project/official_click_features/segments/click_train_00281_start_1058.175s_ici_25.0.wav
282,283,1058.661427,1058.773042,0.11161500000002889,1058.641427,1058.793042,0.1516149999999925,25.0,click_train_00282_start_1058.661s_ici_25.0.wav,/Users/nfot413/dolphin_project/official_click_features/segments/click_train_00282_start_1058.661s_ici_25.0.wav
283,284,1061.656099,1062.026781,0.37068199999998797,1061.636099,1062.046781,0.4106819999999516,65.0,click_train_00283_start_1061.656s_ici_65.0.wav,/Users/nfot413/dolphin_project/official_click_features/segments/click_train_00283_start_1061.656s_ici_65.0.wav
284,285,1064.414781,1064.485984,0.0712029999999686,1064.394781,1064.505984,0.11120299999993222,10.0,click_train_00284_start_1064.415s_ici_10.0.wav,/Users/nfot413/dolphin_project/official_click_features/segments/click_train_00284_start_1064.415s_ici_10.0.wav
285,286,1064.633557,1064.675115,0.0415579999998954,1064.6135570000001,1064.695115,0.08155799999985902,5.0,click_train_00285_start_1064.634s_ici_5.0.wav,/Users/nfot413/dolphin_project/official_click_features/segments/click_train_00285_start_1064.634s_ici_5.0.wav
286,287,1064.815057,1064.888417,0.07335999999986598,1064.795057,1064.9084169999999,0.1133599999998296,10.0,click_train_00286_start_1064.815s_ici_10.0.wav,/Users/nfot413/dolphin_project/official_click_features/segments/click_train_00286_start_1064.815s_ici_10.0.wav
287,288,1067.537271,1071.796687,4.259416000000101,1067.517271,1071.816687,4.299416000000065,10.0,click_train_00287_start_1067.537s_ici_10.0.wav,/Users/nfot413/dolphin_project/official_click_features/segments/click_train_00287_start_1067.537s_ici_10.0.wav
288,289,1072.287943,1073.48463,1.1966869999998835,1072.267943,1073.50463,1.236686999999847,5.0,click_train_00288_start_1072.288s_ici_5.0.wav,/Users/nfot413/dolphin_project/official_click_features/segments/click_train_00288_start_1072.288s_ici_5.0.wav
289,290,1073.48463,1074.263521,0.7788910000001579,1073.46463,1074.283521,0.8188910000001215,10.0,click_train_00289_start_1073.485s_ici_10.0.wav,/Users/nfot413/dolphin_project/official_click_features/segments/click_train_00289_start_1073.485s_ici_10.0.wav
290,291,1074.518813,1074.628979,0.11016600000016297,1074.498813,1074.648979,0.1501660000001266,25.0,click_train_00290_start_1074.519s_ici_25.0.wav,/Users/nfot413/dolphin_project/official_click_features/segments/click_train_00290_start_1074.519s_ici_25.0.wav
291,292,1074.628979,1075.07501,0.4460309999999481,1074.608979,1075.09501,0.48603099999991173,10.0,click_train_00291_start_1074.629s_ici_10.0.wav,/Users/nfot413/dolphin_project/official_click_features/segments/click_train_00291_start_1074.629s_ici_10.0.wav
292,293,1075.07501,1075.619266,0.5442559999999048,1075.05501,1075.639266,0.5842559999998684,25.0,click_train_00292_start_1075.075s_ici_25.0.wav,/Users/nfot413/dolphin_project/official_click_features/segments/click_train_00292_start_1075.075s_ici_25.0.wav
293,294,1076.509495,1076.763672,0.25417700000002696,1076.489495,1076.783672,0.2941769999999906,55.0,click_train_00293_start_1076.509s_ici_55.0.wav,/Users/nfot413/dolphin_project/official_click_features/segments/click_train_00293_start_1076.509s_ici_55.0.wav
294,295,1077.037391,1077.101432,0.06404099999986101,1077.017391,1077.121432,0.10404099999982463,5.0,click_train_00294_start_1077.037s_ici_5.0.wav,/Users/nfot413/dolphin_project/official_click_features/segments/click_train_00294_start_1077.037s_ici_5.0.wav
295,296,1077.120401,1080.0,2.8795990000000984,1077.100401,1080.02,2.919599000000062,10.0,click_train_00295_start_1077.120s_ici_10.0.wav,/Users/nfot413/dolphin_project/official_click_features/segments/click_train_00295_start_1077.120s_ici_10.0.wav
296,297,1080.679365,1080.709177,0.029811999999992622,1080.659365,1080.729177,0.06981199999995624,5.0,click_train_00296_start_1080.679s_ici_5.0.wav,/Users/nfot413/dolphin_project/official_click_features/segments/click_train_00296_start_1080.679s_ici_5.0.wav
297,298,1080.746417,1082.292646,1.5462290000000394,1080.726417,1082.312646,1.586229000000003,5.0,click_train_00297_start_1080.746s_ici_5.0.wav,/Users/nfot413/dolphin_project/official_click_features/segments/click_train_00297_start_1080.746s_ici_5.0.wav
298,299,1082.873807,1084.114115,1.240308000000141,1082.853807,1084.134115,1.2803080000001046,5.0,click_train_00298_start_1082.874s_ici_5.0.wav,/Users/nfot413/dolphin_project/official_click_features/segments/click_train_00298_start_1082.874s_ici_5.0.wav
299,300,1084.302771,1084.892203,0.5894320000002153,1084.282771,1084.912203,0.629432000000179,70.0,click_train_00299_start_1084.303s_ici_70.0.wav,/Users/nfot413/dolphin_project/official_click_features/segments/click_train_00299_start_1084.303s_ici_70.0.wav
300,301,1084.892203,1087.223344,2.3311409999998887,1084.8722030000001,1087.243344,2.3711409999998523,5.0,click_train_00300_start_1084.892s_ici_5.0.wav,/Users/nfot413/dolphin_project/official_click_features/segments/click_train_00300_start_1084.892s_ici_5.0.wav
301,302,1087.932328,1088.252469,0.3201409999999214,1087.9123280000001,1088.272469,0.360140999999885,5.0,click_train_00301_start_1087.932s_ici_5.0.wav,/Users/nfot413/dolphin_project/official_click_features/segments/click_train_00301_start_1087.932s_ici_5.0.wav
302,303,1088.371656,1088.621724,0.2500680000000557,1088.351656,1088.641724,0.2900680000000193,50.0,click_train_00302_start_1088.372s_ici_50.0.wav,/Users/nfot413/dolphin_project/official_click_features/segments/click_train_00302_start_1088.372s_ici_50.0.wav
303,304,1088.816411,1089.181667,0.3652560000000449,1088.796411,1089.201667,0.4052560000000085,55.0,click_train_00303_start_1088.816s_ici_55.0.wav,/Users/nfot413/dolphin_project/official_click_features/segments/click_train_00303_start_1088.816s_ici_55.0.wav
304,305,1089.211932,1089.291536,0.07960400000001755,1089.191932,1089.311536,0.11960399999998117,10.0,click_train_00304_start_1089.212s_ici_10.0.wav,/Users/nfot413/dolphin_project/official_click_features/segments/click_train_00304_start_1089.212s_ici_10.0.wav
305,306,1091.014714,1091.06338,0.04866600000013932,1090.994714,1091.08338,0.08866600000010294,5.0,click_train_00305_start_1091.015s_ici_5.0.wav,/Users/nfot413/dolphin_project/official_click_features/segments/click_train_00305_start_1091.015s_ici_5.0.wav
306,307,1091.108458,1092.074422,0.9659639999999854,1091.088458,1092.094422,1.005963999999949,10.0,click_train_00306_start_1091.108s_ici_10.0.wav,/Users/nfot413/dolphin_project/official_click_features/segments/click_train_00306_start_1091.108s_ici_10.0.wav
307,308,1092.245589,1093.445719,1.2001299999999446,1092.2255890000001,1093.465719,1.2401299999999083,10.0,click_train_00307_start_1092.246s_ici_10.0.wav,/Users/nfot413/dolphin_project/official_click_features/segments/click_train_00307_start_1092.246s_ici_10.0.wav
308,309,1093.445719,1093.618297,0.1725779999999304,1093.425719,1093.638297,0.21257799999989402,30.0,click_train_00308_start_1093.446s_ici_30.0.wav,/Users/nfot413/dolphin_project/official_click_features/segments/click_train_00308_start_1093.446s_ici_30.0.wav
309,310,1093.649776,1094.233484,0.5837080000001151,1093.629776,1094.253484,0.6237080000000788,30.0,click_train_00309_start_1093.650s_ici_30.0.wav,/Users/nfot413/dolphin_project/official_click_features/segments/click_train_00309_start_1093.650s_ici_30.0.wav
310,311,1094.233484,1094.416875,0.18339099999980135,1094.213484,1094.4368749999999,0.22339099999976497,5.0,click_train_00310_start_1094.233s_ici_5.0.wav,/Users/nfot413/dolphin_project/official_click_features/segments/click_train_00310_start_1094.233s_ici_5.0.wav
311,312,1095.068724,1095.126479,0.057755000000042855,1095.048724,1095.146479,0.09775500000000648,5.0,click_train_00311_start_1095.069s_ici_5.0.wav,/Users/nfot413/dolphin_project/official_click_features/segments/click_train_00311_start_1095.069s_ici_5.0.wav
312,313,1095.390917,1095.455964,0.06504700000004959,1095.370917,1095.475964,0.10504700000001321,5.0,click_train_00312_start_1095.391s_ici_5.0.wav,/Users/nfot413/dolphin_project/official_click_features/segments/click_train_00312_start_1095.391s_ici_5.0.wav
313,314,1095.906688,1096.095432,0.18874400000004243,1095.886688,1096.115432,0.22874400000000605,40.0,click_train_00313_start_1095.907s_ici_40.0.wav,/Users/nfot413/dolphin_project/official_click_features/segments/click_train_00313_start_1095.907s_ici_40.0.wav
314,315,1096.780609,1097.875911,1.0953020000001743,1096.760609,1097.895911,1.135302000000138,10.0,click_train_00314_start_1096.781s_ici_10.0.wav,/Users/nfot413/dolphin_project/official_click_features/segments/click_train_00314_start_1096.781s_ici_10.0.wav
315,316,1097.875911,1098.097161,0.2212499999998272,1097.855911,1098.117161,0.2612499999997908,25.0,click_train_00315_start_1097.876s_ici_25.0.wav,/Users/nfot413/dolphin_project/official_click_features/segments/click_train_00315_start_1097.876s_ici_25.0.wav
316,317,1098.137313,1098.223531,0.08621800000014446,1098.117313,1098.243531,0.12621800000010808,5.0,click_train_00316_start_1098.137s_ici_5.0.wav,/Users/nfot413/dolphin_project/official_click_features/segments/click_train_00316_start_1098.137s_ici_5.0.wav
317,318,1098.223531,1098.360031,0.13649999999984175,1098.203531,1098.380031,0.17649999999980537,30.0,click_train_00317_start_1098.224s_ici_30.0.wav,/Users/nfot413/dolphin_project/official_click_features/segments/click_train_00317_start_1098.224s_ici_30.0.wav
318,319,1098.392906,1099.081677,0.6887709999998606,1098.372906,1099.1016769999999,0.7287709999998242,5.0,click_train_00318_start_1098.393s_ici_5.0.wav,/Users/nfot413/dolphin_project/official_click_features/segments/click_train_00318_start_1098.393s_ici_5.0.wav
319,320,1100.011156,1100.442417,0.4312609999999495,1099.991156,1100.462417,0.4712609999999131,5.0,click_train_00319_start_1100.011s_ici_5.0.wav,/Users/nfot413/dolphin_project/official_click_features/segments/click_train_00319_start_1100.011s_ici_5.0.wav
320,321,1100.918312,1101.337021,0.4187090000000353,1100.898312,1101.357021,0.4587089999999989,5.0,click_train_00320_start_1100.918s_ici_5.0.wav,/Users/nfot413/dolphin_project/official_click_features/segments/click_train_00320_start_1100.918s_ici_5.0.wav
321,322,1101.337021,1101.79712,0.4600989999999001,1101.317021,1101.81712,0.5000989999998637,35.0,click_train_00321_start_1101.337s_ici_35.0.wav,/Users/nfot413/dolphin_project/official_click_features/segments/click_train_00321_start_1101.337s_ici_35.0.wav
322,323,1101.79712,1102.199297,0.40217699999993783,1101.77712,1102.2192969999999,0.44217699999990145,60.0,click_train_00322_start_1101.797s_ici_60.0.wav,/Users/nfot413/dolphin_project/official_click_features/segments/click_train_00322_start_1101.797s_ici_60.0.wav
323,324,1102.604766,1105.020234,2.4154680000001463,1102.584766,1105.040234,2.45546800000011,10.0,click_train_00323_start_1102.605s_ici_10.0.wav,/Users/nfot413/dolphin_project/official_click_features/segments/click_train_00323_start_1102.605s_ici_10.0.wav
324,325,1107.424922,1108.354583,0.9296610000001237,1107.404922,1108.374583,0.9696610000000874,95.0,click_train_00324_start_1107.425s_ici_95.0.wav,/Users/nfot413/dolphin_project/official_click_features/segments/click_train_00324_start_1107.425s_ici_95.0.wav
325,326,1108.354583,1108.625818,0.2712349999999333,1108.334583,1108.645818,0.3112349999998969,45.0,click_train_00325_start_1108.355s_ici_45.0.wav,/Users/nfot413/dolphin_project/official_click_features/segments/click_train_00325_start_1108.355s_ici_45.0.wav
326,327,1109.398333,1110.365354,0.9670209999999315,1109.378333,1110.385354,1.0070209999998951,10.0,click_train_00326_start_1109.398s_ici_10.0.wav,/Users/nfot413/dolphin_project/official_click_features/segments/click_train_00326_start_1109.398s_ici_10.0.wav
327,328,1110.365354,1110.521859,0.15650499999992462,1110.345354,1110.541859,0.19650499999988824,20.0,click_train_00327_start_1110.365s_ici_20.0.wav,/Users/nfot413/dolphin_project/official_click_features/segments/click_train_00327_start_1110.365s_ici_20.0.wav
328,329,1111.435885,1112.348245,0.9123599999998078,1111.4158850000001,1112.368245,0.9523599999997714,5.0,click_train_00328_start_1111.436s_ici_5.0.wav,/Users/nfot413/dolphin_project/official_click_features/segments/click_train_00328_start_1111.436s_ici_5.0.wav
329,330,1112.672026,1112.752177,0.08015100000011444,1112.652026,1112.772177,0.12015100000007806,10.0,click_train_00329_start_1112.672s_ici_10.0.wav,/Users/nfot413/dolphin_project/official_click_features/segments/click_train_00329_start_1112.672s_ici_10.0.wav
330,331,1112.882583,1113.65188,0.769296999999824,1112.862583,1113.6718799999999,0.8092969999997877,100.0,click_train_00330_start_1112.883s_ici_100.0.wav,/Users/nfot413/dolphin_project/official_click_features/segments/click_train_00330_start_1112.883s_ici_100.0.wav
331,332,1113.909896,1115.365068,1.455172000000175,1113.889896,1115.385068,1.4951720000001387,10.0,click_train_00331_start_1113.910s_ici_10.0.wav,/Users/nfot413/dolphin_project/official_click_features/segments/click_train_00331_start_1113.910s_ici_10.0.wav
332,333,1115.539052,1116.020531,0.48147899999980837,1115.519052,1116.0405309999999,0.521478999999772,70.0,click_train_00332_start_1115.539s_ici_70.0.wav,/Users/nfot413/dolphin_project/official_click_features/segments/click_train_00332_start_1115.539s_ici_70.0.wav
333,334,1116.179021,1116.254115,0.07509400000003552,1116.159021,1116.274115,0.11509399999999914,10.0,click_train_00333_start_1116.179s_ici_10.0.wav,/Users/nfot413/dolphin_project/official_click_features/segments/click_train_00333_start_1116.179s_ici_10.0.wav
334,335,1116.42899,1116.924672,0.49568199999998797,1116.4089900000001,1116.944672,0.5356819999999516,70.0,click_train_00334_start_1116.429s_ici_70.0.wav,/Users/nfot413/dolphin_project/official_click_features/segments/click_train_00334_start_1116.429s_ici_70.0.wav
335,336,1117.100167,1119.953641,2.8534740000000056,1117.080167,1119.973641,2.8934739999999692,10.0,click_train_00335_start_1117.100s_ici_10.0.wav,/Users/nfot413/dolphin_project/official_click_features/segments/click_train_00335_start_1117.100s_ici_10.0.wav
336,337,1120.09538,1120.736875,0.6414950000000772,1120.07538,1120.756875,0.6814950000000408,5.0,click_train_00336_start_1120.095s_ici_5.0.wav,/Users/nfot413/dolphin_project/official_click_features/segments/click_train_00336_start_1120.095s_ici_5.0.wav
337,338,1121.28537,1121.45,0.16462999999998829,1121.26537,1121.47,0.2046299999999519,30.0,click_train_00337_start_1121.285s_ici_30.0.wav,/Users/nfot413/dolphin_project/official_click_features/segments/click_train_00337_start_1121.285s_ici_30.0.wav
338,339,1122.340156,1122.556964,0.21680800000012823,1122.320156,1122.576964,0.25680800000009185,10.0,click_train_00338_start_1122.340s_ici_10.0.wav,/Users/nfot413/dolphin_project/official_click_features/segments/click_train_00338_start_1122.340s_ici_10.0.wav
339,340,1122.799177,1123.080255,0.2810779999999795,1122.7791770000001,1123.100255,0.32107799999994313,55.0,click_train_00339_start_1122.799s_ici_55.0.wav,/Users/nfot413/dolphin_project/official_click_features/segments/click_train_00339_start_1122.799s_ici_55.0.wav
340,341,1123.379172,1123.601344,0.22217200000000048,1123.359172,1123.621344,0.2621719999999641,40.0,click_train_00340_start_1123.379s_ici_40.0.wav,/Users/nfot413/dolphin_project/official_click_features/segments/click_train_00340_start_1123.379s_ici_40.0.wav
341,342,1124.075839,1125.799271,1.7234320000000025,1124.055839,1125.819271,1.7634319999999661,70.0,click_train_00341_start_1124.076s_ici_70.0.wav,/Users/nfot413/dolphin_project/official_click_features/segments/click_train_00341_start_1124.076s_ici_70.0.wav
342,343,1125.799271,1126.269583,0.4703119999999217,1125.779271,1126.289583,0.5103119999998853,95.0,click_train_00342_start_1125.799s_ici_95.0.wav,/Users/nfot413/dolphin_project/official_click_features/segments/click_train_00342_start_1125.799s_ici_95.0.wav
343,344,1126.771115,1128.671859,1.9007440000000315,1126.751115,1128.691859,1.9407439999999951,5.0,click_train_00343_start_1126.771s_ici_5.0.wav,/Users/nfot413/dolphin_project/official_click_features/segments/click_train_00343_start_1126.771s_ici_5.0.wav
344,345,1128.671859,1128.807839,0.13598000000001775,1128.651859,1128.827839,0.17597999999998137,10.0,click_train_00344_start_1128.672s_ici_10.0.wav,/Users/nfot413/dolphin_project/official_click_features/segments/click_train_00344_start_1128.672s_ici_10.0.wav
345,346,1128.807839,1129.199005,0.39116599999988466,1128.787839,1129.219005,0.4311659999998483,10.0,click_train_00345_start_1128.808s_ici_10.0.wav,/Users/nfot413/dolphin_project/official_click_features/segments/click_train_00345_start_1128.808s_ici_10.0.wav
346,347,1129.222677,1129.440693,0.21801600000003418,1129.202677,1129.460693,0.2580159999999978,10.0,click_train_00346_start_1129.223s_ici_10.0.wav,/Users/nfot413/dolphin_project/official_click_features/segments/click_train_00346_start_1129.223s_ici_10.0.wav
347,348,1130.11437,1130.162276,0.04790600000001177,1130.09437,1130.182276,0.08790599999997539,10.0,click_train_00347_start_1130.114s_ici_10.0.wav,/Users/nfot413/dolphin_project/official_click_features/segments/click_train_00347_start_1130.114s_ici_10.0.wav
348,349,1130.292333,1131.100318,0.8079849999999169,1130.2723330000001,1131.120318,0.8479849999998805,60.0,click_train_00348_start_1130.292s_ici_60.0.wav,/Users/nfot413/dolphin_project/official_click_features/segments/click_train_00348_start_1130.292s_ici_60.0.wav
349,350,1132.127036,1132.334828,0.2077919999999267,1132.107036,1132.354828,0.24779199999989032,5.0,click_train_00349_start_1132.127s_ici_5.0.wav,/Users/nfot413/dolphin_project/official_click_features/segments/click_train_00349_start_1132.127s_ici_5.0.wav
350,351,1132.56251,1132.855625,0.2931149999999434,1132.54251,1132.875625,0.333114999999907,40.0,click_train_00350_start_1132.563s_ici_40.0.wav,/Users/nfot413/dolphin_project/official_click_features/segments/click_train_00350_start_1132.563s_ici_40.0.wav
351,352,1133.017307,1133.215036,0.19772899999998117,1132.997307,1133.235036,0.2377289999999448,5.0,click_train_00351_start_1133.017s_ici_5.0.wav,/Users/nfot413/dolphin_project/official_click_features/segments/click_train_00351_start_1133.017s_ici_5.0.wav
352,353,1133.374047,1133.767745,0.3936980000000858,1133.354047,1133.787745,0.43369800000004943,45.0,click_train_00352_start_1133.374s_ici_45.0.wav,/Users/nfot413/dolphin_project/official_click_features/segments/click_train_00352_start_1133.374s_ici_45.0.wav
353,354,1133.767745,1133.91937,0.15162499999996726,1133.7477450000001,1133.93937,0.19162499999993088,10.0,click_train_00353_start_1133.768s_ici_10.0.wav,/Users/nfot413/dolphin_project/official_click_features/segments/click_train_00353_start_1133.768s_ici_10.0.wav
354,355,1133.941292,1134.146495,0.20520299999998315,1133.921292,1134.166495,0.24520299999994677,5.0,click_train_00354_start_1133.941s_ici_5.0.wav,/Users/nfot413/dolphin_project/official_click_features/segments/click_train_00354_start_1133.941s_ici_5.0.wav
355,356,1134.146495,1135.530464,1.3839689999999791,1134.126495,1135.550464,1.4239689999999428,10.0,click_train_00355_start_1134.146s_ici_10.0.wav,/Users/nfot413/dolphin_project/official_click_features/segments/click_train_00355_start_1134.146s_ici_10.0.wav
356,357,1135.530464,1135.592656,0.062192000000095504,1135.510464,1135.612656,0.10219200000005912,10.0,click_train_00356_start_1135.530s_ici_10.0.wav,/Users/nfot413/dolphin_project/official_click_features/segments/click_train_00356_start_1135.530s_ici_10.0.wav
357,358,1135.697427,1135.873891,0.17646399999989626,1135.677427,1135.893891,0.21646399999985988,5.0,click_train_00357_start_1135.697s_ici_5.0.wav,/Users/nfot413/dolphin_project/official_click_features/segments/click_train_00357_start_1135.697s_ici_5.0.wav
358,359,1136.145135,1136.203865,0.05872999999996864,1136.125135,1136.223865,0.09872999999993226,10.0,click_train_00358_start_1136.145s_ici_10.0.wav,/Users/nfot413/dolphin_project/official_click_features/segments/click_train_00358_start_1136.145s_ici_10.0.wav
359,360,1136.203865,1136.541708,0.33784300000002077,1136.183865,1136.561708,0.3778429999999844,50.0,click_train_00359_start_1136.204s_ici_50.0.wav,/Users/nfot413/dolphin_project/official_click_features/segments/click_train_00359_start_1136.204s_ici_50.0.wav
360,361,1136.86212,1137.901781,1.0396610000000237,1136.84212,1137.921781,1.0796609999999873,10.0,click_train_00360_start_1136.862s_ici_10.0.wav,/Users/nfot413/dolphin_project/official_click_features/segments/click_train_00360_start_1136.862s_ici_10.0.wav
361,362,1137.901781,1138.029792,0.12801100000001497,1137.881781,1138.049792,0.1680109999999786,25.0,click_train_00361_start_1137.902s_ici_25.0.wav,/Users/nfot413/dolphin_project/official_click_features/segments/click_train_00361_start_1137.902s_ici_25.0.wav
362,363,1138.34912,1138.769693,0.42057299999987663,1138.32912,1138.789693,0.46057299999984025,35.0,click_train_00362_start_1138.349s_ici_35.0.wav,/Users/nfot413/dolphin_project/official_click_features/segments/click_train_00362_start_1138.349s_ici_35.0.wav
363,364,1138.769693,1138.956844,0.18715100000008533,1138.749693,1138.976844,0.22715100000004895,10.0,click_train_00363_start_1138.770s_ici_10.0.wav,/Users/nfot413/dolphin_project/official_click_features/segments/click_train_00363_start_1138.770s_ici_10.0.wav
364,365,1138.979635,1139.433026,0.45339100000001054,1138.959635,1139.453026,0.49339099999997416,60.0,click_train_00364_start_1138.980s_ici_60.0.wav,/Users/nfot413/dolphin_project/official_click_features/segments/click_train_00364_start_1138.980s_ici_60.0.wav
365,366,1141.036453,1143.381589,2.3451360000001387,1141.016453,1143.401589,2.3851360000001023,10.0,click_train_00365_start_1141.036s_ici_10.0.wav,/Users/nfot413/dolphin_project/official_click_features/segments/click_train_00365_start_1141.036s_ici_10.0.wav
366,367,1143.873479,1144.137214,0.26373499999999694,1143.853479,1144.157214,0.30373499999996056,30.0,click_train_00366_start_1143.873s_ici_30.0.wav,/Users/nfot413/dolphin_project/official_click_features/segments/click_train_00366_start_1143.873s_ici_30.0.wav
367,368,1145.109281,1146.248115,1.138834000000088,1145.089281,1146.268115,1.1788340000000517,65.0,click_train_00367_start_1145.109s_ici_65.0.wav,/Users/nfot413/dolphin_project/official_click_features/segments/click_train_00367_start_1145.109s_ici_65.0.wav
368,369,1146.38962,1146.930359,0.5407390000000305,1146.36962,1146.950359,0.5807389999999941,15.0,click_train_00368_start_1146.390s_ici_15.0.wav,/Users/nfot413/dolphin_project/official_click_features/segments/click_train_00368_start_1146.390s_ici_15.0.wav
369,370,1147.530344,1147.777479,0.24713500000007116,1147.510344,1147.797479,0.2871350000000348,50.0,click_train_00369_start_1147.530s_ici_50.0.wav,/Users/nfot413/dolphin_project/official_click_features/segments/click_train_00369_start_1147.530s_ici_50.0.wav
370,371,1148.427406,1148.66299,0.2355840000000171,1148.407406,1148.68299,0.27558399999998073,10.0,click_train_00370_start_1148.427s_ici_10.0.wav,/Users/nfot413/dolphin_project/official_click_features/segments/click_train_00370_start_1148.427s_ici_10.0.wav
371,372,1148.973104,1149.623286,0.6501820000000862,1148.953104,1149.643286,0.6901820000000498,5.0,click_train_00371_start_1148.973s_ici_5.0.wav,/Users/nfot413/dolphin_project/official_click_features/segments/click_train_00371_start_1148.973s_ici_5.0.wav
372,373,1150.156594,1150.237167,0.08057299999995848,1150.136594,1150.257167,0.1205729999999221,15.0,click_train_00372_start_1150.157s_ici_15.0.wav,/Users/nfot413/dolphin_project/official_click_features/segments/click_train_00372_start_1150.157s_ici_15.0.wav
373,374,1150.577984,1151.422693,0.8447089999999662,1150.557984,1151.442693,0.8847089999999298,5.0,click_train_00373_start_1150.578s_ici_5.0.wav,/Users/nfot413/dolphin_project/official_click_features/segments/click_train_00373_start_1150.578s_ici_5.0.wav
374,375,1152.243281,1152.950943,0.7076620000000275,1152.223281,1152.970943,0.7476619999999912,55.0,click_train_00374_start_1152.243s_ici_55.0.wav,/Users/nfot413/dolphin_project/official_click_features/segments/click_train_00374_start_1152.243s_ici_55.0.wav
375,376,1152.950943,1153.82775,0.8768069999998716,1152.930943,1153.84775,0.9168069999998352,70.0,click_train_00375_start_1152.951s_ici_70.0.wav,/Users/nfot413/dolphin_project/official_click_features/segments/click_train_00375_start_1152.951s_ici_70.0.wav
376,377,1154.280474,1154.649089,0.36861500000009073,1154.260474,1154.669089,0.40861500000005435,55.0,click_train_00376_start_1154.280s_ici_55.0.wav,/Users/nfot413/dolphin_project/official_click_features/segments/click_train_00376_start_1154.280s_ici_55.0.wav
377,378,1155.187703,1155.478016,0.2903129999999692,1155.167703,1155.498016,0.3303129999999328,45.0,click_train_00377_start_1155.188s_ici_45.0.wav,/Users/nfot413/dolphin_project/official_click_features/segments/click_train_00377_start_1155.188s_ici_45.0.wav
378,379,1155.851641,1155.893219,0.04157800000007228,1155.831641,1155.913219,0.0815780000000359,5.0,click_train_00378_start_1155.852s_ici_5.0.wav,/Users/nfot413/dolphin_project/official_click_features/segments/click_train_00378_start_1155.852s_ici_5.0.wav
379,380,1156.020917,1156.334073,0.3131559999999354,1156.000917,1156.354073,0.353155999999899,50.0,click_train_00379_start_1156.021s_ici_50.0.wav,/Users/nfot413/dolphin_project/official_click_features/segments/click_train_00379_start_1156.021s_ici_50.0.wav
380,381,1156.691755,1156.779615,0.08785999999986416,1156.671755,1156.799615,0.12785999999982778,5.0,click_train_00380_start_1156.692s_ici_5.0.wav,/Users/nfot413/dolphin_project/official_click_features/segments/click_train_00380_start_1156.692s_ici_5.0.wav
381,382,1156.798422,1156.843234,0.04481199999986529,1156.778422,1156.863234,0.08481199999982891,5.0,click_train_00381_start_1156.798s_ici_5.0.wav,/Users/nfot413/dolphin_project/official_click_features/segments/click_train_00381_start_1156.798s_ici_5.0.wav
382,383,1157.068719,1157.326568,0.257848999999851,1157.0487190000001,1157.346568,0.2978489999998146,40.0,click_train_00382_start_1157.069s_ici_40.0.wav,/Users/nfot413/dolphin_project/official_click_features/segments/click_train_00382_start_1157.069s_ici_40.0.wav
383,384,1158.002943,1158.416354,0.4134109999999964,1157.982943,1158.436354,0.45341099999996004,45.0,click_train_00383_start_1158.003s_ici_45.0.wav,/Users/nfot413/dolphin_project/official_click_features/segments/click_train_00383_start_1158.003s_ici_45.0.wav
384,385,1158.786151,1159.172818,0.38666699999998855,1158.766151,1159.192818,0.42666699999995217,45.0,click_train_00384_start_1158.786s_ici_45.0.wav,/Users/nfot413/dolphin_project/official_click_features/segments/click_train_00384_start_1158.786s_ici_45.0.wav
385,386,1159.835141,1160.281724,0.4465829999999187,1159.815141,1160.301724,0.4865829999998823,10.0,click_train_00385_start_1159.835s_ici_10.0.wav,/Users/nfot413/dolphin_project/official_click_features/segments/click_train_00385_start_1159.835s_ici_10.0.wav
386,387,1160.315396,1162.044745,1.7293489999999565,1160.295396,1162.064745,1.7693489999999201,5.0,click_train_00386_start_1160.315s_ici_5.0.wav,/Users/nfot413/dolphin_project/official_click_features/segments/click_train_00386_start_1160.315s_ici_5.0.wav
387,388,1162.044745,1163.00226,0.9575150000000576,1162.024745,1163.02226,0.9975150000000212,35.0,click_train_00387_start_1162.045s_ici_35.0.wav,/Users/nfot413/dolphin_project/official_click_features/segments/click_train_00387_start_1162.045s_ici_35.0.wav
388,389,1163.00226,1163.851302,0.849042000000054,1162.98226,1163.871302,0.8890420000000177,5.0,click_train_00388_start_1163.002s_ici_5.0.wav,/Users/nfot413/dolphin_project/official_click_features/segments/click_train_00388_start_1163.002s_ici_5.0.wav
389,390,1163.851302,1163.923948,0.07264600000007704,1163.831302,1163.943948,0.11264600000004066,5.0,click_train_00389_start_1163.851s_ici_5.0.wav,/Users/nfot413/dolphin_project/official_click_features/segments/click_train_00389_start_1163.851s_ici_5.0.wav
390,391,1163.942224,1163.972417,0.03019300000005387,1163.922224,1163.992417,0.07019300000001749,5.0,click_train_00390_start_1163.942s_ici_5.0.wav,/Users/nfot413/dolphin_project/official_click_features/segments/click_train_00390_start_1163.942s_ici_5.0.wav
391,392,1164.020026,1164.15375,0.13372400000002926,1164.000026,1164.17375,0.17372399999999288,5.0,click_train_00391_start_1164.020s_ici_5.0.wav,/Users/nfot413/dolphin_project/official_click_features/segments/click_train_00391_start_1164.020s_ici_5.0.wav
392,393,1164.15375,1164.366505,0.21275500000001557,1164.13375,1164.386505,0.2527549999999792,5.0,click_train_00392_start_1164.154s_ici_5.0.wav,/Users/nfot413/dolphin_project/official_click_features/segments/click_train_00392_start_1164.154s_ici_5.0.wav
393,394,1164.413422,1164.842464,0.42904199999998127,1164.393422,1164.862464,0.4690419999999449,5.0,click_train_00393_start_1164.413s_ici_5.0.wav,/Users/nfot413/dolphin_project/official_click_features/segments/click_train_00393_start_1164.413s_ici_5.0.wav
394,395,1164.950984,1164.99125,0.040265999999974156,1164.930984,1165.01125,0.08026599999993778,5.0,click_train_00394_start_1164.951s_ici_5.0.wav,/Users/nfot413/dolphin_project/official_click_features/segments/click_train_00394_start_1164.951s_ici_5.0.wav
395,396,1165.042938,1165.141859,0.09892100000001847,1165.022938,1165.161859,0.1389209999999821,5.0,click_train_00395_start_1165.043s_ici_5.0.wav,/Users/nfot413/dolphin_project/official_click_features/segments/click_train_00395_start_1165.043s_ici_5.0.wav
396,397,1165.161812,1165.249875,0.08806299999992007,1165.141812,1165.269875,0.1280629999998837,5.0,click_train_00396_start_1165.162s_ici_5.0.wav,/Users/nfot413/dolphin_project/official_click_features/segments/click_train_00396_start_1165.162s_ici_5.0.wav
397,398,1165.274766,1165.297646,0.022879999999986467,1165.254766,1165.317646,0.06287999999995009,5.0,click_train_00397_start_1165.275s_ici_5.0.wav,/Users/nfot413/dolphin_project/official_click_features/segments/click_train_00397_start_1165.275s_ici_5.0.wav
398,399,1165.400083,1169.269417,3.8693339999999807,1165.380083,1169.289417,3.9093339999999444,5.0,click_train_00398_start_1165.400s_ici_5.0.wav,/Users/nfot413/dolphin_project/official_click_features/segments/click_train_00398_start_1165.400s_ici_5.0.wav
399,400,1169.269417,1169.952786,0.6833690000000843,1169.249417,1169.972786,0.7233690000000479,80.0,click_train_00399_start_1169.269s_ici_80.0.wav,/Users/nfot413/dolphin_project/official_click_features/segments/click_train_00399_start_1169.269s_ici_80.0.wav
400,401,1169.952786,1170.146052,0.19326599999999416,1169.932786,1170.166052,0.23326599999995778,5.0,click_train_00400_start_1169.953s_ici_5.0.wav,/Users/nfot413/dolphin_project/official_click_features/segments/click_train_00400_start_1169.953s_ici_5.0.wav
401,402,1170.170667,1170.196833,0.026165999999875567,1170.150667,1170.216833,0.06616599999983919,5.0,click_train_00401_start_1170.171s_ici_5.0.wav,/Users/nfot413/dolphin_project/official_click_features/segments/click_train_00401_start_1170.171s_ici_5.0.wav
402,403,1170.196833,1170.732651,0.535818000000063,1170.176833,1170.752651,0.5758180000000266,55.0,click_train_00402_start_1170.197s_ici_55.0.wav,/Users/nfot413/dolphin_project/official_click_features/segments/click_train_00402_start_1170.197s_ici_55.0.wav
403,404,1170.732651,1171.313146,0.580494999999928,1170.712651,1171.333146,0.6204949999998917,85.0,click_train_00403_start_1170.733s_ici_85.0.wav,/Users/nfot413/dolphin_project/official_click_features/segments/click_train_00403_start_1170.733s_ici_85.0.wav
404,405,1171.348948,1171.517219,0.16827100000000428,1171.328948,1171.537219,0.2082709999999679,5.0,click_train_00404_start_1171.349s_ici_5.0.wav,/Users/nfot413/dolphin_project/official_click_features/segments/click_train_00404_start_1171.349s_ici_5.0.wav
405,406,1171.994698,1172.225906,0.23120799999992414,1171.974698,1172.2459059999999,0.27120799999988776,5.0,click_train_00405_start_1171.995s_ici_5.0.wav,/Users/nfot413/dolphin_project/official_click_features/segments/click_train_00405_start_1171.995s_ici_5.0.wav
406,407,1172.616219,1173.04275,0.42653100000006816,1172.596219,1173.06275,0.4665310000000318,75.0,click_train_00406_start_1172.616s_ici_75.0.wav,/Users/nfot413/dolphin_project/official_click_features/segments/click_train_00406_start_1172.616s_ici_75.0.wav
407,408,1173.04275,1173.305427,0.26267699999993965,1173.02275,1173.325427,0.3026769999999033,5.0,click_train_00407_start_1173.043s_ici_5.0.wav,/Users/nfot413/dolphin_project/official_click_features/segments/click_train_00407_start_1173.043s_ici_5.0.wav
408,409,1173.305427,1173.410776,0.10534899999993286,1173.285427,1173.430776,0.14534899999989648,15.0,click_train_00408_start_1173.305s_ici_15.0.wav,/Users/nfot413/dolphin_project/official_click_features/segments/click_train_00408_start_1173.305s_ici_15.0.wav
409,410,1173.65638,1173.687943,0.03156300000000556,1173.63638,1173.707943,0.07156299999996918,5.0,click_train_00409_start_1173.656s_ici_5.0.wav,/Users/nfot413/dolphin_project/official_click_features/segments/click_train_00409_start_1173.656s_ici_5.0.wav
410,411,1174.061516,1175.158714,1.0971979999999348,1174.041516,1175.178714,1.1371979999998985,5.0,click_train_00410_start_1174.062s_ici_5.0.wav,/Users/nfot413/dolphin_project/official_click_features/segments/click_train_00410_start_1174.062s_ici_5.0.wav
411,412,1175.203104,1175.700448,0.4973440000001119,1175.183104,1175.720448,0.5373440000000755,10.0,click_train_00411_start_1175.203s_ici_10.0.wav,/Users/nfot413/dolphin_project/official_click_features/segments/click_train_00411_start_1175.203s_ici_10.0.wav
412,413,1175.700448,1175.981026,0.28057799999987765,1175.680448,1176.001026,0.32057799999984127,50.0,click_train_00412_start_1175.700s_ici_50.0.wav,/Users/nfot413/dolphin_project/official_click_features/segments/click_train_00412_start_1175.700s_ici_50.0.wav
413,414,1176.559823,1177.967802,1.407978999999841,1176.539823,1177.9878019999999,1.4479789999998047,5.0,click_train_00413_start_1176.560s_ici_5.0.wav,/Users/nfot413/dolphin_project/official_click_features/segments/click_train_00413_start_1176.560s_ici_5.0.wav
414,415,1177.967802,1178.557672,0.589870000000019,1177.947802,1178.577672,0.6298699999999826,45.0,click_train_00414_start_1177.968s_ici_45.0.wav,/Users/nfot413/dolphin_project/official_click_features/segments/click_train_00414_start_1177.968s_ici_45.0.wav
415,416,1178.581974,1179.434625,0.8526510000001508,1178.561974,1179.454625,0.8926510000001144,5.0,click_train_00415_start_1178.582s_ici_5.0.wav,/Users/nfot413/dolphin_project/official_click_features/segments/click_train_00415_start_1178.582s_ici_5.0.wav
416,417,1179.434625,1179.70149,0.26686499999982516,1179.4146250000001,1179.72149,0.3068649999997888,5.0,click_train_00416_start_1179.435s_ici_5.0.wav,/Users/nfot413/dolphin_project/official_click_features/segments/click_train_00416_start_1179.435s_ici_5.0.wav
417,418,1179.70149,1179.751948,0.05045800000016243,1179.68149,1179.771948,0.09045800000012605,10.0,click_train_00417_start_1179.701s_ici_10.0.wav,/Users/nfot413/dolphin_project/official_click_features/segments/click_train_00417_start_1179.701s_ici_10.0.wav
418,419,1180.063583,1180.162172,0.09858899999994719,1180.0435830000001,1180.182172,0.1385889999999108,5.0,click_train_00418_start_1180.064s_ici_5.0.wav,/Users/nfot413/dolphin_project/official_click_features/segments/click_train_00418_start_1180.064s_ici_5.0.wav
419,420,1180.483969,1180.561062,0.07709300000010444,1180.463969,1180.581062,0.11709300000006806,10.0,click_train_00419_start_1180.484s_ici_10.0.wav,/Users/nfot413/dolphin_project/official_click_features/segments/click_train_00419_start_1180.484s_ici_10.0.wav
420,421,1180.807406,1181.050417,0.24301100000002407,1180.787406,1181.070417,0.2830109999999877,5.0,click_train_00420_start_1180.807s_ici_5.0.wav,/Users/nfot413/dolphin_project/official_click_features/segments/click_train_00420_start_1180.807s_ici_5.0.wav
421,422,1181.222365,1182.948797,1.7264319999999316,1181.202365,1182.968797,1.7664319999998952,5.0,click_train_00421_start_1181.222s_ici_5.0.wav,/Users/nfot413/dolphin_project/official_click_features/segments/click_train_00421_start_1181.222s_ici_5.0.wav
422,423,1183.597224,1183.799594,0.20236999999997352,1183.5772240000001,1183.819594,0.24236999999993714,5.0,click_train_00422_start_1183.597s_ici_5.0.wav,/Users/nfot413/dolphin_project/official_click_features/segments/click_train_00422_start_1183.597s_ici_5.0.wav
423,424,1185.742693,1186.04013,0.2974370000001727,1185.722693,1186.06013,0.3374370000001363,65.0,click_train_00423_start_1185.743s_ici_65.0.wav,/Users/nfot413/dolphin_project/official_click_features/segments/click_train_00423_start_1185.743s_ici_65.0.wav
424,425,1186.060651,1186.206115,0.1454639999999472,1186.040651,1186.226115,0.1854639999999108,25.0,click_train_00424_start_1186.061s_ici_25.0.wav,/Users/nfot413/dolphin_project/official_click_features/segments/click_train_00424_start_1186.061s_ici_25.0.wav
425,426,1186.316557,1186.872302,0.555744999999888,1186.2965570000001,1186.892302,0.5957449999998516,5.0,click_train_00425_start_1186.317s_ici_5.0.wav,/Users/nfot413/dolphin_project/official_click_features/segments/click_train_00425_start_1186.317s_ici_5.0.wav
426,427,1187.791594,1187.83874,0.047145999999884225,1187.771594,1187.85874,0.08714599999984785,10.0,click_train_00426_start_1187.792s_ici_10.0.wav,/Users/nfot413/dolphin_project/official_click_features/segments/click_train_00426_start_1187.792s_ici_10.0.wav
427,428,1188.064958,1188.124146,0.059188000000176544,1188.044958,1188.144146,0.09918800000014016,5.0,click_train_00427_start_1188.065s_ici_5.0.wav,/Users/nfot413/dolphin_project/official_click_features/segments/click_train_00427_start_1188.065s_ici_5.0.wav
428,429,1188.124146,1188.166484,0.04233799999997245,1188.1041460000001,1188.186484,0.08233799999993607,5.0,click_train_00428_start_1188.124s_ici_5.0.wav,/Users/nfot413/dolphin_project/official_click_features/segments/click_train_00428_start_1188.124s_ici_5.0.wav
429,430,1188.166484,1188.266818,0.10033399999997528,1188.146484,1188.286818,0.1403339999999389,5.0,click_train_00429_start_1188.166s_ici_5.0.wav,/Users/nfot413/dolphin_project/official_click_features/segments/click_train_00429_start_1188.166s_ici_5.0.wav
430,431,1188.327271,1188.351885,0.024613999999928637,1188.3072710000001,1188.371885,0.06461399999989226,5.0,click_train_00430_start_1188.327s_ici_5.0.wav,/Users/nfot413/dolphin_project/official_click_features/segments/click_train_00430_start_1188.327s_ici_5.0.wav
431,432,1188.351885,1188.555219,0.20333400000004076,1188.331885,1188.575219,0.24333400000000438,5.0,click_train_00431_start_1188.352s_ici_5.0.wav,/Users/nfot413/dolphin_project/official_click_features/segments/click_train_00431_start_1188.352s_ici_5.0.wav
432,433,1188.555219,1190.974,2.4187809999998535,1188.535219,1190.994,2.458780999999817,5.0,click_train_00432_start_1188.555s_ici_5.0.wav,/Users/nfot413/dolphin_project/official_click_features/segments/click_train_00432_start_1188.555s_ici_5.0.wav
433,434,1191.100224,1191.503568,0.403344000000061,1191.080224,1191.523568,0.4433440000000246,10.0,click_train_00433_start_1191.100s_ici_10.0.wav,/Users/nfot413/dolphin_project/official_click_features/segments/click_train_00433_start_1191.100s_ici_10.0.wav
434,435,1191.503568,1191.971812,0.4682439999999133,1191.483568,1191.991812,0.5082439999998769,50.0,click_train_00434_start_1191.504s_ici_50.0.wav,/Users/nfot413/dolphin_project/official_click_features/segments/click_train_00434_start_1191.504s_ici_50.0.wav
435,436,1191.971812,1192.234708,0.26289599999995517,1191.951812,1192.254708,0.3028959999999188,10.0,click_train_00435_start_1191.972s_ici_10.0.wav,/Users/nfot413/dolphin_project/official_click_features/segments/click_train_00435_start_1191.972s_ici_10.0.wav
436,437,1192.280755,1192.371078,0.09032299999989846,1192.260755,1192.3910779999999,0.13032299999986208,5.0,click_train_00436_start_1192.281s_ici_5.0.wav,/Users/nfot413/dolphin_project/official_click_features/segments/click_train_00436_start_1192.281s_ici_5.0.wav
437,438,1192.651938,1194.154786,1.5028480000000854,1192.631938,1194.174786,1.542848000000049,5.0,click_train_00437_start_1192.652s_ici_5.0.wav,/Users/nfot413/dolphin_project/official_click_features/segments/click_train_00437_start_1192.652s_ici_5.0.wav
438,439,1194.803161,1195.192036,0.38887499999987085,1194.783161,1195.212036,0.42887499999983447,10.0,click_train_00438_start_1194.803s_ici_10.0.wav,/Users/nfot413/dolphin_project/official_click_features/segments/click_train_00438_start_1194.803s_ici_10.0.wav
439,440,1195.192036,1195.54188,0.34984400000007554,1195.172036,1195.56188,0.38984400000003916,40.0,click_train_00439_start_1195.192s_ici_40.0.wav,/Users/nfot413/dolphin_project/official_click_features/segments/click_train_00439_start_1195.192s_ici_40.0.wav
440,441,1195.704281,1196.199823,0.4955419999998867,1195.684281,1196.219823,0.5355419999998503,5.0,click_train_00440_start_1195.704s_ici_5.0.wav,/Users/nfot413/dolphin_project/official_click_features/segments/click_train_00440_start_1195.704s_ici_5.0.wav
441,442,1196.814172,1197.282458,0.46828599999980725,1196.7941720000001,1197.302458,0.5082859999997709,45.0,click_train_00441_start_1196.814s_ici_45.0.wav,/Users/nfot413/dolphin_project/official_click_features/segments/click_train_00441_start_1196.814s_ici_45.0.wav
442,443,1197.311594,1197.620849,0.3092549999998937,1197.291594,1197.640849,0.3492549999998573,60.0,click_train_00442_start_1197.312s_ici_60.0.wav,/Users/nfot413/dolphin_project/official_click_features/segments/click_train_00442_start_1197.312s_ici_60.0.wav
443,444,1197.826839,1197.926687,0.09984799999983807,1197.806839,1197.9466869999999,0.1398479999998017,5.0,click_train_00443_start_1197.827s_ici_5.0.wav,/Users/nfot413/dolphin_project/official_click_features/segments/click_train_00443_start_1197.827s_ici_5.0.wav
444,445,1197.951802,1198.015807,0.0640049999999519,1197.931802,1198.035807,0.10400499999991553,5.0,click_train_00444_start_1197.952s_ici_5.0.wav,/Users/nfot413/dolphin_project/official_click_features/segments/click_train_00444_start_1197.952s_ici_5.0.wav
445,446,1198.688927,1199.03387,0.3449430000000575,1198.668927,1199.05387,0.38494300000002113,5.0,click_train_00445_start_1198.689s_ici_5.0.wav,/Users/nfot413/dolphin_project/official_click_features/segments/click_train_00445_start_1198.689s_ici_5.0.wav
446,447,1199.759062,1200.0,0.2409379999999146,1199.739062,1200.02,0.28093799999987823,5.0,click_train_00446_start_1199.759s_ici_5.0.wav,/Users/nfot413/dolphin_project/official_click_features/segments/click_train_00446_start_1199.759s_ici_5.0.wav
447,448,1200.182724,1205.069813,4.88708900000006,1200.162724,1205.089813,4.927089000000024,5.0,click_train_00447_start_1200.183s_ici_5.0.wav,/Users/nfot413/dolphin_project/official_click_features/segments/click_train_00447_start_1200.183s_ici_5.0.wav
448,449,1205.195688,1205.313583,0.11789500000008957,1205.175688,1205.333583,0.1578950000000532,10.0,click_train_00448_start_1205.196s_ici_10.0.wav,/Users/nfot413/dolphin_project/official_click_features/segments/click_train_00448_start_1205.196s_ici_10.0.wav
449,450,1205.974917,1206.100807,0.1258900000000267,1205.954917,1206.120807,0.16588999999999032,25.0,click_train_00449_start_1205.975s_ici_25.0.wav,/Users/nfot413/dolphin_project/official_click_features/segments/click_train_00449_start_1205.975s_ici_25.0.wav
450,451,1206.100807,1206.276932,0.17612499999995634,1206.080807,1206.296932,0.21612499999991996,5.0,click_train_00450_start_1206.101s_ici_5.0.wav,/Users/nfot413/dolphin_project/official_click_features/segments/click_train_00450_start_1206.101s_ici_5.0.wav
451,452,1206.666172,1207.01288,0.3467080000000351,1206.646172,1207.03288,0.3867079999999987,40.0,click_train_00451_start_1206.666s_ici_40.0.wav,/Users/nfot413/dolphin_project/official_click_features/segments/click_train_00451_start_1206.666s_ici_40.0.wav
452,453,1207.01288,1207.088823,0.07594300000005205,1206.99288,1207.108823,0.11594300000001567,5.0,click_train_00452_start_1207.013s_ici_5.0.wav,/Users/nfot413/dolphin_project/official_click_features/segments/click_train_00452_start_1207.013s_ici_5.0.wav
453,454,1207.150604,1207.23663,0.08602600000017446,1207.130604,1207.25663,0.12602600000013808,5.0,click_train_00453_start_1207.151s_ici_5.0.wav,/Users/nfot413/dolphin_project/official_click_features/segments/click_train_00453_start_1207.151s_ici_5.0.wav
454,455,1207.88088,1211.230839,3.3499590000001263,1207.86088,1211.250839,3.38995900000009,5.0,click_train_00454_start_1207.881s_ici_5.0.wav,/Users/nfot413/dolphin_project/official_click_features/segments/click_train_00454_start_1207.881s_ici_5.0.wav
455,456,1212.043885,1212.104109,0.060224000000062006,1212.023885,1212.124109,0.10022400000002563,10.0,click_train_00455_start_1212.044s_ici_10.0.wav,/Users/nfot413/dolphin_project/official_click_features/segments/click_train_00455_start_1212.044s_ici_10.0.wav
456,457,1212.104109,1212.221542,0.11743299999989176,1212.0841090000001,1212.241542,0.15743299999985538,25.0,click_train_00456_start_1212.104s_ici_25.0.wav,/Users/nfot413/dolphin_project/official_click_features/segments/click_train_00456_start_1212.104s_ici_25.0.wav
457,458,1212.250276,1212.499391,0.24911500000007436,1212.230276,1212.519391,0.289115000000038,30.0,click_train_00457_start_1212.250s_ici_30.0.wav,/Users/nfot413/dolphin_project/official_click_features/segments/click_train_00457_start_1212.250s_ici_30.0.wav
458,459,1212.669849,1212.889766,0.21991699999989578,1212.6498490000001,1212.909766,0.2599169999998594,45.0,click_train_00458_start_1212.670s_ici_45.0.wav,/Users/nfot413/dolphin_project/official_click_features/segments/click_train_00458_start_1212.670s_ici_45.0.wav
459,460,1213.501057,1213.676786,0.17572900000004665,1213.481057,1213.696786,0.21572900000001027,5.0,click_train_00459_start_1213.501s_ici_5.0.wav,/Users/nfot413/dolphin_project/official_click_features/segments/click_train_00459_start_1213.501s_ici_5.0.wav
460,461,1214.109781,1214.408385,0.2986039999998411,1214.0897810000001,1214.428385,0.33860399999980473,45.0,click_train_00460_start_1214.110s_ici_45.0.wav,/Users/nfot413/dolphin_project/official_click_features/segments/click_train_00460_start_1214.110s_ici_45.0.wav
461,462,1215.453714,1216.736427,1.282713000000058,1215.433714,1216.756427,1.3227130000000216,5.0,click_train_00461_start_1215.454s_ici_5.0.wav,/Users/nfot413/dolphin_project/official_click_features/segments/click_train_00461_start_1215.454s_ici_5.0.wav
462,463,1218.624193,1222.302922,3.6787289999999757,1218.6041930000001,1222.322922,3.7187289999999393,10.0,click_train_00462_start_1218.624s_ici_10.0.wav,/Users/nfot413/dolphin_project/official_click_features/segments/click_train_00462_start_1218.624s_ici_10.0.wav
463,464,1222.527833,1222.68213,0.15429699999981494,1222.5078330000001,1222.70213,0.19429699999977856,10.0,click_train_00463_start_1222.528s_ici_10.0.wav,/Users/nfot413/dolphin_project/official_click_features/segments/click_train_00463_start_1222.528s_ici_10.0.wav
464,465,1222.802604,1223.132109,0.32950499999992644,1222.782604,1223.1521089999999,0.36950499999989006,70.0,click_train_00464_start_1222.803s_ici_70.0.wav,/Users/nfot413/dolphin_project/official_click_features/segments/click_train_00464_start_1222.803s_ici_70.0.wav
465,466,1223.340438,1224.252578,0.9121400000001358,1223.320438,1224.272578,0.9521400000000995,5.0,click_train_00465_start_1223.340s_ici_5.0.wav,/Users/nfot413/dolphin_project/official_click_features/segments/click_train_00465_start_1223.340s_ici_5.0.wav
466,467,1225.536026,1225.648281,0.11225500000000466,1225.516026,1225.668281,0.15225499999996828,5.0,click_train_00466_start_1225.536s_ici_5.0.wav,/Users/nfot413/dolphin_project/official_click_features/segments/click_train_00466_start_1225.536s_ici_5.0.wav
467,468,1227.014453,1227.316141,0.30168800000001283,1226.994453,1227.336141,0.34168799999997646,10.0,click_train_00467_start_1227.014s_ici_10.0.wav,/Users/nfot413/dolphin_project/official_click_features/segments/click_train_00467_start_1227.014s_ici_10.0.wav
468,469,1227.70113,1227.962021,0.26089100000012877,1227.68113,1227.982021,0.3008910000000924,60.0,click_train_00468_start_1227.701s_ici_60.0.wav,/Users/nfot413/dolphin_project/official_click_features/segments/click_train_00468_start_1227.701s_ici_60.0.wav
469,470,1228.488005,1228.532583,0.04457800000000134,1228.468005,1228.552583,0.08457799999996496,5.0,click_train_00469_start_1228.488s_ici_5.0.wav,/Users/nfot413/dolphin_project/official_click_features/segments/click_train_00469_start_1228.488s_ici_5.0.wav
470,471,1228.591927,1229.138932,0.5470050000001265,1228.571927,1229.158932,0.5870050000000901,70.0,click_train_00470_start_1228.592s_ici_70.0.wav,/Users/nfot413/dolphin_project/official_click_features/segments/click_train_00470_start_1228.592s_ici_70.0.wav
471,472,1229.793036,1230.006776,0.2137399999999161,1229.773036,1230.026776,0.25373999999987973,45.0,click_train_00471_start_1229.793s_ici_45.0.wav,/Users/nfot413/dolphin_project/official_click_features/segments/click_train_00471_start_1229.793s_ici_45.0.wav
472,473,1230.469938,1232.867557,2.397619000000077,1230.449938,1232.887557,2.4376190000000406,5.0,click_train_00472_start_1230.470s_ici_5.0.wav,/Users/nfot413/dolphin_project/official_click_features/segments/click_train_00472_start_1230.470s_ici_5.0.wav
473,474,1234.149625,1234.481672,0.33204699999987497,1234.129625,1234.5016719999999,0.3720469999998386,5.0,click_train_00473_start_1234.150s_ici_5.0.wav,/Users/nfot413/dolphin_project/official_click_features/segments/click_train_00473_start_1234.150s_ici_5.0.wav
474,475,1235.158687,1235.322427,0.16373999999996158,1235.1386870000001,1235.342427,0.2037399999999252,5.0,click_train_00474_start_1235.159s_ici_5.0.wav,/Users/nfot413/dolphin_project/official_click_features/segments/click_train_00474_start_1235.159s_ici_5.0.wav
475,476,1236.811333,1236.881042,0.06970899999987523,1236.7913330000001,1236.901042,0.10970899999983885,10.0,click_train_00475_start_1236.811s_ici_10.0.wav,/Users/nfot413/dolphin_project/official_click_features/segments/click_train_00475_start_1236.811s_ici_10.0.wav
476,477,1236.976911,1237.057182,0.08027100000003884,1236.956911,1237.077182,0.12027100000000246,10.0,click_train_00476_start_1236.977s_ici_10.0.wav,/Users/nfot413/dolphin_project/official_click_features/segments/click_train_00476_start_1236.977s_ici_10.0.wav
477,478,1237.271193,1237.99876,0.7275669999999081,1237.251193,1238.01876,0.7675669999998718,65.0,click_train_00477_start_1237.271s_ici_65.0.wav,/Users/nfot413/dolphin_project/official_click_features/segments/click_train_00477_start_1237.271s_ici_65.0.wav
478,479,1238.689615,1240.652146,1.962530999999899,1238.669615,1240.6721459999999,2.0025309999998626,5.0,click_train_00478_start_1238.690s_ici_5.0.wav,/Users/nfot413/dolphin_project/official_click_features/segments/click_train_00478_start_1238.690s_ici_5.0.wav
479,480,1241.65612,1243.825771,2.1696509999999307,1241.6361200000001,1243.845771,2.2096509999998943,5.0,click_train_00479_start_1241.656s_ici_5.0.wav,/Users/nfot413/dolphin_project/official_click_features/segments/click_train_00479_start_1241.656s_ici_5.0.wav
480,481,1244.243708,1244.625047,0.3813390000000254,1244.223708,1244.645047,0.42133899999998903,45.0,click_train_00480_start_1244.244s_ici_45.0.wav,/Users/nfot413/dolphin_project/official_click_features/segments/click_train_00480_start_1244.244s_ici_45.0.wav
481,482,1244.625047,1245.187417,0.5623700000001008,1244.605047,1245.207417,0.6023700000000645,65.0,click_train_00481_start_1244.625s_ici_65.0.wav,/Users/nfot413/dolphin_project/official_click_features/segments/click_train_00481_start_1244.625s_ici_65.0.wav
482,483,1245.278844,1246.516901,1.2380570000000262,1245.258844,1246.536901,1.2780569999999898,10.0,click_train_00482_start_1245.279s_ici_10.0.wav,/Users/nfot413/dolphin_project/official_click_features/segments/click_train_00482_start_1245.279s_ici_10.0.wav
483,484,1246.987323,1247.25762,0.27029700000002777,1246.967323,1247.27762,0.3102969999999914,30.0,click_train_00483_start_1246.987s_ici_30.0.wav,/Users/nfot413/dolphin_project/official_click_features/segments/click_train_00483_start_1246.987s_ici_30.0.wav
484,485,1247.25762,1247.305901,0.048280999999860796,1247.23762,1247.325901,0.08828099999982442,5.0,click_train_00484_start_1247.258s_ici_5.0.wav,/Users/nfot413/dolphin_project/official_click_features/segments/click_train_00484_start_1247.258s_ici_5.0.wav
485,486,1247.822875,1248.00362,0.18074499999988802,1247.802875,1248.02362,0.22074499999985164,40.0,click_train_00485_start_1247.823s_ici_40.0.wav,/Users/nfot413/dolphin_project/official_click_features/segments/click_train_00485_start_1247.823s_ici_40.0.wav
486,487,1248.110823,1248.316505,0.20568200000002435,1248.090823,1248.336505,0.24568199999998797,30.0,click_train_00486_start_1248.111s_ici_30.0.wav,/Users/nfot413/dolphin_project/official_click_features/segments/click_train_00486_start_1248.111s_ici_30.0.wav
487,488,1248.316505,1248.567177,0.250671999999895,1248.296505,1248.5871769999999,0.2906719999998586,5.0,click_train_00487_start_1248.317s_ici_5.0.wav,/Users/nfot413/dolphin_project/official_click_features/segments/click_train_00487_start_1248.317s_ici_5.0.wav
488,489,1248.571172,1248.831177,0.26000500000009197,1248.551172,1248.851177,0.3000050000000556,30.0,click_train_00488_start_1248.571s_ici_30.0.wav,/Users/nfot413/dolphin_project/official_click_features/segments/click_train_00488_start_1248.571s_ici_30.0.wav
489,490,1249.024865,1249.349714,0.3248489999998583,1249.004865,1249.369714,0.3648489999998219,5.0,click_train_00489_start_1249.025s_ici_5.0.wav,/Users/nfot413/dolphin_project/official_click_features/segments/click_train_00489_start_1249.025s_ici_5.0.wav
490,491,1249.349714,1249.726047,0.3763330000001588,1249.329714,1249.746047,0.4163330000001224,30.0,click_train_00490_start_1249.350s_ici_30.0.wav,/Users/nfot413/dolphin_project/official_click_features/segments/click_train_00490_start_1249.350s_ici_30.0.wav
491,492,1249.726047,1250.247062,0.5210149999998066,1249.7060470000001,1250.267062,0.5610149999997702,60.0,click_train_00491_start_1249.726s_ici_60.0.wav,/Users/nfot413/dolphin_project/official_click_features/segments/click_train_00491_start_1249.726s_ici_60.0.wav
492,493,1250.412906,1254.475031,4.062124999999924,1250.392906,1254.495031,4.102124999999887,5.0,click_train_00492_start_1250.413s_ici_5.0.wav,/Users/nfot413/dolphin_project/official_click_features/segments/click_train_00492_start_1250.413s_ici_5.0.wav
493,494,1254.475031,1254.779214,0.30418299999996634,1254.455031,1254.799214,0.34418299999992996,65.0,click_train_00493_start_1254.475s_ici_65.0.wav,/Users/nfot413/dolphin_project/official_click_features/segments/click_train_00493_start_1254.475s_ici_65.0.wav
494,495,1254.779214,1257.850974,3.0717600000000402,1254.759214,1257.870974,3.111760000000004,5.0,click_train_00494_start_1254.779s_ici_5.0.wav,/Users/nfot413/dolphin_project/official_click_features/segments/click_train_00494_start_1254.779s_ici_5.0.wav
495,496,1258.178672,1258.547109,0.3684370000000854,1258.158672,1258.567109,0.408437000000049,5.0,click_train_00495_start_1258.179s_ici_5.0.wav,/Users/nfot413/dolphin_project/official_click_features/segments/click_train_00495_start_1258.179s_ici_5.0.wav
496,497,1258.547109,1259.851568,1.3044589999999516,1258.527109,1259.871568,1.3444589999999152,5.0,click_train_00496_start_1258.547s_ici_5.0.wav,/Users/nfot413/dolphin_project/official_click_features/segments/click_train_00496_start_1258.547s_ici_5.0.wav
497,498,1260.094323,1260.485526,0.39120299999990493,1260.074323,1260.505526,0.43120299999986855,60.0,click_train_00497_start_1260.094s_ici_60.0.wav,/Users/nfot413/dolphin_project/official_click_features/segments/click_train_00497_start_1260.094s_ici_60.0.wav
498,499,1260.485526,1261.473516,0.9879900000000816,1260.465526,1261.493516,1.0279900000000453,5.0,click_train_00498_start_1260.486s_ici_5.0.wav,/Users/nfot413/dolphin_project/official_click_features/segments/click_train_00498_start_1260.486s_ici_5.0.wav
499,500,1261.473516,1261.55625,0.08273400000007314,1261.453516,1261.57625,0.12273400000003676,10.0,click_train_00499_start_1261.474s_ici_10.0.wav,/Users/nfot413/dolphin_project/official_click_features/segments/click_train_00499_start_1261.474s_ici_10.0.wav
500,501,1261.55625,1261.642052,0.08580199999983051,1261.53625,1261.662052,0.12580199999979413,10.0,click_train_00500_start_1261.556s_ici_10.0.wav,/Users/nfot413/dolphin_project/official_click_features/segments/click_train_00500_start_1261.556s_ici_10.0.wav
501,502,1261.721849,1262.07601,0.3541609999999764,1261.701849,1262.09601,0.39416099999994003,10.0,click_train_00501_start_1261.722s_ici_10.0.wav,/Users/nfot413/dolphin_project/official_click_features/segments/click_train_00501_start_1261.722s_ici_10.0.wav
502,503,1262.184953,1262.292693,0.10774000000014894,1262.164953,1262.312693,0.14774000000011256,10.0,click_train_00502_start_1262.185s_ici_10.0.wav,/Users/nfot413/dolphin_project/official_click_features/segments/click_train_00502_start_1262.185s_ici_10.0.wav
503,504,1263.802984,1264.096958,0.29397400000016205,1263.782984,1264.116958,0.33397400000012567,50.0,click_train_00503_start_1263.803s_ici_50.0.wav,/Users/nfot413/dolphin_project/official_click_features/segments/click_train_00503_start_1263.803s_ici_50.0.wav
504,505,1264.096958,1264.15649,0.05953199999999015,1264.076958,1264.17649,0.09953199999995377,10.0,click_train_00504_start_1264.097s_ici_10.0.wav,/Users/nfot413/dolphin_project/official_click_features/segments/click_train_00504_start_1264.097s_ici_10.0.wav
505,506,1264.15649,1264.854448,0.6979579999999714,1264.13649,1264.874448,0.737957999999935,45.0,click_train_00505_start_1264.156s_ici_45.0.wav,/Users/nfot413/dolphin_project/official_click_features/segments/click_train_00505_start_1264.156s_ici_45.0.wav
506,507,1264.889932,1265.087187,0.19725500000004104,1264.869932,1265.107187,0.23725500000000466,35.0,click_train_00506_start_1264.890s_ici_35.0.wav,/Users/nfot413/dolphin_project/official_click_features/segments/click_train_00506_start_1264.890s_ici_35.0.wav
507,508,1265.087187,1265.130807,0.043619999999918946,1265.067187,1265.150807,0.08361999999988257,10.0,click_train_00507_start_1265.087s_ici_10.0.wav,/Users/nfot413/dolphin_project/official_click_features/segments/click_train_00507_start_1265.087s_ici_10.0.wav
508,509,1265.200339,1265.277927,0.07758800000010524,1265.180339,1265.297927,0.11758800000006886,10.0,click_train_00508_start_1265.200s_ici_10.0.wav,/Users/nfot413/dolphin_project/official_click_features/segments/click_train_00508_start_1265.200s_ici_10.0.wav
509,510,1265.299854,1265.334068,0.03421399999979258,1265.2798540000001,1265.3540679999999,0.0742139999997562,5.0,click_train_00509_start_1265.300s_ici_5.0.wav,/Users/nfot413/dolphin_project/official_click_features/segments/click_train_00509_start_1265.300s_ici_5.0.wav
510,511,1265.384641,1265.440927,0.05628600000000006,1265.3646410000001,1265.460927,0.09628599999996368,10.0,click_train_00510_start_1265.385s_ici_10.0.wav,/Users/nfot413/dolphin_project/official_click_features/segments/click_train_00510_start_1265.385s_ici_10.0.wav
511,512,1265.536646,1265.767156,0.2305100000000948,1265.516646,1265.787156,0.2705100000000584,10.0,click_train_00511_start_1265.537s_ici_10.0.wav,/Users/nfot413/dolphin_project/official_click_features/segments/click_train_00511_start_1265.537s_ici_10.0.wav
512,513,1265.767156,1266.756255,0.9890989999998965,1265.7471560000001,1266.776255,1.02909899999986,15.0,click_train_00512_start_1265.767s_ici_15.0.wav,/Users/nfot413/dolphin_project/official_click_features/segments/click_train_00512_start_1265.767s_ici_15.0.wav
513,514,1272.01712,1272.473755,0.4566350000000057,1271.99712,1272.493755,0.4966349999999693,95.0,click_train_00513_start_1272.017s_ici_95.0.wav,/Users/nfot413/dolphin_project/official_click_features/segments/click_train_00513_start_1272.017s_ici_95.0.wav
514,515,1272.915708,1277.572688,4.656979999999976,1272.895708,1277.592688,4.6969799999999395,5.0,click_train_00514_start_1272.916s_ici_5.0.wav,/Users/nfot413/dolphin_project/official_click_features/segments/click_train_00514_start_1272.916s_ici_5.0.wav
515,516,1277.572688,1278.031562,0.4588739999999234,1277.552688,1278.0515619999999,0.498873999999887,80.0,click_train_00515_start_1277.573s_ici_80.0.wav,/Users/nfot413/dolphin_project/official_click_features/segments/click_train_00515_start_1277.573s_ici_80.0.wav
516,517,1279.012094,1280.184594,1.1725000000001273,1278.992094,1280.204594,1.212500000000091,5.0,click_train_00516_start_1279.012s_ici_5.0.wav,/Users/nfot413/dolphin_project/official_click_features/segments/click_train_00516_start_1279.012s_ici_5.0.wav
517,518,1280.879938,1281.57701,0.6970719999999346,1280.859938,1281.59701,0.7370719999998983,10.0,click_train_00517_start_1280.880s_ici_10.0.wav,/Users/nfot413/dolphin_project/official_click_features/segments/click_train_00517_start_1280.880s_ici_10.0.wav
518,519,1281.969521,1283.356828,1.3873069999999643,1281.949521,1283.376828,1.427306999999928,5.0,click_train_00518_start_1281.970s_ici_5.0.wav,/Users/nfot413/dolphin_project/official_click_features/segments/click_train_00518_start_1281.970s_ici_5.0.wav
519,520,1284.616141,1286.34451,1.7283689999999297,1284.596141,1286.3645099999999,1.7683689999998933,5.0,click_train_00519_start_1284.616s_ici_5.0.wav,/Users/nfot413/dolphin_project/official_click_features/segments/click_train_00519_start_1284.616s_ici_5.0.wav
520,521,1286.432052,1287.580437,1.148384999999962,1286.4120520000001,1287.600437,1.1883849999999256,5.0,click_train_00520_start_1286.432s_ici_5.0.wav,/Users/nfot413/dolphin_project/official_click_features/segments/click_train_00520_start_1286.432s_ici_5.0.wav
521,522,1287.896307,1288.133365,0.2370579999999336,1287.876307,1288.153365,0.2770579999998972,10.0,click_train_00521_start_1287.896s_ici_10.0.wav,/Users/nfot413/dolphin_project/official_click_features/segments/click_train_00521_start_1287.896s_ici_10.0.wav
522,523,1289.640625,1290.259891,0.619265999999925,1289.620625,1290.279891,0.6592659999998887,10.0,click_train_00522_start_1289.641s_ici_10.0.wav,/Users/nfot413/dolphin_project/official_click_features/segments/click_train_00522_start_1289.641s_ici_10.0.wav
523,524,1290.259891,1290.44813,0.18823900000006688,1290.239891,1290.46813,0.2282390000000305,25.0,click_train_00523_start_1290.260s_ici_25.0.wav,/Users/nfot413/dolphin_project/official_click_features/segments/click_train_00523_start_1290.260s_ici_25.0.wav
524,525,1290.44813,1290.58513,0.1369999999999436,1290.42813,1290.60513,0.17699999999990723,10.0,click_train_00524_start_1290.448s_ici_10.0.wav,/Users/nfot413/dolphin_project/official_click_features/segments/click_train_00524_start_1290.448s_ici_10.0.wav
525,526,1290.58513,1291.77151,1.1863800000000992,1290.56513,1291.79151,1.2263800000000629,5.0,click_train_00525_start_1290.585s_ici_5.0.wav,/Users/nfot413/dolphin_project/official_click_features/segments/click_train_00525_start_1290.585s_ici_5.0.wav
526,527,1292.967635,1293.03362,0.06598499999995511,1292.947635,1293.05362,0.10598499999991873,5.0,click_train_00526_start_1292.968s_ici_5.0.wav,/Users/nfot413/dolphin_project/official_click_features/segments/click_train_00526_start_1292.968s_ici_5.0.wav
527,528,1293.17249,1293.578271,0.40578100000016093,1293.15249,1293.598271,0.44578100000012455,5.0,click_train_00527_start_1293.172s_ici_5.0.wav,/Users/nfot413/dolphin_project/official_click_features/segments/click_train_00527_start_1293.172s_ici_5.0.wav
528,529,1294.029688,1295.954813,1.92512499999998,1294.009688,1295.974813,1.9651249999999436,10.0,click_train_00528_start_1294.030s_ici_10.0.wav,/Users/nfot413/dolphin_project/official_click_features/segments/click_train_00528_start_1294.030s_ici_10.0.wav
529,530,1296.458724,1296.491484,0.032759999999825595,1296.438724,1296.5114839999999,0.07275999999978922,5.0,click_train_00529_start_1296.459s_ici_5.0.wav,/Users/nfot413/dolphin_project/official_click_features/segments/click_train_00529_start_1296.459s_ici_5.0.wav
530,531,1296.640594,1296.721651,0.08105700000010074,1296.620594,1296.741651,0.12105700000006436,10.0,click_train_00530_start_1296.641s_ici_10.0.wav,/Users/nfot413/dolphin_project/official_click_features/segments/click_train_00530_start_1296.641s_ici_10.0.wav
531,532,1297.066568,1297.107885,0.04131699999993543,1297.046568,1297.1278849999999,0.08131699999989905,10.0,click_train_00531_start_1297.067s_ici_10.0.wav,/Users/nfot413/dolphin_project/official_click_features/segments/click_train_00531_start_1297.067s_ici_10.0.wav
532,533,1297.144995,1299.300484,2.1554889999999887,1297.1249950000001,1299.320484,2.1954889999999523,5.0,click_train_00532_start_1297.145s_ici_5.0.wav,/Users/nfot413/dolphin_project/official_click_features/segments/click_train_00532_start_1297.145s_ici_5.0.wav
533,534,1299.300484,1304.503083,5.202598999999964,1299.2804840000001,1304.523083,5.242598999999927,5.0,click_train_00533_start_1299.300s_ici_5.0.wav,/Users/nfot413/dolphin_project/official_click_features/segments/click_train_00533_start_1299.300s_ici_5.0.wav
534,535,1304.503083,1310.192792,5.6897089999999935,1304.483083,1310.212792,5.729708999999957,5.0,click_train_00534_start_1304.503s_ici_5.0.wav,/Users/nfot413/dolphin_project/official_click_features/segments/click_train_00534_start_1304.503s_ici_5.0.wav
535,536,1310.400781,1310.690109,0.28932799999984127,1310.380781,1310.7101089999999,0.3293279999998049,60.0,click_train_00535_start_1310.401s_ici_60.0.wav,/Users/nfot413/dolphin_project/official_click_features/segments/click_train_00535_start_1310.401s_ici_60.0.wav
536,537,1310.690109,1311.593135,0.9030260000001817,1310.670109,1311.613135,0.9430260000001454,5.0,click_train_00536_start_1310.690s_ici_5.0.wav,/Users/nfot413/dolphin_project/official_click_features/segments/click_train_00536_start_1310.690s_ici_5.0.wav
537,538,1311.593135,1311.875167,0.28203199999984463,1311.573135,1311.895167,0.32203199999980825,10.0,click_train_00537_start_1311.593s_ici_10.0.wav,/Users/nfot413/dolphin_project/official_click_features/segments/click_train_00537_start_1311.593s_ici_10.0.wav
538,539,1311.912906,1311.943464,0.030557999999928143,1311.892906,1311.963464,0.07055799999989176,5.0,click_train_00538_start_1311.913s_ici_5.0.wav,/Users/nfot413/dolphin_project/official_click_features/segments/click_train_00538_start_1311.913s_ici_5.0.wav
539,540,1311.943464,1311.991833,0.048369000000093365,1311.923464,1312.011833,0.08836900000005699,10.0,click_train_00539_start_1311.943s_ici_10.0.wav,/Users/nfot413/dolphin_project/official_click_features/segments/click_train_00539_start_1311.943s_ici_10.0.wav
540,541,1312.100786,1313.135234,1.0344480000001113,1312.080786,1313.155234,1.074448000000075,5.0,click_train_00540_start_1312.101s_ici_5.0.wav,/Users/nfot413/dolphin_project/official_click_features/segments/click_train_00540_start_1312.101s_ici_5.0.wav
541,542,1313.135234,1315.244016,2.1087820000000193,1313.115234,1315.264016,2.148781999999983,5.0,click_train_00541_start_1313.135s_ici_5.0.wav,/Users/nfot413/dolphin_project/official_click_features/segments/click_train_00541_start_1313.135s_ici_5.0.wav
542,543,1315.244016,1316.222281,0.9782649999999649,1315.2240160000001,1316.242281,1.0182649999999285,5.0,click_train_00542_start_1315.244s_ici_5.0.wav,/Users/nfot413/dolphin_project/official_click_features/segments/click_train_00542_start_1315.244s_ici_5.0.wav
543,544,1316.222281,1316.509406,0.28712499999983265,1316.202281,1316.5294059999999,0.3271249999997963,40.0,click_train_00543_start_1316.222s_ici_40.0.wav,/Users/nfot413/dolphin_project/official_click_features/segments/click_train_00543_start_1316.222s_ici_40.0.wav
544,545,1316.899156,1316.968214,0.06905800000004092,1316.879156,1316.988214,0.10905800000000454,5.0,click_train_00544_start_1316.899s_ici_5.0.wav,/Users/nfot413/dolphin_project/official_click_features/segments/click_train_00544_start_1316.899s_ici_5.0.wav
545,546,1316.968214,1317.224917,0.2567030000000159,1316.948214,1317.244917,0.2967029999999795,50.0,click_train_00545_start_1316.968s_ici_50.0.wav,/Users/nfot413/dolphin_project/official_click_features/segments/click_train_00545_start_1316.968s_ici_50.0.wav
546,547,1317.224917,1317.382594,0.15767699999992146,1317.204917,1317.402594,0.19767699999988508,30.0,click_train_00546_start_1317.225s_ici_30.0.wav,/Users/nfot413/dolphin_project/official_click_features/segments/click_train_00546_start_1317.225s_ici_30.0.wav
547,548,1317.382594,1320.0,2.6174060000000736,1317.362594,1320.02,2.6574060000000372,5.0,click_train_00547_start_1317.383s_ici_5.0.wav,/Users/nfot413/dolphin_project/official_click_features/segments/click_train_00547_start_1317.383s_ici_5.0.wav
548,549,1320.000042,1320.248984,0.24894200000017008,1319.980042,1320.268984,0.2889420000001337,5.0,click_train_00548_start_1320.000s_ici_5.0.wav,/Users/nfot413/dolphin_project/official_click_features/segments/click_train_00548_start_1320.000s_ici_5.0.wav
549,550,1320.496828,1320.576875,0.08004699999992226,1320.476828,1320.596875,0.12004699999988588,10.0,click_train_00549_start_1320.497s_ici_10.0.wav,/Users/nfot413/dolphin_project/official_click_features/segments/click_train_00549_start_1320.497s_ici_10.0.wav
550,551,1320.617771,1321.07224,0.45446900000001733,1320.597771,1321.09224,0.49446899999998095,10.0,click_train_00550_start_1320.618s_ici_10.0.wav,/Users/nfot413/dolphin_project/official_click_features/segments/click_train_00550_start_1320.618s_ici_10.0.wav
551,552,1321.092458,1323.599208,2.506750000000011,1321.072458,1323.619208,2.5467499999999745,5.0,click_train_00551_start_1321.092s_ici_5.0.wav,/Users/nfot413/dolphin_project/official_click_features/segments/click_train_00551_start_1321.092s_ici_5.0.wav
552,553,1323.599208,1323.92601,0.32680199999981596,1323.579208,1323.94601,0.3668019999997796,35.0,click_train_00552_start_1323.599s_ici_35.0.wav,/Users/nfot413/dolphin_project/official_click_features/segments/click_train_00552_start_1323.599s_ici_35.0.wav
553,554,1324.116198,1324.216193,0.09999500000003536,1324.096198,1324.236193,0.13999499999999898,10.0,click_train_00553_start_1324.116s_ici_10.0.wav,/Users/nfot413/dolphin_project/official_click_features/segments/click_train_00553_start_1324.116s_ici_10.0.wav
554,555,1324.216193,1325.078844,0.8626509999999143,1324.196193,1325.0988439999999,0.902650999999878,40.0,click_train_00554_start_1324.216s_ici_40.0.wav,/Users/nfot413/dolphin_project/official_click_features/segments/click_train_00554_start_1324.216s_ici_40.0.wav
555,556,1325.078844,1325.589094,0.5102500000000418,1325.058844,1325.609094,0.5502500000000055,5.0,click_train_00555_start_1325.079s_ici_5.0.wav,/Users/nfot413/dolphin_project/official_click_features/segments/click_train_00555_start_1325.079s_ici_5.0.wav
556,557,1325.589094,1333.860406,8.27131200000008,1325.569094,1333.880406,8.311312000000044,5.0,click_train_00556_start_1325.589s_ici_5.0.wav,/Users/nfot413/dolphin_project/official_click_features/segments/click_train_00556_start_1325.589s_ici_5.0.wav
557,558,1333.860406,1337.367052,3.506646000000046,1333.840406,1337.387052,3.5466460000000097,5.0,click_train_00557_start_1333.860s_ici_5.0.wav,/Users/nfot413/dolphin_project/official_click_features/segments/click_train_00557_start_1333.860s_ici_5.0.wav
558,559,1337.596005,1338.756922,1.1609169999999267,1337.5760050000001,1338.776922,1.2009169999998903,5.0,click_train_00558_start_1337.596s_ici_5.0.wav,/Users/nfot413/dolphin_project/official_click_features/segments/click_train_00558_start_1337.596s_ici_5.0.wav
559,560,1338.756922,1338.964771,0.20784899999989648,1338.736922,1338.984771,0.2478489999998601,45.0,click_train_00559_start_1338.757s_ici_45.0.wav,/Users/nfot413/dolphin_project/official_click_features/segments/click_train_00559_start_1338.757s_ici_45.0.wav
560,561,1338.964771,1339.040661,0.07589000000007218,1338.944771,1339.060661,0.1158900000000358,10.0,click_train_00560_start_1338.965s_ici_10.0.wav,/Users/nfot413/dolphin_project/official_click_features/segments/click_train_00560_start_1338.965s_ici_10.0.wav
561,562,1339.040661,1339.243453,0.20279200000004494,1339.020661,1339.263453,0.24279200000000856,10.0,click_train_00561_start_1339.041s_ici_10.0.wav,/Users/nfot413/dolphin_project/official_click_features/segments/click_train_00561_start_1339.041s_ici_10.0.wav
562,563,1339.268578,1339.471906,0.2033280000000559,1339.248578,1339.491906,0.24332800000001953,5.0,click_train_00562_start_1339.269s_ici_5.0.wav,/Users/nfot413/dolphin_project/official_click_features/segments/click_train_00562_start_1339.269s_ici_5.0.wav
563,564,1339.471906,1339.548135,0.07622900000001209,1339.451906,1339.568135,0.11622899999997571,5.0,click_train_00563_start_1339.472s_ici_5.0.wav,/Users/nfot413/dolphin_project/official_click_features/segments/click_train_00563_start_1339.472s_ici_5.0.wav
564,565,1339.548135,1339.668094,0.11995900000010806,1339.528135,1339.688094,0.15995900000007168,5.0,click_train_00564_start_1339.548s_ici_5.0.wav,/Users/nfot413/dolphin_project/official_click_features/segments/click_train_00564_start_1339.548s_ici_5.0.wav
565,566,1339.760474,1339.792865,0.03239099999996142,1339.740474,1339.8128649999999,0.07239099999992504,5.0,click_train_00565_start_1339.760s_ici_5.0.wav,/Users/nfot413/dolphin_project/official_click_features/segments/click_train_00565_start_1339.760s_ici_5.0.wav
566,567,1339.872729,1339.93899,0.06626100000016777,1339.852729,1339.95899,0.10626100000013139,10.0,click_train_00566_start_1339.873s_ici_10.0.wav,/Users/nfot413/dolphin_project/official_click_features/segments/click_train_00566_start_1339.873s_ici_10.0.wav
567,568,1339.966844,1340.016682,0.04983799999990879,1339.946844,1340.036682,0.08983799999987241,5.0,click_train_00567_start_1339.967s_ici_5.0.wav,/Users/nfot413/dolphin_project/official_click_features/segments/click_train_00567_start_1339.967s_ici_5.0.wav
568,569,1340.053891,1340.086745,0.032854000000043015,1340.033891,1340.106745,0.07285400000000664,5.0,click_train_00568_start_1340.054s_ici_5.0.wav,/Users/nfot413/dolphin_project/official_click_features/segments/click_train_00568_start_1340.054s_ici_5.0.wav
569,570,1340.592615,1340.621531,0.028915999999981068,1340.572615,1340.641531,0.06891599999994469,5.0,click_train_00569_start_1340.593s_ici_5.0.wav,/Users/nfot413/dolphin_project/official_click_features/segments/click_train_00569_start_1340.593s_ici_5.0.wav
570,571,1340.64363,1340.958344,0.31471399999986716,1340.62363,1340.9783439999999,0.3547139999998308,40.0,click_train_00570_start_1340.644s_ici_40.0.wav,/Users/nfot413/dolphin_project/official_click_features/segments/click_train_00570_start_1340.644s_ici_40.0.wav
571,572,1341.2595,1341.284083,0.02458300000012059,1341.2395,1341.304083,0.06458300000008421,5.0,click_train_00571_start_1341.259s_ici_5.0.wav,/Users/nfot413/dolphin_project/official_click_features/segments/click_train_00571_start_1341.259s_ici_5.0.wav
572,573,1341.284083,1341.579797,0.2957140000000891,1341.264083,1341.599797,0.3357140000000527,50.0,click_train_00572_start_1341.284s_ici_50.0.wav,/Users/nfot413/dolphin_project/official_click_features/segments/click_train_00572_start_1341.284s_ici_50.0.wav
573,574,1341.919766,1341.948995,0.029228999999986627,1341.899766,1341.968995,0.06922899999995025,5.0,click_train_00573_start_1341.920s_ici_5.0.wav,/Users/nfot413/dolphin_project/official_click_features/segments/click_train_00573_start_1341.920s_ici_5.0.wav
574,575,1342.643161,1347.452339,4.809177999999974,1342.623161,1347.472339,4.849177999999938,5.0,click_train_00574_start_1342.643s_ici_5.0.wav,/Users/nfot413/dolphin_project/official_click_features/segments/click_train_00574_start_1342.643s_ici_5.0.wav
575,576,1347.452339,1348.832234,1.3798950000000332,1347.432339,1348.852234,1.4198949999999968,5.0,click_train_00575_start_1347.452s_ici_5.0.wav,/Users/nfot413/dolphin_project/official_click_features/segments/click_train_00575_start_1347.452s_ici_5.0.wav
576,577,1348.92638,1349.128568,0.20218799999997827,1348.9063800000001,1349.148568,0.2421879999999419,25.0,click_train_00576_start_1348.926s_ici_25.0.wav,/Users/nfot413/dolphin_project/official_click_features/segments/click_train_00576_start_1348.926s_ici_25.0.wav
577,578,1349.128568,1349.19412,0.06555200000002515,1349.108568,1349.21412,0.10555199999998877,10.0,click_train_00577_start_1349.129s_ici_10.0.wav,/Users/nfot413/dolphin_project/official_click_features/segments/click_train_00577_start_1349.129s_ici_10.0.wav
578,579,1349.323927,1349.363068,0.03914100000019971,1349.303927,1349.383068,0.07914100000016333,5.0,click_train_00578_start_1349.324s_ici_5.0.wav,/Users/nfot413/dolphin_project/official_click_features/segments/click_train_00578_start_1349.324s_ici_5.0.wav
579,580,1349.363068,1349.617307,0.25423899999987043,1349.3430680000001,1349.637307,0.29423899999983405,10.0,click_train_00579_start_1349.363s_ici_10.0.wav,/Users/nfot413/dolphin_project/official_click_features/segments/click_train_00579_start_1349.363s_ici_10.0.wav
580,581,1349.617307,1349.762427,0.1451199999999062,1349.597307,1349.7824269999999,0.18511999999986983,35.0,click_train_00580_start_1349.617s_ici_35.0.wav,/Users/nfot413/dolphin_project/official_click_features/segments/click_train_00580_start_1349.617s_ici_35.0.wav
581,582,1349.921406,1350.121693,0.20028700000011668,1349.901406,1350.141693,0.2402870000000803,25.0,click_train_00581_start_1349.921s_ici_25.0.wav,/Users/nfot413/dolphin_project/official_click_features/segments/click_train_00581_start_1349.921s_ici_25.0.wav
582,583,1350.142229,1354.716729,4.574499999999944,1350.122229,1354.736729,4.614499999999907,5.0,click_train_00582_start_1350.142s_ici_5.0.wav,/Users/nfot413/dolphin_project/official_click_features/segments/click_train_00582_start_1350.142s_ici_5.0.wav
583,584,1354.956672,1355.083318,0.12664599999993698,1354.936672,1355.103318,0.1666459999999006,5.0,click_train_00583_start_1354.957s_ici_5.0.wav,/Users/nfot413/dolphin_project/official_click_features/segments/click_train_00583_start_1354.957s_ici_5.0.wav
584,585,1355.110453,1357.208531,2.098077999999987,1355.090453,1357.228531,2.1380779999999504,5.0,click_train_00584_start_1355.110s_ici_5.0.wav,/Users/nfot413/dolphin_project/official_click_features/segments/click_train_00584_start_1355.110s_ici_5.0.wav
585,586,1357.208531,1368.551271,11.342740000000049,1357.188531,1368.571271,11.382740000000013,5.0,click_train_00585_start_1357.209s_ici_5.0.wav,/Users/nfot413/dolphin_project/official_click_features/segments/click_train_00585_start_1357.209s_ici_5.0.wav
586,587,1368.746031,1369.648625,0.9025940000001356,1368.726031,1369.668625,0.9425940000000992,5.0,click_train_00586_start_1368.746s_ici_5.0.wav,/Users/nfot413/dolphin_project/official_click_features/segments/click_train_00586_start_1368.746s_ici_5.0.wav
587,588,1370.230766,1377.005427,6.774661000000151,1370.210766,1377.025427,6.814661000000115,5.0,click_train_00587_start_1370.231s_ici_5.0.wav,/Users/nfot413/dolphin_project/official_click_features/segments/click_train_00587_start_1370.231s_ici_5.0.wav
588,589,1377.076828,1377.191224,0.11439599999994243,1377.056828,1377.211224,0.15439599999990605,5.0,click_train_00588_start_1377.077s_ici_5.0.wav,/Users/nfot413/dolphin_project/official_click_features/segments/click_train_00588_start_1377.077s_ici_5.0.wav
589,590,1377.191224,1377.934156,0.7429320000001098,1377.171224,1377.954156,0.7829320000000735,10.0,click_train_00589_start_1377.191s_ici_10.0.wav,/Users/nfot413/dolphin_project/official_click_features/segments/click_train_00589_start_1377.191s_ici_10.0.wav
590,591,1377.934156,1380.0,2.06584399999997,1377.914156,1380.02,2.1058439999999337,5.0,click_train_00590_start_1377.934s_ici_5.0.wav,/Users/nfot413/dolphin_project/official_click_features/segments/click_train_00590_start_1377.934s_ici_5.0.wav
591,592,1380.440859,1393.550734,13.109874999999874,1380.420859,1393.570734,13.149874999999838,5.0,click_train_00591_start_1380.441s_ici_5.0.wav,/Users/nfot413/dolphin_project/official_click_features/segments/click_train_00591_start_1380.441s_ici_5.0.wav
592,593,1393.736766,1397.085901,3.349134999999933,1393.716766,1397.105901,3.3891349999998965,5.0,click_train_00592_start_1393.737s_ici_5.0.wav,/Users/nfot413/dolphin_project/official_click_features/segments/click_train_00592_start_1393.737s_ici_5.0.wav
593,594,1397.085901,1401.525422,4.439521000000013,1397.065901,1401.545422,4.479520999999977,5.0,click_train_00593_start_1397.086s_ici_5.0.wav,/Users/nfot413/dolphin_project/official_click_features/segments/click_train_00593_start_1397.086s_ici_5.0.wav
594,595,1401.856953,1403.001859,1.1449059999999918,1401.836953,1403.021859,1.1849059999999554,5.0,click_train_00594_start_1401.857s_ici_5.0.wav,/Users/nfot413/dolphin_project/official_click_features/segments/click_train_00594_start_1401.857s_ici_5.0.wav
595,596,1403.027724,1403.084375,0.05665099999987433,1403.007724,1403.104375,0.09665099999983795,5.0,click_train_00595_start_1403.028s_ici_5.0.wav,/Users/nfot413/dolphin_project/official_click_features/segments/click_train_00595_start_1403.028s_ici_5.0.wav
596,597,1403.197365,1410.744651,7.5472859999999855,1403.177365,1410.764651,7.587285999999949,5.0,click_train_00596_start_1403.197s_ici_5.0.wav,/Users/nfot413/dolphin_project/official_click_features/segments/click_train_00596_start_1403.197s_ici_5.0.wav
597,598,1410.744651,1410.95325,0.20859900000004927,1410.724651,1410.97325,0.2485990000000129,30.0,click_train_00597_start_1410.745s_ici_30.0.wav,/Users/nfot413/dolphin_project/official_click_features/segments/click_train_00597_start_1410.745s_ici_30.0.wav
598,599,1410.986458,1411.173161,0.18670299999985218,1410.966458,1411.193161,0.2267029999998158,35.0,click_train_00598_start_1410.986s_ici_35.0.wav,/Users/nfot413/dolphin_project/official_click_features/segments/click_train_00598_start_1410.986s_ici_35.0.wav
599,600,1411.173161,1411.236984,0.06382299999995666,1411.153161,1411.2569839999999,0.10382299999992028,5.0,click_train_00599_start_1411.173s_ici_5.0.wav,/Users/nfot413/dolphin_project/official_click_features/segments/click_train_00599_start_1411.173s_ici_5.0.wav
600,601,1411.391969,1411.41587,0.023901000000023487,1411.371969,1411.43587,0.06390099999998711,5.0,click_train_00600_start_1411.392s_ici_5.0.wav,/Users/nfot413/dolphin_project/official_click_features/segments/click_train_00600_start_1411.392s_ici_5.0.wav
601,602,1411.490047,1411.540958,0.050911000000041895,1411.470047,1411.560958,0.09091100000000552,5.0,click_train_00601_start_1411.490s_ici_5.0.wav,/Users/nfot413/dolphin_project/official_click_features/segments/click_train_00601_start_1411.490s_ici_5.0.wav
602,603,1411.59375,1411.626714,0.032963999999992666,1411.57375,1411.646714,0.07296399999995629,5.0,click_train_00602_start_1411.594s_ici_5.0.wav,/Users/nfot413/dolphin_project/official_click_features/segments/click_train_00602_start_1411.594s_ici_5.0.wav
603,604,1411.684172,1411.736427,0.052255000000059226,1411.664172,1411.756427,0.09225500000002285,5.0,click_train_00603_start_1411.684s_ici_5.0.wav,/Users/nfot413/dolphin_project/official_click_features/segments/click_train_00603_start_1411.684s_ici_5.0.wav
604,605,1411.773651,1411.814875,0.04122400000005655,1411.753651,1411.834875,0.08122400000002017,5.0,click_train_00604_start_1411.774s_ici_5.0.wav,/Users/nfot413/dolphin_project/official_click_features/segments/click_train_00604_start_1411.774s_ici_5.0.wav
605,606,1411.814875,1417.140427,5.325552000000016,1411.794875,1417.160427,5.36555199999998,5.0,click_train_00605_start_1411.815s_ici_5.0.wav,/Users/nfot413/dolphin_project/official_click_features/segments/click_train_00605_start_1411.815s_ici_5.0.wav
606,607,1417.200724,1417.364854,0.16412999999988642,1417.180724,1417.384854,0.20412999999985004,10.0,click_train_00606_start_1417.201s_ici_10.0.wav,/Users/nfot413/dolphin_project/official_click_features/segments/click_train_00606_start_1417.201s_ici_10.0.wav
607,608,1417.428979,1417.608052,0.1790730000000167,1417.408979,1417.628052,0.2190729999999803,20.0,click_train_00607_start_1417.429s_ici_20.0.wav,/Users/nfot413/dolphin_project/official_click_features/segments/click_train_00607_start_1417.429s_ici_20.0.wav
608,609,1417.704693,1417.857016,0.15232300000002397,1417.684693,1417.877016,0.1923229999999876,10.0,click_train_00608_start_1417.705s_ici_10.0.wav,/Users/nfot413/dolphin_project/official_click_features/segments/click_train_00608_start_1417.705s_ici_10.0.wav
609,610,1417.973312,1421.582677,3.6093650000000252,1417.953312,1421.602677,3.649364999999989,5.0,click_train_00609_start_1417.973s_ici_5.0.wav,/Users/nfot413/dolphin_project/official_click_features/segments/click_train_00609_start_1417.973s_ici_5.0.wav
610,611,1421.710875,1422.168661,0.45778599999994185,1421.690875,1422.188661,0.49778599999990547,35.0,click_train_00610_start_1421.711s_ici_35.0.wav,/Users/nfot413/dolphin_project/official_click_features/segments/click_train_00610_start_1421.711s_ici_35.0.wav
611,612,1422.321677,1438.152896,15.831219000000146,1422.301677,1438.172896,15.87121900000011,5.0,click_train_00611_start_1422.322s_ici_5.0.wav,/Users/nfot413/dolphin_project/official_click_features/segments/click_train_00611_start_1422.322s_ici_5.0.wav
612,613,1438.152896,1438.242682,0.0897860000000037,1438.132896,1438.262682,0.12978599999996732,20.0,click_train_00612_start_1438.153s_ici_20.0.wav,/Users/nfot413/dolphin_project/official_click_features/segments/click_train_00612_start_1438.153s_ici_20.0.wav
613,614,1438.262089,1438.722474,0.46038499999986016,1438.242089,1438.742474,0.5003849999998238,10.0,click_train_00613_start_1438.262s_ici_10.0.wav,/Users/nfot413/dolphin_project/official_click_features/segments/click_train_00613_start_1438.262s_ici_10.0.wav
614,615,1438.722474,1439.07676,0.3542860000000019,1438.702474,1439.09676,0.3942859999999655,40.0,click_train_00614_start_1438.722s_ici_40.0.wav,/Users/nfot413/dolphin_project/official_click_features/segments/click_train_00614_start_1438.722s_ici_40.0.wav
615,616,1439.07676,1440.0,0.923240000000078,1439.05676,1440.02,0.9632400000000416,5.0,click_train_00615_start_1439.077s_ici_5.0.wav,/Users/nfot413/dolphin_project/official_click_features/segments/click_train_00615_start_1439.077s_ici_5.0.wav
616,617,1440.002146,1445.207094,5.2049480000000585,1439.982146,1445.227094,5.244948000000022,5.0,click_train_00616_start_1440.002s_ici_5.0.wav,/Users/nfot413/dolphin_project/official_click_features/segments/click_train_00616_start_1440.002s_ici_5.0.wav
617,618,1445.207094,1445.414219,0.2071249999999054,1445.1870940000001,1445.434219,0.24712499999986903,10.0,click_train_00617_start_1445.207s_ici_10.0.wav,/Users/nfot413/dolphin_project/official_click_features/segments/click_train_00617_start_1445.207s_ici_10.0.wav
618,619,1445.457937,1445.600391,0.14245400000004338,1445.437937,1445.620391,0.182454000000007,5.0,click_train_00618_start_1445.458s_ici_5.0.wav,/Users/nfot413/dolphin_project/official_click_features/segments/click_train_00618_start_1445.458s_ici_5.0.wav
619,620,1445.600391,1445.841484,0.2410930000000917,1445.580391,1445.861484,0.2810930000000553,10.0,click_train_00619_start_1445.600s_ici_10.0.wav,/Users/nfot413/dolphin_project/official_click_features/segments/click_train_00619_start_1445.600s_ici_10.0.wav
620,621,1445.881901,1445.925516,0.043615000000045256,1445.861901,1445.945516,0.08361500000000888,5.0,click_train_00620_start_1445.882s_ici_5.0.wav,/Users/nfot413/dolphin_project/official_click_features/segments/click_train_00620_start_1445.882s_ici_5.0.wav
621,622,1445.943667,1460.658031,14.714363999999932,1445.923667,1460.678031,14.754363999999896,5.0,click_train_00621_start_1445.944s_ici_5.0.wav,/Users/nfot413/dolphin_project/official_click_features/segments/click_train_00621_start_1445.944s_ici_5.0.wav
622,623,1460.658031,1463.504943,2.846911999999975,1460.638031,1463.524943,2.8869119999999384,5.0,click_train_00622_start_1460.658s_ici_5.0.wav,/Users/nfot413/dolphin_project/official_click_features/segments/click_train_00622_start_1460.658s_ici_5.0.wav
623,624,1463.672896,1463.806776,0.13387999999986278,1463.652896,1463.8267759999999,0.1738799999998264,25.0,click_train_00623_start_1463.673s_ici_25.0.wav,/Users/nfot413/dolphin_project/official_click_features/segments/click_train_00623_start_1463.673s_ici_25.0.wav
624,625,1463.806776,1468.122641,4.315865000000031,1463.786776,1468.142641,4.355864999999994,5.0,click_train_00624_start_1463.807s_ici_5.0.wav,/Users/nfot413/dolphin_project/official_click_features/segments/click_train_00624_start_1463.807s_ici_5.0.wav
625,626,1468.122641,1469.062708,0.9400669999999991,1468.102641,1469.082708,0.9800669999999627,15.0,click_train_00625_start_1468.123s_ici_15.0.wav,/Users/nfot413/dolphin_project/official_click_features/segments/click_train_00625_start_1468.123s_ici_15.0.wav
626,627,1469.319151,1473.153057,3.83390600000007,1469.299151,1473.173057,3.8739060000000336,5.0,click_train_00626_start_1469.319s_ici_5.0.wav,/Users/nfot413/dolphin_project/official_click_features/segments/click_train_00626_start_1469.319s_ici_5.0.wav
627,628,1474.026984,1474.082083,0.0550989999999274,1474.006984,1474.102083,0.09509899999989102,10.0,click_train_00627_start_1474.027s_ici_10.0.wav,/Users/nfot413/dolphin_project/official_click_features/segments/click_train_00627_start_1474.027s_ici_10.0.wav
628,629,1474.253969,1474.359333,0.10536400000000867,1474.2339690000001,1474.379333,0.1453639999999723,10.0,click_train_00628_start_1474.254s_ici_10.0.wav,/Users/nfot413/dolphin_project/official_click_features/segments/click_train_00628_start_1474.254s_ici_10.0.wav
629,630,1474.460458,1474.710661,0.2502030000000559,1474.440458,1474.730661,0.29020300000001953,45.0,click_train_00629_start_1474.460s_ici_45.0.wav,/Users/nfot413/dolphin_project/official_click_features/segments/click_train_00629_start_1474.460s_ici_45.0.wav
630,631,1474.710661,1474.932505,0.2218439999999191,1474.690661,1474.952505,0.2618439999998827,45.0,click_train_00630_start_1474.711s_ici_45.0.wav,/Users/nfot413/dolphin_project/official_click_features/segments/click_train_00630_start_1474.711s_ici_45.0.wav
631,632,1474.932505,1475.060104,0.1275989999999183,1474.912505,1475.080104,0.16759899999988193,25.0,click_train_00631_start_1474.933s_ici_25.0.wav,/Users/nfot413/dolphin_project/official_click_features/segments/click_train_00631_start_1474.933s_ici_25.0.wav
632,633,1475.060104,1475.115589,0.05548500000008971,1475.040104,1475.135589,0.09548500000005333,5.0,click_train_00632_start_1475.060s_ici_5.0.wav,/Users/nfot413/dolphin_project/official_click_features/segments/click_train_00632_start_1475.060s_ici_5.0.wav
633,634,1475.171552,1475.234661,0.06310899999994035,1475.151552,1475.254661,0.10310899999990397,5.0,click_train_00633_start_1475.172s_ici_5.0.wav,/Users/nfot413/dolphin_project/official_click_features/segments/click_train_00633_start_1475.172s_ici_5.0.wav
634,635,1475.289974,1475.393604,0.1036300000000665,1475.269974,1475.413604,0.14363000000003012,5.0,click_train_00634_start_1475.290s_ici_5.0.wav,/Users/nfot413/dolphin_project/official_click_features/segments/click_train_00634_start_1475.290s_ici_5.0.wav
635,636,1475.393604,1475.498464,0.10485999999991691,1475.3736040000001,1475.518464,0.14485999999988053,10.0,click_train_00635_start_1475.394s_ici_10.0.wav,/Users/nfot413/dolphin_project/official_click_features/segments/click_train_00635_start_1475.394s_ici_10.0.wav
636,637,1475.553792,1475.638354,0.08456200000000536,1475.533792,1475.658354,0.12456199999996898,5.0,click_train_00636_start_1475.554s_ici_5.0.wav,/Users/nfot413/dolphin_project/official_click_features/segments/click_train_00636_start_1475.554s_ici_5.0.wav
637,638,1475.657385,1479.117599,3.460213999999951,1475.637385,1479.137599,3.5002139999999144,5.0,click_train_00637_start_1475.657s_ici_5.0.wav,/Users/nfot413/dolphin_project/official_click_features/segments/click_train_00637_start_1475.657s_ici_5.0.wav
638,639,1479.117599,1479.256339,0.138740000000098,1479.097599,1479.276339,0.17874000000006163,10.0,click_train_00638_start_1479.118s_ici_10.0.wav,/Users/nfot413/dolphin_project/official_click_features/segments/click_train_00638_start_1479.118s_ici_10.0.wav
639,640,1479.256339,1479.392313,0.1359740000000329,1479.236339,1479.412313,0.17597399999999652,10.0,click_train_00639_start_1479.256s_ici_10.0.wav,/Users/nfot413/dolphin_project/official_click_features/segments/click_train_00639_start_1479.256s_ici_10.0.wav
640,641,1479.440339,1479.496635,0.05629599999997481,1479.420339,1479.516635,0.09629599999993843,5.0,click_train_00640_start_1479.440s_ici_5.0.wav,/Users/nfot413/dolphin_project/official_click_features/segments/click_train_00640_start_1479.440s_ici_5.0.wav
641,642,1479.517323,1479.552661,0.03533799999991061,1479.497323,1479.572661,0.07533799999987423,5.0,click_train_00641_start_1479.517s_ici_5.0.wav,/Users/nfot413/dolphin_project/official_click_features/segments/click_train_00641_start_1479.517s_ici_5.0.wav
642,643,1479.571089,1479.611792,0.04070299999989402,1479.551089,1479.631792,0.08070299999985764,5.0,click_train_00642_start_1479.571s_ici_5.0.wav,/Users/nfot413/dolphin_project/official_click_features/segments/click_train_00642_start_1479.571s_ici_5.0.wav
643,644,1479.63274,1479.676255,0.04351500000007036,1479.61274,1479.696255,0.08351500000003398,5.0,click_train_00643_start_1479.633s_ici_5.0.wav,/Users/nfot413/dolphin_project/official_click_features/segments/click_train_00643_start_1479.633s_ici_5.0.wav
644,645,1479.703786,1479.739521,0.03573499999993146,1479.683786,1479.759521,0.07573499999989508,5.0,click_train_00644_start_1479.704s_ici_5.0.wav,/Users/nfot413/dolphin_project/official_click_features/segments/click_train_00644_start_1479.704s_ici_5.0.wav
645,646,1479.795563,1481.442083,1.6465200000000095,1479.775563,1481.462083,1.6865199999999732,5.0,click_train_00645_start_1479.796s_ici_5.0.wav,/Users/nfot413/dolphin_project/official_click_features/segments/click_train_00645_start_1479.796s_ici_5.0.wav
646,647,1481.442083,1482.333172,0.8910890000001928,1481.422083,1482.353172,0.9310890000001564,5.0,click_train_00646_start_1481.442s_ici_5.0.wav,/Users/nfot413/dolphin_project/official_click_features/segments/click_train_00646_start_1481.442s_ici_5.0.wav
647,648,1482.355146,1482.930807,0.5756609999998545,1482.3351460000001,1482.950807,0.6156609999998182,5.0,click_train_00647_start_1482.355s_ici_5.0.wav,/Users/nfot413/dolphin_project/official_click_features/segments/click_train_00647_start_1482.355s_ici_5.0.wav
648,649,1482.930807,1483.173516,0.24270900000010442,1482.910807,1483.193516,0.28270900000006804,40.0,click_train_00648_start_1482.931s_ici_40.0.wav,/Users/nfot413/dolphin_project/official_click_features/segments/click_train_00648_start_1482.931s_ici_40.0.wav
649,650,1483.173516,1483.31349,0.13997399999993831,1483.153516,1483.33349,0.17997399999990193,10.0,click_train_00649_start_1483.174s_ici_10.0.wav,/Users/nfot413/dolphin_project/official_click_features/segments/click_train_00649_start_1483.174s_ici_10.0.wav
650,651,1483.31349,1500.0,16.68651,1483.29349,1500.02,16.726509999999962,25.0,click_train_00650_start_1483.313s_ici_25.0.wav,/Users/nfot413/dolphin_project/official_click_features/segments/click_train_00650_start_1483.313s_ici_25.0.wav
651,652,1500.000182,1528.327151,28.326968999999963,1499.980182,1528.347151,28.366968999999926,5.0,click_train_00651_start_1500.000s_ici_5.0.wav,/Users/nfot413/dolphin_project/official_click_features/segments/click_train_00651_start_1500.000s_ici_5.0.wav
652,653,1528.327151,1528.373349,0.04619800000000396,1528.307151,1528.393349,0.08619799999996758,10.0,click_train_00652_start_1528.327s_ici_10.0.wav,/Users/nfot413/dolphin_project/official_click_features/segments/click_train_00652_start_1528.327s_ici_10.0.wav
653,654,1528.39399,1528.428479,0.03448899999989408,1528.37399,1528.448479,0.0744889999998577,5.0,click_train_00653_start_1528.394s_ici_5.0.wav,/Users/nfot413/dolphin_project/official_click_features/segments/click_train_00653_start_1528.394s_ici_5.0.wav
654,655,1528.447391,1531.515828,3.068437000000131,1528.427391,1531.535828,3.1084370000000945,5.0,click_train_00654_start_1528.447s_ici_5.0.wav,/Users/nfot413/dolphin_project/official_click_features/segments/click_train_00654_start_1528.447s_ici_5.0.wav
655,656,1531.515828,1534.217609,2.7017809999999827,1531.495828,1534.237609,2.7417809999999463,5.0,click_train_00655_start_1531.516s_ici_5.0.wav,/Users/nfot413/dolphin_project/official_click_features/segments/click_train_00655_start_1531.516s_ici_5.0.wav
656,657,1534.217609,1549.733688,15.51607899999999,1534.197609,1549.753688,15.556078999999954,5.0,click_train_00656_start_1534.218s_ici_5.0.wav,/Users/nfot413/dolphin_project/official_click_features/segments/click_train_00656_start_1534.218s_ici_5.0.wav
657,658,1549.846583,1549.93913,0.09254699999996774,1549.826583,1549.95913,0.13254699999993136,10.0,click_train_00657_start_1549.847s_ici_10.0.wav,/Users/nfot413/dolphin_project/official_click_features/segments/click_train_00657_start_1549.847s_ici_10.0.wav
658,659,1549.93913,1550.057151,0.11802099999999882,1549.91913,1550.077151,0.15802099999996244,25.0,click_train_00658_start_1549.939s_ici_25.0.wav,/Users/nfot413/dolphin_project/official_click_features/segments/click_train_00658_start_1549.939s_ici_25.0.wav
659,660,1550.057151,1550.093693,0.03654200000005403,1550.037151,1550.113693,0.07654200000001765,5.0,click_train_00659_start_1550.057s_ici_5.0.wav,/Users/nfot413/dolphin_project/official_click_features/segments/click_train_00659_start_1550.057s_ici_5.0.wav
660,661,1550.093693,1560.0,9.90630699999997,1550.073693,1560.02,9.946306999999933,25.0,click_train_00660_start_1550.094s_ici_25.0.wav,/Users/nfot413/dolphin_project/official_click_features/segments/click_train_00660_start_1550.094s_ici_25.0.wav
661,662,1560.000724,1561.09476,1.09403599999996,1559.980724,1561.11476,1.1340359999999237,5.0,click_train_00661_start_1560.001s_ici_5.0.wav,/Users/nfot413/dolphin_project/official_click_features/segments/click_train_00661_start_1560.001s_ici_5.0.wav
662,663,1561.09476,1561.635333,0.5405729999999949,1561.07476,1561.655333,0.5805729999999585,5.0,click_train_00662_start_1561.095s_ici_5.0.wav,/Users/nfot413/dolphin_project/official_click_features/segments/click_train_00662_start_1561.095s_ici_5.0.wav
663,664,1561.635333,1561.881932,0.2465990000000602,1561.615333,1561.901932,0.2865990000000238,5.0,click_train_00663_start_1561.635s_ici_5.0.wav,/Users/nfot413/dolphin_project/official_click_features/segments/click_train_00663_start_1561.635s_ici_5.0.wav
664,665,1561.93787,1563.812,1.8741299999999228,1561.91787,1563.8319999999999,1.9141299999998864,5.0,click_train_00664_start_1561.938s_ici_5.0.wav,/Users/nfot413/dolphin_project/official_click_features/segments/click_train_00664_start_1561.938s_ici_5.0.wav
665,666,1563.932469,1564.159625,0.22715599999992264,1563.912469,1564.179625,0.26715599999988626,30.0,click_train_00665_start_1563.932s_ici_30.0.wav,/Users/nfot413/dolphin_project/official_click_features/segments/click_train_00665_start_1563.932s_ici_30.0.wav
666,667,1564.159625,1564.319708,0.160082999999986,1564.139625,1564.339708,0.2000829999999496,5.0,click_train_00666_start_1564.160s_ici_5.0.wav,/Users/nfot413/dolphin_project/official_click_features/segments/click_train_00666_start_1564.160s_ici_5.0.wav
667,668,1564.319708,1564.535005,0.2152969999999641,1564.299708,1564.555005,0.2552969999999277,10.0,click_train_00667_start_1564.320s_ici_10.0.wav,/Users/nfot413/dolphin_project/official_click_features/segments/click_train_00667_start_1564.320s_ici_10.0.wav
668,669,1564.555104,1564.586839,0.03173500000002605,1564.535104,1564.606839,0.07173499999998967,5.0,click_train_00668_start_1564.555s_ici_5.0.wav,/Users/nfot413/dolphin_project/official_click_features/segments/click_train_00668_start_1564.555s_ici_5.0.wav
669,670,1564.586839,1569.604984,5.018145000000004,1564.566839,1569.624984,5.058144999999968,5.0,click_train_00669_start_1564.587s_ici_5.0.wav,/Users/nfot413/dolphin_project/official_click_features/segments/click_train_00669_start_1564.587s_ici_5.0.wav
670,671,1569.604984,1569.911411,0.30642699999998513,1569.584984,1569.931411,0.34642699999994875,10.0,click_train_00670_start_1569.605s_ici_10.0.wav,/Users/nfot413/dolphin_project/official_click_features/segments/click_train_00670_start_1569.605s_ici_10.0.wav
671,672,1569.932349,1569.981641,0.04929200000015044,1569.912349,1570.001641,0.08929200000011406,10.0,click_train_00671_start_1569.932s_ici_10.0.wav,/Users/nfot413/dolphin_project/official_click_features/segments/click_train_00671_start_1569.932s_ici_10.0.wav
672,673,1570.005208,1570.443563,0.4383550000000014,1569.985208,1570.463563,0.478354999999965,5.0,click_train_00672_start_1570.005s_ici_5.0.wav,/Users/nfot413/dolphin_project/official_click_features/segments/click_train_00672_start_1570.005s_ici_5.0.wav
673,674,1570.443563,1570.62212,0.17855699999995522,1570.423563,1570.64212,0.21855699999991884,10.0,click_train_00673_start_1570.444s_ici_10.0.wav,/Users/nfot413/dolphin_project/official_click_features/segments/click_train_00673_start_1570.444s_ici_10.0.wav
674,675,1570.643594,1572.726698,2.0831040000000485,1570.623594,1572.746698,2.123104000000012,5.0,click_train_00674_start_1570.644s_ici_5.0.wav,/Users/nfot413/dolphin_project/official_click_features/segments/click_train_00674_start_1570.644s_ici_5.0.wav
675,676,1572.745469,1574.371333,1.6258640000000923,1572.725469,1574.391333,1.665864000000056,5.0,click_train_00675_start_1572.745s_ici_5.0.wav,/Users/nfot413/dolphin_project/official_click_features/segments/click_train_00675_start_1572.745s_ici_5.0.wav
676,677,1574.396104,1580.692677,6.29657300000008,1574.376104,1580.712677,6.336573000000044,5.0,click_train_00676_start_1574.396s_ici_5.0.wav,/Users/nfot413/dolphin_project/official_click_features/segments/click_train_00676_start_1574.396s_ici_5.0.wav
677,678,1580.692677,1581.626422,0.9337450000000445,1580.672677,1581.646422,0.9737450000000081,5.0,click_train_00677_start_1580.693s_ici_5.0.wav,/Users/nfot413/dolphin_project/official_click_features/segments/click_train_00677_start_1580.693s_ici_5.0.wav
678,679,1581.64599,1582.007198,0.3612080000000333,1581.62599,1582.027198,0.4012079999999969,5.0,click_train_00678_start_1581.646s_ici_5.0.wav,/Users/nfot413/dolphin_project/official_click_features/segments/click_train_00678_start_1581.646s_ici_5.0.wav
679,680,1582.026693,1582.3355,0.3088069999998879,1582.006693,1582.3555,0.34880699999985154,10.0,click_train_00679_start_1582.027s_ici_10.0.wav,/Users/nfot413/dolphin_project/official_click_features/segments/click_train_00679_start_1582.027s_ici_10.0.wav
680,681,1582.3355,1582.423839,0.08833900000013273,1582.3155,1582.443839,0.12833900000009635,10.0,click_train_00680_start_1582.335s_ici_10.0.wav,/Users/nfot413/dolphin_project/official_click_features/segments/click_train_00680_start_1582.335s_ici_10.0.wav
681,682,1582.423839,1586.330156,3.9063169999999445,1582.403839,1586.350156,3.946316999999908,5.0,click_train_00681_start_1582.424s_ici_5.0.wav,/Users/nfot413/dolphin_project/official_click_features/segments/click_train_00681_start_1582.424s_ici_5.0.wav
682,683,1586.330156,1589.588297,3.2581410000000233,1586.310156,1589.608297,3.298140999999987,5.0,click_train_00682_start_1586.330s_ici_5.0.wav,/Users/nfot413/dolphin_project/official_click_features/segments/click_train_00682_start_1586.330s_ici_5.0.wav
683,684,1589.588297,1596.294964,6.706666999999925,1589.568297,1596.314964,6.7466669999998885,5.0,click_train_00683_start_1589.588s_ici_5.0.wav,/Users/nfot413/dolphin_project/official_click_features/segments/click_train_00683_start_1589.588s_ici_5.0.wav
684,685,1596.294964,1596.433557,0.13859300000012809,1596.274964,1596.453557,0.1785930000000917,10.0,click_train_00684_start_1596.295s_ici_10.0.wav,/Users/nfot413/dolphin_project/official_click_features/segments/click_train_00684_start_1596.295s_ici_10.0.wav
685,686,1596.475745,1596.686573,0.21082799999999224,1596.455745,1596.706573,0.25082799999995586,5.0,click_train_00685_start_1596.476s_ici_5.0.wav,/Users/nfot413/dolphin_project/official_click_features/segments/click_train_00685_start_1596.476s_ici_5.0.wav
686,687,1596.836604,1597.592052,0.7554479999998875,1596.816604,1597.612052,0.7954479999998512,5.0,click_train_00686_start_1596.837s_ici_5.0.wav,/Users/nfot413/dolphin_project/official_click_features/segments/click_train_00686_start_1596.837s_ici_5.0.wav
687,688,1597.592052,1597.711917,0.11986500000011802,1597.572052,1597.731917,0.15986500000008164,5.0,click_train_00687_start_1597.592s_ici_5.0.wav,/Users/nfot413/dolphin_project/official_click_features/segments/click_train_00687_start_1597.592s_ici_5.0.wav
688,689,1597.711917,1597.96937,0.2574529999999413,1597.691917,1597.98937,0.29745299999990493,5.0,click_train_00688_start_1597.712s_ici_5.0.wav,/Users/nfot413/dolphin_project/official_click_features/segments/click_train_00688_start_1597.712s_ici_5.0.wav
689,690,1597.96937,1599.586802,1.617432000000008,1597.94937,1599.606802,1.6574319999999716,5.0,click_train_00689_start_1597.969s_ici_5.0.wav,/Users/nfot413/dolphin_project/official_click_features/segments/click_train_00689_start_1597.969s_ici_5.0.wav
690,691,1599.743781,1600.75174,1.007959000000028,1599.723781,1600.77174,1.0479589999999916,5.0,click_train_00690_start_1599.744s_ici_5.0.wav,/Users/nfot413/dolphin_project/official_click_features/segments/click_train_00690_start_1599.744s_ici_5.0.wav
691,692,1600.771297,1600.839714,0.06841699999995399,1600.751297,1600.859714,0.10841699999991761,5.0,click_train_00691_start_1600.771s_ici_5.0.wav,/Users/nfot413/dolphin_project/official_click_features/segments/click_train_00691_start_1600.771s_ici_5.0.wav
692,693,1600.839714,1601.201521,0.3618069999999989,1600.819714,1601.221521,0.4018069999999625,25.0,click_train_00692_start_1600.840s_ici_25.0.wav,/Users/nfot413/dolphin_project/official_click_features/segments/click_train_00692_start_1600.840s_ici_25.0.wav
693,694,1601.201521,1601.231432,0.02991100000008373,1601.181521,1601.251432,0.06991100000004735,5.0,click_train_00693_start_1601.202s_ici_5.0.wav,/Users/nfot413/dolphin_project/official_click_features/segments/click_train_00693_start_1601.202s_ici_5.0.wav
694,695,1601.231432,1601.390422,0.15898999999990338,1601.211432,1601.410422,0.198989999999867,30.0,click_train_00694_start_1601.231s_ici_30.0.wav,/Users/nfot413/dolphin_project/official_click_features/segments/click_train_00694_start_1601.231s_ici_30.0.wav
695,696,1601.390422,1601.454141,0.06371899999999187,1601.370422,1601.474141,0.10371899999995549,5.0,click_train_00695_start_1601.390s_ici_5.0.wav,/Users/nfot413/dolphin_project/official_click_features/segments/click_train_00695_start_1601.390s_ici_5.0.wav
696,697,1601.454141,1601.530453,0.0763120000001436,1601.434141,1601.550453,0.11631200000010722,10.0,click_train_00696_start_1601.454s_ici_10.0.wav,/Users/nfot413/dolphin_project/official_click_features/segments/click_train_00696_start_1601.454s_ici_10.0.wav
697,698,1601.530453,1601.663656,0.13320299999986673,1601.510453,1601.683656,0.17320299999983035,20.0,click_train_00697_start_1601.530s_ici_20.0.wav,/Users/nfot413/dolphin_project/official_click_features/segments/click_train_00697_start_1601.530s_ici_20.0.wav
698,699,1601.663656,1602.022885,0.35922900000014124,1601.643656,1602.042885,0.39922900000010486,5.0,click_train_00698_start_1601.664s_ici_5.0.wav,/Users/nfot413/dolphin_project/official_click_features/segments/click_train_00698_start_1601.664s_ici_5.0.wav
699,700,1602.022885,1610.320349,8.29746399999999,1602.002885,1610.340349,8.337463999999954,5.0,click_train_00699_start_1602.023s_ici_5.0.wav,/Users/nfot413/dolphin_project/official_click_features/segments/click_train_00699_start_1602.023s_ici_5.0.wav
700,701,1610.320349,1610.830286,0.5099369999998089,1610.300349,1610.8502859999999,0.5499369999997725,35.0,click_train_00700_start_1610.320s_ici_35.0.wav,/Users/nfot413/dolphin_project/official_click_features/segments/click_train_00700_start_1610.320s_ici_35.0.wav
701,702,1610.830286,1611.609448,0.7791620000000421,1610.810286,1611.629448,0.8191620000000057,35.0,click_train_00701_start_1610.830s_ici_35.0.wav,/Users/nfot413/dolphin_project/official_click_features/segments/click_train_00701_start_1610.830s_ici_35.0.wav
702,703,1611.609448,1613.321641,1.7121930000000702,1611.589448,1613.341641,1.7521930000000339,5.0,click_train_00702_start_1611.609s_ici_5.0.wav,/Users/nfot413/dolphin_project/official_click_features/segments/click_train_00702_start_1611.609s_ici_5.0.wav
703,704,1613.342135,1614.853573,1.5114379999999983,1613.3221350000001,1614.873573,1.551437999999962,5.0,click_train_00703_start_1613.342s_ici_5.0.wav,/Users/nfot413/dolphin_project/official_click_features/segments/click_train_00703_start_1613.342s_ici_5.0.wav
704,705,1614.861286,1615.068385,0.20709899999997106,1614.841286,1615.088385,0.24709899999993468,15.0,click_train_00704_start_1614.861s_ici_15.0.wav,/Users/nfot413/dolphin_project/official_click_features/segments/click_train_00704_start_1614.861s_ici_15.0.wav
705,706,1615.817932,1619.708901,3.890969000000041,1615.797932,1619.728901,3.9309690000000046,5.0,click_train_00705_start_1615.818s_ici_5.0.wav,/Users/nfot413/dolphin_project/official_click_features/segments/click_train_00705_start_1615.818s_ici_5.0.wav
706,707,1620.060156,1623.57974,3.5195839999998952,1620.040156,1623.5997399999999,3.559583999999859,5.0,click_train_00706_start_1620.060s_ici_5.0.wav,/Users/nfot413/dolphin_project/official_click_features/segments/click_train_00706_start_1620.060s_ici_5.0.wav
707,708,1623.677781,1623.720479,0.042697999999973035,1623.657781,1623.740479,0.08269799999993666,5.0,click_train_00707_start_1623.678s_ici_5.0.wav,/Users/nfot413/dolphin_project/official_click_features/segments/click_train_00707_start_1623.678s_ici_5.0.wav
708,709,1623.878672,1623.946099,0.06742699999995239,1623.858672,1623.966099,0.107426999999916,10.0,click_train_00708_start_1623.879s_ici_10.0.wav,/Users/nfot413/dolphin_project/official_click_features/segments/click_train_00708_start_1623.879s_ici_10.0.wav
709,710,1623.946099,1624.18,0.23390100000005987,1623.926099,1624.2,0.2739010000000235,25.0,click_train_00709_start_1623.946s_ici_25.0.wav,/Users/nfot413/dolphin_project/official_click_features/segments/click_train_00709_start_1623.946s_ici_25.0.wav
710,711,1624.34251,1624.882234,0.5397239999999783,1624.32251,1624.902234,0.579723999999942,10.0,click_train_00710_start_1624.343s_ici_10.0.wav,/Users/nfot413/dolphin_project/official_click_features/segments/click_train_00710_start_1624.343s_ici_10.0.wav
711,712,1624.987339,1625.218281,0.2309419999999136,1624.967339,1625.238281,0.2709419999998772,30.0,click_train_00711_start_1624.987s_ici_30.0.wav,/Users/nfot413/dolphin_project/official_click_features/segments/click_train_00711_start_1624.987s_ici_30.0.wav
712,713,1625.218281,1625.776354,0.5580730000001495,1625.198281,1625.796354,0.5980730000001131,5.0,click_train_00712_start_1625.218s_ici_5.0.wav,/Users/nfot413/dolphin_project/official_click_features/segments/click_train_00712_start_1625.218s_ici_5.0.wav
713,714,1625.776354,1626.065057,0.2887029999999413,1625.756354,1626.085057,0.32870299999990493,40.0,click_train_00713_start_1625.776s_ici_40.0.wav,/Users/nfot413/dolphin_project/official_click_features/segments/click_train_00713_start_1625.776s_ici_40.0.wav
714,715,1626.065057,1626.210755,0.14569800000003852,1626.045057,1626.230755,0.18569800000000214,5.0,click_train_00714_start_1626.065s_ici_5.0.wav,/Users/nfot413/dolphin_project/official_click_features/segments/click_train_00714_start_1626.065s_ici_5.0.wav
715,716,1626.210755,1628.425599,2.2148439999998573,1626.190755,1628.445599,2.254843999999821,10.0,click_train_00715_start_1626.211s_ici_10.0.wav,/Users/nfot413/dolphin_project/official_click_features/segments/click_train_00715_start_1626.211s_ici_10.0.wav
716,717,1628.986797,1629.281281,0.2944840000000113,1628.966797,1629.301281,0.3344839999999749,5.0,click_train_00716_start_1628.987s_ici_5.0.wav,/Users/nfot413/dolphin_project/official_click_features/segments/click_train_00716_start_1628.987s_ici_5.0.wav
717,718,1629.281281,1629.504667,0.22338599999989128,1629.261281,1629.524667,0.2633859999998549,35.0,click_train_00717_start_1629.281s_ici_35.0.wav,/Users/nfot413/dolphin_project/official_click_features/segments/click_train_00717_start_1629.281s_ici_35.0.wav
718,719,1629.504667,1629.710651,0.20598400000017136,1629.484667,1629.730651,0.24598400000013498,5.0,click_train_00718_start_1629.505s_ici_5.0.wav,/Users/nfot413/dolphin_project/official_click_features/segments/click_train_00718_start_1629.505s_ici_5.0.wav
719,720,1630.120302,1630.140844,0.020541999999977634,1630.100302,1630.160844,0.060541999999941254,5.0,click_train_00719_start_1630.120s_ici_5.0.wav,/Users/nfot413/dolphin_project/official_click_features/segments/click_train_00719_start_1630.120s_ici_5.0.wav
720,721,1630.267677,1630.765964,0.4982869999998911,1630.247677,1630.785964,0.5382869999998547,5.0,click_train_00720_start_1630.268s_ici_5.0.wav,/Users/nfot413/dolphin_project/official_click_features/segments/click_train_00720_start_1630.268s_ici_5.0.wav
721,722,1631.357927,1634.287141,2.9292140000000018,1631.337927,1634.307141,2.9692139999999654,5.0,click_train_00721_start_1631.358s_ici_5.0.wav,/Users/nfot413/dolphin_project/official_click_features/segments/click_train_00721_start_1631.358s_ici_5.0.wav
722,723,1634.287141,1634.927599,0.6404580000000806,1634.267141,1634.947599,0.6804580000000442,5.0,click_train_00722_start_1634.287s_ici_5.0.wav,/Users/nfot413/dolphin_project/official_click_features/segments/click_train_00722_start_1634.287s_ici_5.0.wav
723,724,1634.959266,1635.172016,0.2127499999999145,1634.939266,1635.192016,0.2527499999998781,25.0,click_train_00723_start_1634.959s_ici_25.0.wav,/Users/nfot413/dolphin_project/official_click_features/segments/click_train_00723_start_1634.959s_ici_25.0.wav
724,725,1635.172016,1635.224042,0.05202600000006896,1635.152016,1635.244042,0.09202600000003258,10.0,click_train_00724_start_1635.172s_ici_10.0.wav,/Users/nfot413/dolphin_project/official_click_features/segments/click_train_00724_start_1635.172s_ici_10.0.wav
725,726,1635.224042,1635.374161,0.1501189999999042,1635.204042,1635.394161,0.1901189999998678,35.0,click_train_00725_start_1635.224s_ici_35.0.wav,/Users/nfot413/dolphin_project/official_click_features/segments/click_train_00725_start_1635.224s_ici_35.0.wav
726,727,1635.812146,1637.275109,1.4629629999999452,1635.792146,1637.295109,1.5029629999999088,5.0,click_train_00726_start_1635.812s_ici_5.0.wav,/Users/nfot413/dolphin_project/official_click_features/segments/click_train_00726_start_1635.812s_ici_5.0.wav
727,728,1637.275109,1637.807026,0.5319170000000213,1637.255109,1637.827026,0.5719169999999849,10.0,click_train_00727_start_1637.275s_ici_10.0.wav,/Users/nfot413/dolphin_project/official_click_features/segments/click_train_00727_start_1637.275s_ici_10.0.wav
728,729,1638.231224,1638.378484,0.1472599999999602,1638.2112240000001,1638.398484,0.18725999999992382,10.0,click_train_00728_start_1638.231s_ici_10.0.wav,/Users/nfot413/dolphin_project/official_click_features/segments/click_train_00728_start_1638.231s_ici_10.0.wav
729,730,1638.512031,1638.563135,0.05110400000012305,1638.492031,1638.583135,0.09110400000008667,10.0,click_train_00729_start_1638.512s_ici_10.0.wav,/Users/nfot413/dolphin_project/official_click_features/segments/click_train_00729_start_1638.512s_ici_10.0.wav
730,731,1638.640328,1639.233911,0.5935830000000806,1638.620328,1639.253911,0.6335830000000442,5.0,click_train_00730_start_1638.640s_ici_5.0.wav,/Users/nfot413/dolphin_project/official_click_features/segments/click_train_00730_start_1638.640s_ici_5.0.wav
731,732,1639.328359,1639.627646,0.299286999999822,1639.308359,1639.647646,0.3392869999997856,45.0,click_train_00731_start_1639.328s_ici_45.0.wav,/Users/nfot413/dolphin_project/official_click_features/segments/click_train_00731_start_1639.328s_ici_45.0.wav
732,733,1639.627646,1639.772469,0.14482300000008763,1639.607646,1639.792469,0.18482300000005125,15.0,click_train_00732_start_1639.628s_ici_15.0.wav,/Users/nfot413/dolphin_project/official_click_features/segments/click_train_00732_start_1639.628s_ici_15.0.wav
733,734,1642.288411,1643.479979,1.191567999999961,1642.268411,1643.499979,1.2315679999999247,5.0,click_train_00733_start_1642.288s_ici_5.0.wav,/Users/nfot413/dolphin_project/official_click_features/segments/click_train_00733_start_1642.288s_ici_5.0.wav
734,735,1644.471839,1644.802411,0.3305719999998473,1644.451839,1644.8224109999999,0.37057199999981094,10.0,click_train_00734_start_1644.472s_ici_10.0.wav,/Users/nfot413/dolphin_project/official_click_features/segments/click_train_00734_start_1644.472s_ici_10.0.wav
735,736,1644.802411,1644.955599,0.1531880000000001,1644.782411,1644.9755989999999,0.19318799999996372,35.0,click_train_00735_start_1644.802s_ici_35.0.wav,/Users/nfot413/dolphin_project/official_click_features/segments/click_train_00735_start_1644.802s_ici_35.0.wav
736,737,1645.990292,1646.446849,0.45655699999997523,1645.970292,1646.466849,0.49655699999993885,5.0,click_train_00736_start_1645.990s_ici_5.0.wav,/Users/nfot413/dolphin_project/official_click_features/segments/click_train_00736_start_1645.990s_ici_5.0.wav
737,738,1647.288937,1650.317177,3.028239999999869,1647.268937,1650.3371769999999,3.0682399999998324,5.0,click_train_00737_start_1647.289s_ici_5.0.wav,/Users/nfot413/dolphin_project/official_click_features/segments/click_train_00737_start_1647.289s_ici_5.0.wav
738,739,1650.872276,1651.084641,0.21236499999986336,1650.852276,1651.104641,0.252364999999827,40.0,click_train_00738_start_1650.872s_ici_40.0.wav,/Users/nfot413/dolphin_project/official_click_features/segments/click_train_00738_start_1650.872s_ici_40.0.wav
739,740,1651.467495,1651.590833,0.12333799999987605,1651.4474950000001,1651.610833,0.16333799999983967,10.0,click_train_00739_start_1651.467s_ici_10.0.wav,/Users/nfot413/dolphin_project/official_click_features/segments/click_train_00739_start_1651.467s_ici_10.0.wav
740,741,1652.04426,1652.609505,0.5652450000000044,1652.02426,1652.6295049999999,0.6052449999999681,75.0,click_train_00740_start_1652.044s_ici_75.0.wav,/Users/nfot413/dolphin_project/official_click_features/segments/click_train_00740_start_1652.044s_ici_75.0.wav
741,742,1652.661651,1652.855771,0.19412000000011176,1652.641651,1652.875771,0.23412000000007538,10.0,click_train_00741_start_1652.662s_ici_10.0.wav,/Users/nfot413/dolphin_project/official_click_features/segments/click_train_00741_start_1652.662s_ici_10.0.wav
742,743,1653.342016,1655.043292,1.7012760000000071,1653.322016,1655.063292,1.7412759999999707,10.0,click_train_00742_start_1653.342s_ici_10.0.wav,/Users/nfot413/dolphin_project/official_click_features/segments/click_train_00742_start_1653.342s_ici_10.0.wav
743,744,1655.52262,1655.743156,0.22053600000003826,1655.50262,1655.763156,0.2605360000000019,10.0,click_train_00743_start_1655.523s_ici_10.0.wav,/Users/nfot413/dolphin_project/official_click_features/segments/click_train_00743_start_1655.523s_ici_10.0.wav
744,745,1656.642099,1656.773333,0.13123400000017682,1656.622099,1656.793333,0.17123400000014044,5.0,click_train_00744_start_1656.642s_ici_5.0.wav,/Users/nfot413/dolphin_project/official_click_features/segments/click_train_00744_start_1656.642s_ici_5.0.wav
745,746,1657.404922,1657.587786,0.18286400000010872,1657.384922,1657.607786,0.22286400000007234,25.0,click_train_00745_start_1657.405s_ici_25.0.wav,/Users/nfot413/dolphin_project/official_click_features/segments/click_train_00745_start_1657.405s_ici_25.0.wav
746,747,1657.587786,1657.630307,0.04252099999985148,1657.567786,1657.6503069999999,0.0825209999998151,5.0,click_train_00746_start_1657.588s_ici_5.0.wav,/Users/nfot413/dolphin_project/official_click_features/segments/click_train_00746_start_1657.588s_ici_5.0.wav
747,748,1657.826026,1657.865151,0.03912500000001273,1657.806026,1657.885151,0.07912499999997635,5.0,click_train_00747_start_1657.826s_ici_5.0.wav,/Users/nfot413/dolphin_project/official_click_features/segments/click_train_00747_start_1657.826s_ici_5.0.wav
748,749,1658.018807,1658.149307,0.13049999999998363,1657.998807,1658.169307,0.17049999999994725,10.0,click_train_00748_start_1658.019s_ici_10.0.wav,/Users/nfot413/dolphin_project/official_click_features/segments/click_train_00748_start_1658.019s_ici_10.0.wav
749,750,1658.149307,1658.237776,0.08846900000003188,1658.129307,1658.257776,0.1284689999999955,15.0,click_train_00749_start_1658.149s_ici_15.0.wav,/Users/nfot413/dolphin_project/official_click_features/segments/click_train_00749_start_1658.149s_ici_15.0.wav
750,751,1659.321781,1659.719557,0.3977759999997943,1659.3017810000001,1659.7395569999999,0.4377759999997579,85.0,click_train_00750_start_1659.322s_ici_85.0.wav,/Users/nfot413/dolphin_project/official_click_features/segments/click_train_00750_start_1659.322s_ici_85.0.wav
751,752,1659.719557,1659.897927,0.1783700000000863,1659.699557,1659.917927,0.2183700000000499,10.0,click_train_00751_start_1659.720s_ici_10.0.wav,/Users/nfot413/dolphin_project/official_click_features/segments/click_train_00751_start_1659.720s_ici_10.0.wav
752,753,1660.09349,1660.732703,0.639212999999927,1660.07349,1660.7527029999999,0.6792129999998906,10.0,click_train_00752_start_1660.093s_ici_10.0.wav,/Users/nfot413/dolphin_project/official_click_features/segments/click_train_00752_start_1660.093s_ici_10.0.wav
753,754,1660.732703,1660.936036,0.20333300000015697,1660.712703,1660.956036,0.2433330000001206,10.0,click_train_00753_start_1660.733s_ici_10.0.wav,/Users/nfot413/dolphin_project/official_click_features/segments/click_train_00753_start_1660.733s_ici_10.0.wav
754,755,1660.962432,1661.042344,0.07991199999992205,1660.942432,1661.062344,0.11991199999988567,10.0,click_train_00754_start_1660.962s_ici_10.0.wav,/Users/nfot413/dolphin_project/official_click_features/segments/click_train_00754_start_1660.962s_ici_10.0.wav
755,756,1663.483052,1664.758714,1.2756620000000112,1663.463052,1664.778714,1.3156619999999748,5.0,click_train_00755_start_1663.483s_ici_5.0.wav,/Users/nfot413/dolphin_project/official_click_features/segments/click_train_00755_start_1663.483s_ici_5.0.wav
756,757,1664.938688,1665.1195,0.18081200000005992,1664.918688,1665.1395,0.22081200000002354,5.0,click_train_00756_start_1664.939s_ici_5.0.wav,/Users/nfot413/dolphin_project/official_click_features/segments/click_train_00756_start_1664.939s_ici_5.0.wav
757,758,1665.402427,1666.260875,0.858447999999953,1665.382427,1666.280875,0.8984479999999166,10.0,click_train_00757_start_1665.402s_ici_10.0.wav,/Users/nfot413/dolphin_project/official_click_features/segments/click_train_00757_start_1665.402s_ici_10.0.wav
758,759,1666.260875,1666.410844,0.14996900000005553,1666.240875,1666.430844,0.18996900000001915,25.0,click_train_00758_start_1666.261s_ici_25.0.wav,/Users/nfot413/dolphin_project/official_click_features/segments/click_train_00758_start_1666.261s_ici_25.0.wav
759,760,1666.726536,1667.127698,0.40116200000011304,1666.706536,1667.147698,0.44116200000007666,70.0,click_train_00759_start_1666.727s_ici_70.0.wav,/Users/nfot413/dolphin_project/official_click_features/segments/click_train_00759_start_1666.727s_ici_70.0.wav
760,761,1667.167729,1669.600948,2.4332190000000082,1667.147729,1669.620948,2.473218999999972,5.0,click_train_00760_start_1667.168s_ici_5.0.wav,/Users/nfot413/dolphin_project/official_click_features/segments/click_train_00760_start_1667.168s_ici_5.0.wav
761,762,1669.670563,1669.822917,0.1523540000000594,1669.650563,1669.842917,0.192354000000023,30.0,click_train_00761_start_1669.671s_ici_30.0.wav,/Users/nfot413/dolphin_project/official_click_features/segments/click_train_00761_start_1669.671s_ici_30.0.wav
762,763,1670.398115,1670.608734,0.21061899999995148,1670.378115,1670.628734,0.2506189999999151,5.0,click_train_00762_start_1670.398s_ici_5.0.wav,/Users/nfot413/dolphin_project/official_click_features/segments/click_train_00762_start_1670.398s_ici_5.0.wav
763,764,1670.653245,1671.050385,0.3971400000000358,1670.633245,1671.070385,0.4371399999999994,25.0,click_train_00763_start_1670.653s_ici_25.0.wav,/Users/nfot413/dolphin_project/official_click_features/segments/click_train_00763_start_1670.653s_ici_25.0.wav
764,765,1671.050385,1671.677214,0.6268290000000434,1671.030385,1671.697214,0.666829000000007,5.0,click_train_00764_start_1671.050s_ici_5.0.wav,/Users/nfot413/dolphin_project/official_click_features/segments/click_train_00764_start_1671.050s_ici_5.0.wav
765,766,1671.746151,1671.829458,0.08330699999987701,1671.726151,1671.849458,0.12330699999984063,10.0,click_train_00765_start_1671.746s_ici_10.0.wav,/Users/nfot413/dolphin_project/official_click_features/segments/click_train_00765_start_1671.746s_ici_10.0.wav
766,767,1672.221964,1672.903937,0.6819729999999709,1672.201964,1672.923937,0.7219729999999345,5.0,click_train_00766_start_1672.222s_ici_5.0.wav,/Users/nfot413/dolphin_project/official_click_features/segments/click_train_00766_start_1672.222s_ici_5.0.wav
767,768,1672.957865,1673.249307,0.2914419999999609,1672.937865,1673.269307,0.3314419999999245,5.0,click_train_00767_start_1672.958s_ici_5.0.wav,/Users/nfot413/dolphin_project/official_click_features/segments/click_train_00767_start_1672.958s_ici_5.0.wav
768,769,1673.249307,1673.450922,0.20161499999994703,1673.229307,1673.470922,0.24161499999991065,5.0,click_train_00768_start_1673.249s_ici_5.0.wav,/Users/nfot413/dolphin_project/official_click_features/segments/click_train_00768_start_1673.249s_ici_5.0.wav
769,770,1674.206161,1674.461661,0.25549999999998363,1674.186161,1674.481661,0.29549999999994725,55.0,click_train_00769_start_1674.206s_ici_55.0.wav,/Users/nfot413/dolphin_project/official_click_features/segments/click_train_00769_start_1674.206s_ici_55.0.wav
770,771,1674.461661,1674.59737,0.13570899999990615,1674.441661,1674.61737,0.17570899999986977,30.0,click_train_00770_start_1674.462s_ici_30.0.wav,/Users/nfot413/dolphin_project/official_click_features/segments/click_train_00770_start_1674.462s_ici_30.0.wav
771,772,1674.939167,1675.341005,0.4018379999999979,1674.919167,1675.361005,0.44183799999996154,85.0,click_train_00771_start_1674.939s_ici_85.0.wav,/Users/nfot413/dolphin_project/official_click_features/segments/click_train_00771_start_1674.939s_ici_85.0.wav
772,773,1675.864719,1676.167359,0.3026400000001104,1675.844719,1676.187359,0.342640000000074,65.0,click_train_00772_start_1675.865s_ici_65.0.wav,/Users/nfot413/dolphin_project/official_click_features/segments/click_train_00772_start_1675.865s_ici_65.0.wav
773,774,1676.22912,1676.676,0.44687999999996464,1676.20912,1676.696,0.48687999999992826,50.0,click_train_00773_start_1676.229s_ici_50.0.wav,/Users/nfot413/dolphin_project/official_click_features/segments/click_train_00773_start_1676.229s_ici_50.0.wav
774,775,1676.760719,1677.173057,0.4123379999998633,1676.7407190000001,1677.193057,0.45233799999982693,35.0,click_train_00774_start_1676.761s_ici_35.0.wav,/Users/nfot413/dolphin_project/official_click_features/segments/click_train_00774_start_1676.761s_ici_35.0.wav
775,776,1677.209688,1677.599229,0.38954100000000835,1677.189688,1677.619229,0.429540999999972,30.0,click_train_00775_start_1677.210s_ici_30.0.wav,/Users/nfot413/dolphin_project/official_click_features/segments/click_train_00775_start_1677.210s_ici_30.0.wav
776,777,1677.599229,1678.460729,0.8614999999999782,1677.579229,1678.4807289999999,0.9014999999999418,70.0,click_train_00776_start_1677.599s_ici_70.0.wav,/Users/nfot413/dolphin_project/official_click_features/segments/click_train_00776_start_1677.599s_ici_70.0.wav
777,778,1679.39687,1679.651812,0.2549420000000282,1679.37687,1679.671812,0.2949419999999918,35.0,click_train_00777_start_1679.397s_ici_35.0.wav,/Users/nfot413/dolphin_project/official_click_features/segments/click_train_00777_start_1679.397s_ici_35.0.wav
778,779,1680.863135,1681.64863,0.7854949999998553,1680.843135,1681.66863,0.8254949999998189,65.0,click_train_00778_start_1680.863s_ici_65.0.wav,/Users/nfot413/dolphin_project/official_click_features/segments/click_train_00778_start_1680.863s_ici_65.0.wav
779,780,1682.365625,1682.569615,0.2039900000002035,1682.345625,1682.589615,0.24399000000016713,45.0,click_train_00779_start_1682.366s_ici_45.0.wav,/Users/nfot413/dolphin_project/official_click_features/segments/click_train_00779_start_1682.366s_ici_45.0.wav
780,781,1682.569615,1682.67251,0.10289499999998952,1682.5496150000001,1682.69251,0.14289499999995314,25.0,click_train_00780_start_1682.570s_ici_25.0.wav,/Users/nfot413/dolphin_project/official_click_features/segments/click_train_00780_start_1682.570s_ici_25.0.wav
781,782,1682.67251,1683.050281,0.3777709999999388,1682.6525100000001,1683.070281,0.4177709999999024,50.0,click_train_00781_start_1682.673s_ici_50.0.wav,/Users/nfot413/dolphin_project/official_click_features/segments/click_train_00781_start_1682.673s_ici_50.0.wav
782,783,1684.371875,1684.697422,0.325546999999915,1684.351875,1684.717422,0.3655469999998786,45.0,click_train_00782_start_1684.372s_ici_45.0.wav,/Users/nfot413/dolphin_project/official_click_features/segments/click_train_00782_start_1684.372s_ici_45.0.wav
783,784,1686.186146,1686.604734,0.41858799999999974,1686.166146,1686.624734,0.45858799999996336,45.0,click_train_00783_start_1686.186s_ici_45.0.wav,/Users/nfot413/dolphin_project/official_click_features/segments/click_train_00783_start_1686.186s_ici_45.0.wav
784,785,1687.664677,1688.226974,0.5622969999999441,1687.644677,1688.246974,0.6022969999999077,45.0,click_train_00784_start_1687.665s_ici_45.0.wav,/Users/nfot413/dolphin_project/official_click_features/segments/click_train_00784_start_1687.665s_ici_45.0.wav
785,786,1690.390943,1690.697755,0.3068119999998089,1690.3709430000001,1690.717755,0.3468119999997725,45.0,click_train_00785_start_1690.391s_ici_45.0.wav,/Users/nfot413/dolphin_project/official_click_features/segments/click_train_00785_start_1690.391s_ici_45.0.wav
786,787,1690.822677,1691.072635,0.24995799999987867,1690.8026770000001,1691.092635,0.2899579999998423,25.0,click_train_00786_start_1690.823s_ici_25.0.wav,/Users/nfot413/dolphin_project/official_click_features/segments/click_train_00786_start_1690.823s_ici_25.0.wav
787,788,1691.181505,1692.494349,1.312844000000041,1691.161505,1692.514349,1.3528440000000046,10.0,click_train_00787_start_1691.182s_ici_10.0.wav,/Users/nfot413/dolphin_project/official_click_features/segments/click_train_00787_start_1691.182s_ici_10.0.wav
788,789,1692.494349,1692.642099,0.14774999999985994,1692.474349,1692.662099,0.18774999999982356,15.0,click_train_00788_start_1692.494s_ici_15.0.wav,/Users/nfot413/dolphin_project/official_click_features/segments/click_train_00788_start_1692.494s_ici_15.0.wav
789,790,1692.77275,1692.97887,0.206119999999828,1692.75275,1692.99887,0.24611999999979162,15.0,click_train_00789_start_1692.773s_ici_15.0.wav,/Users/nfot413/dolphin_project/official_click_features/segments/click_train_00789_start_1692.773s_ici_15.0.wav
790,791,1693.050797,1693.401255,0.3504579999998896,1693.0307970000001,1693.421255,0.3904579999998532,15.0,click_train_00790_start_1693.051s_ici_15.0.wav,/Users/nfot413/dolphin_project/official_click_features/segments/click_train_00790_start_1693.051s_ici_15.0.wav
791,792,1693.401255,1693.626943,0.225687999999991,1693.381255,1693.646943,0.2656879999999546,35.0,click_train_00791_start_1693.401s_ici_35.0.wav,/Users/nfot413/dolphin_project/official_click_features/segments/click_train_00791_start_1693.401s_ici_35.0.wav
792,793,1693.626943,1693.709719,0.0827759999999671,1693.606943,1693.729719,0.12277599999993072,15.0,click_train_00792_start_1693.627s_ici_15.0.wav,/Users/nfot413/dolphin_project/official_click_features/segments/click_train_00792_start_1693.627s_ici_15.0.wav
793,794,1693.709719,1694.013208,0.3034890000001269,1693.689719,1694.033208,0.3434890000000905,15.0,click_train_00793_start_1693.710s_ici_15.0.wav,/Users/nfot413/dolphin_project/official_click_features/segments/click_train_00793_start_1693.710s_ici_15.0.wav
794,795,1694.039151,1694.213021,0.17387000000007902,1694.019151,1694.233021,0.21387000000004264,10.0,click_train_00794_start_1694.039s_ici_10.0.wav,/Users/nfot413/dolphin_project/official_click_features/segments/click_train_00794_start_1694.039s_ici_10.0.wav
795,796,1694.3205,1695.476698,1.156197999999904,1694.3005,1695.496698,1.1961979999998675,15.0,click_train_00795_start_1694.321s_ici_15.0.wav,/Users/nfot413/dolphin_project/official_click_features/segments/click_train_00795_start_1694.321s_ici_15.0.wav
796,797,1695.476698,1696.367375,0.8906770000000961,1695.456698,1696.387375,0.9306770000000597,30.0,click_train_00796_start_1695.477s_ici_30.0.wav,/Users/nfot413/dolphin_project/official_click_features/segments/click_train_00796_start_1695.477s_ici_30.0.wav
797,798,1696.422714,1696.813333,0.39061900000001515,1696.402714,1696.833333,0.43061899999997877,20.0,click_train_00797_start_1696.423s_ici_20.0.wav,/Users/nfot413/dolphin_project/official_click_features/segments/click_train_00797_start_1696.423s_ici_20.0.wav
798,799,1700.578901,1700.676271,0.09736999999995533,1700.558901,1700.696271,0.13736999999991895,15.0,click_train_00798_start_1700.579s_ici_15.0.wav,/Users/nfot413/dolphin_project/official_click_features/segments/click_train_00798_start_1700.579s_ici_15.0.wav
799,800,1700.775448,1701.379141,0.6036929999997938,1700.7554480000001,1701.3991409999999,0.6436929999997574,90.0,click_train_00799_start_1700.775s_ici_90.0.wav,/Users/nfot413/dolphin_project/official_click_features/segments/click_train_00799_start_1700.775s_ici_90.0.wav
800,801,1701.977099,1702.145089,0.1679900000001453,1701.957099,1702.165089,0.20799000000010892,10.0,click_train_00800_start_1701.977s_ici_10.0.wav,/Users/nfot413/dolphin_project/official_click_features/segments/click_train_00800_start_1701.977s_ici_10.0.wav
801,802,1702.247344,1702.368911,0.1215669999999136,1702.2273440000001,1702.388911,0.16156699999987723,15.0,click_train_00801_start_1702.247s_ici_15.0.wav,/Users/nfot413/dolphin_project/official_click_features/segments/click_train_00801_start_1702.247s_ici_15.0.wav
802,803,1702.760932,1702.86837,0.10743800000000192,1702.740932,1702.88837,0.14743799999996554,10.0,click_train_00802_start_1702.761s_ici_10.0.wav,/Users/nfot413/dolphin_project/official_click_features/segments/click_train_00802_start_1702.761s_ici_10.0.wav
803,804,1702.86837,1703.15701,0.2886399999999867,1702.84837,1703.1770099999999,0.3286399999999503,10.0,click_train_00803_start_1702.868s_ici_10.0.wav,/Users/nfot413/dolphin_project/official_click_features/segments/click_train_00803_start_1702.868s_ici_10.0.wav
804,805,1703.276349,1703.627021,0.3506720000000314,1703.256349,1703.647021,0.390671999999995,10.0,click_train_00804_start_1703.276s_ici_10.0.wav,/Users/nfot413/dolphin_project/official_click_features/segments/click_train_00804_start_1703.276s_ici_10.0.wav
805,806,1703.962422,1704.174365,0.2119430000000193,1703.942422,1704.194365,0.25194299999998293,10.0,click_train_00805_start_1703.962s_ici_10.0.wav,/Users/nfot413/dolphin_project/official_click_features/segments/click_train_00805_start_1703.962s_ici_10.0.wav
806,807,1704.199297,1704.367755,0.16845800000010058,1704.179297,1704.387755,0.2084580000000642,10.0,click_train_00806_start_1704.199s_ici_10.0.wav,/Users/nfot413/dolphin_project/official_click_features/segments/click_train_00806_start_1704.199s_ici_10.0.wav
807,808,1704.394573,1705.278161,0.8835879999999179,1704.374573,1705.298161,0.9235879999998815,15.0,click_train_00807_start_1704.395s_ici_15.0.wav,/Users/nfot413/dolphin_project/official_click_features/segments/click_train_00807_start_1704.395s_ici_15.0.wav
808,809,1708.317781,1708.542099,0.22431800000003932,1708.297781,1708.562099,0.26431800000000294,45.0,click_train_00808_start_1708.318s_ici_45.0.wav,/Users/nfot413/dolphin_project/official_click_features/segments/click_train_00808_start_1708.318s_ici_45.0.wav
809,810,1708.579703,1708.801339,0.2216359999999895,1708.5597030000001,1708.821339,0.26163599999995313,35.0,click_train_00809_start_1708.580s_ici_35.0.wav,/Users/nfot413/dolphin_project/official_click_features/segments/click_train_00809_start_1708.580s_ici_35.0.wav
810,811,1709.065875,1709.338083,0.2722080000000915,1709.045875,1709.358083,0.3122080000000551,25.0,click_train_00810_start_1709.066s_ici_25.0.wav,/Users/nfot413/dolphin_project/official_click_features/segments/click_train_00810_start_1709.066s_ici_25.0.wav
811,812,1710.394807,1710.536667,0.14186000000017884,1710.374807,1710.556667,0.18186000000014246,25.0,click_train_00811_start_1710.395s_ici_25.0.wav,/Users/nfot413/dolphin_project/official_click_features/segments/click_train_00811_start_1710.395s_ici_25.0.wav
812,813,1712.436792,1712.777578,0.34078599999998005,1712.416792,1712.797578,0.38078599999994367,70.0,click_train_00812_start_1712.437s_ici_70.0.wav,/Users/nfot413/dolphin_project/official_click_features/segments/click_train_00812_start_1712.437s_ici_70.0.wav
813,814,1714.795771,1715.48413,0.6883589999999913,1714.775771,1715.50413,0.7283589999999549,20.0,click_train_00813_start_1714.796s_ici_20.0.wav,/Users/nfot413/dolphin_project/official_click_features/segments/click_train_00813_start_1714.796s_ici_20.0.wav
814,815,1719.66163,1719.742604,0.08097399999996924,1719.64163,1719.762604,0.12097399999993286,10.0,click_train_00814_start_1719.662s_ici_10.0.wav,/Users/nfot413/dolphin_project/official_click_features/segments/click_train_00814_start_1719.662s_ici_10.0.wav
815,816,1722.112635,1722.250042,0.13740699999993922,1722.092635,1722.2700419999999,0.17740699999990284,20.0,click_train_00815_start_1722.113s_ici_20.0.wav,/Users/nfot413/dolphin_project/official_click_features/segments/click_train_00815_start_1722.113s_ici_20.0.wav
816,817,1724.115417,1726.854266,2.738849000000073,1724.095417,1726.874266,2.7788490000000365,10.0,click_train_00816_start_1724.115s_ici_10.0.wav,/Users/nfot413/dolphin_project/official_click_features/segments/click_train_00816_start_1724.115s_ici_10.0.wav
817,818,1727.001677,1727.769042,0.767364999999927,1726.981677,1727.7890419999999,0.8073649999998906,10.0,click_train_00817_start_1727.002s_ici_10.0.wav,/Users/nfot413/dolphin_project/official_click_features/segments/click_train_00817_start_1727.002s_ici_10.0.wav
818,819,1727.769042,1727.851141,0.08209900000019843,1727.749042,1727.871141,0.12209900000016205,15.0,click_train_00818_start_1727.769s_ici_15.0.wav,/Users/nfot413/dolphin_project/official_click_features/segments/click_train_00818_start_1727.769s_ici_15.0.wav
819,820,1727.851141,1728.13774,0.28659899999979643,1727.8311410000001,1728.1577399999999,0.32659899999976005,30.0,click_train_00819_start_1727.851s_ici_30.0.wav,/Users/nfot413/dolphin_project/official_click_features/segments/click_train_00819_start_1727.851s_ici_30.0.wav
820,821,1728.13774,1728.189839,0.05209899999999834,1728.11774,1728.2098389999999,0.09209899999996196,10.0,click_train_00820_start_1728.138s_ici_10.0.wav,/Users/nfot413/dolphin_project/official_click_features/segments/click_train_00820_start_1728.138s_ici_10.0.wav
821,822,1728.189839,1729.538766,1.3489270000000033,1728.169839,1729.5587659999999,1.388926999999967,10.0,click_train_00821_start_1728.190s_ici_10.0.wav,/Users/nfot413/dolphin_project/official_click_features/segments/click_train_00821_start_1728.190s_ici_10.0.wav
822,823,1733.47588,1733.690063,0.2141830000000482,1733.45588,1733.710063,0.2541830000000118,45.0,click_train_00822_start_1733.476s_ici_45.0.wav,/Users/nfot413/dolphin_project/official_click_features/segments/click_train_00822_start_1733.476s_ici_45.0.wav
823,824,1734.410094,1734.534094,0.12400000000002365,1734.390094,1734.554094,0.16399999999998727,25.0,click_train_00823_start_1734.410s_ici_25.0.wav,/Users/nfot413/dolphin_project/official_click_features/segments/click_train_00823_start_1734.410s_ici_25.0.wav
824,825,1734.534094,1734.913005,0.37891100000001643,1734.5140940000001,1734.933005,0.41891099999998005,45.0,click_train_00824_start_1734.534s_ici_45.0.wav,/Users/nfot413/dolphin_project/official_click_features/segments/click_train_00824_start_1734.534s_ici_45.0.wav
825,826,1735.887828,1736.238891,0.3510630000000674,1735.867828,1736.258891,0.391063000000031,40.0,click_train_00825_start_1735.888s_ici_40.0.wav,/Users/nfot413/dolphin_project/official_click_features/segments/click_train_00825_start_1735.888s_ici_40.0.wav
826,827,1736.277339,1736.512781,0.23544199999992088,1736.257339,1736.5327809999999,0.2754419999998845,40.0,click_train_00826_start_1736.277s_ici_40.0.wav,/Users/nfot413/dolphin_project/official_click_features/segments/click_train_00826_start_1736.277s_ici_40.0.wav
827,828,1737.229047,1737.2965,0.06745299999988674,1737.209047,1737.3165,0.10745299999985036,10.0,click_train_00827_start_1737.229s_ici_10.0.wav,/Users/nfot413/dolphin_project/official_click_features/segments/click_train_00827_start_1737.229s_ici_10.0.wav
828,829,1737.341828,1737.398448,0.05661999999983891,1737.321828,1737.418448,0.09661999999980253,5.0,click_train_00828_start_1737.342s_ici_5.0.wav,/Users/nfot413/dolphin_project/official_click_features/segments/click_train_00828_start_1737.342s_ici_5.0.wav
829,830,1737.624839,1737.656141,0.03130199999986871,1737.604839,1737.676141,0.07130199999983233,5.0,click_train_00829_start_1737.625s_ici_5.0.wav,/Users/nfot413/dolphin_project/official_click_features/segments/click_train_00829_start_1737.625s_ici_5.0.wav
830,831,1737.698854,1737.756151,0.057297000000062326,1737.678854,1737.776151,0.09729700000002595,5.0,click_train_00830_start_1737.699s_ici_5.0.wav,/Users/nfot413/dolphin_project/official_click_features/segments/click_train_00830_start_1737.699s_ici_5.0.wav
831,832,1737.756151,1738.044781,0.28863000000001193,1737.736151,1738.064781,0.32862999999997555,10.0,click_train_00831_start_1737.756s_ici_10.0.wav,/Users/nfot413/dolphin_project/official_click_features/segments/click_train_00831_start_1737.756s_ici_10.0.wav
832,833,1738.044781,1738.474573,0.4297919999999067,1738.024781,1738.494573,0.4697919999998703,40.0,click_train_00832_start_1738.045s_ici_40.0.wav,/Users/nfot413/dolphin_project/official_click_features/segments/click_train_00832_start_1738.045s_ici_40.0.wav
833,834,1738.474573,1738.515599,0.0410260000001017,1738.454573,1738.535599,0.08102600000006532,10.0,click_train_00833_start_1738.475s_ici_10.0.wav,/Users/nfot413/dolphin_project/official_click_features/segments/click_train_00833_start_1738.475s_ici_10.0.wav
834,835,1738.574542,1740.0,1.425457999999935,1738.554542,1740.02,1.4654579999998987,5.0,click_train_00834_start_1738.575s_ici_5.0.wav,/Users/nfot413/dolphin_project/official_click_features/segments/click_train_00834_start_1738.575s_ici_5.0.wav
835,836,1740.003615,1743.512875,3.509259999999813,1739.983615,1743.5328749999999,3.5492599999997765,5.0,click_train_00835_start_1740.004s_ici_5.0.wav,/Users/nfot413/dolphin_project/official_click_features/segments/click_train_00835_start_1740.004s_ici_5.0.wav
836,837,1743.632078,1743.672766,0.0406879999998182,1743.612078,1743.692766,0.08068799999978182,5.0,click_train_00836_start_1743.632s_ici_5.0.wav,/Users/nfot413/dolphin_project/official_click_features/segments/click_train_00836_start_1743.632s_ici_5.0.wav
837,838,1743.730469,1748.018219,4.28774999999996,1743.710469,1748.038219,4.327749999999924,5.0,click_train_00837_start_1743.730s_ici_5.0.wav,/Users/nfot413/dolphin_project/official_click_features/segments/click_train_00837_start_1743.730s_ici_5.0.wav
838,839,1748.018219,1748.289396,0.27117699999985234,1747.998219,1748.3093959999999,0.31117699999981596,35.0,click_train_00838_start_1748.018s_ici_35.0.wav,/Users/nfot413/dolphin_project/official_click_features/segments/click_train_00838_start_1748.018s_ici_35.0.wav
839,840,1748.289396,1748.843958,0.5545620000000326,1748.269396,1748.863958,0.5945619999999963,55.0,click_train_00839_start_1748.289s_ici_55.0.wav,/Users/nfot413/dolphin_project/official_click_features/segments/click_train_00839_start_1748.289s_ici_55.0.wav
840,841,1748.843958,1750.177214,1.3332560000001195,1748.823958,1750.197214,1.373256000000083,5.0,click_train_00840_start_1748.844s_ici_5.0.wav,/Users/nfot413/dolphin_project/official_click_features/segments/click_train_00840_start_1748.844s_ici_5.0.wav
841,842,1750.177214,1773.268531,23.09131699999989,1750.157214,1773.288531,23.131316999999854,5.0,click_train_00841_start_1750.177s_ici_5.0.wav,/Users/nfot413/dolphin_project/official_click_features/segments/click_train_00841_start_1750.177s_ici_5.0.wav
842,843,1773.268531,1800.0,26.73146900000006,1773.248531,1800.02,26.771469000000025,5.0,click_train_00842_start_1773.269s_ici_5.0.wav,/Users/nfot413/dolphin_project/official_click_features/segments/click_train_00842_start_1773.269s_ici_5.0.wav
844,845,1844.805182,1856.834177,12.028994999999895,1844.785182,1856.854177,12.068994999999859,5.0,click_train_00844_start_1844.805s_ici_5.0.wav,/Users/nfot413/dolphin_project/official_click_features/segments/click_train_00844_start_1844.805s_ici_5.0.wav
845,846,1856.834177,1860.0,3.165823000000046,1856.814177,1860.02,3.2058230000000094,10.0,click_train_00845_start_1856.834s_ici_10.0.wav,/Users/nfot413/dolphin_project/official_click_features/segments/click_train_00845_start_1856.834s_ici_10.0.wav
846,847,1860.000172,1871.445964,11.445791999999983,1859.980172,1871.465964,11.485791999999947,5.0,click_train_00846_start_1860.000s_ici_5.0.wav,/Users/nfot413/dolphin_project/official_click_features/segments/click_train_00846_start_1860.000s_ici_5.0.wav
847,848,1871.540839,1871.567438,0.026599000000032902,1871.520839,1871.587438,0.06659899999999652,5.0,click_train_00847_start_1871.541s_ici_5.0.wav,/Users/nfot413/dolphin_project/official_click_features/segments/click_train_00847_start_1871.541s_ici_5.0.wav
848,849,1871.567438,1873.734677,2.1672389999998813,1871.547438,1873.754677,2.207238999999845,5.0,click_train_00848_start_1871.567s_ici_5.0.wav,/Users/nfot413/dolphin_project/official_click_features/segments/click_train_00848_start_1871.567s_ici_5.0.wav
849,850,1873.734677,1873.817937,0.08326000000010936,1873.714677,1873.837937,0.12326000000007298,20.0,click_train_00849_start_1873.735s_ici_20.0.wav,/Users/nfot413/dolphin_project/official_click_features/segments/click_train_00849_start_1873.735s_ici_20.0.wav
850,851,1873.931417,1874.251917,0.3205000000000382,1873.911417,1874.271917,0.3605000000000018,45.0,click_train_00850_start_1873.931s_ici_45.0.wav,/Users/nfot413/dolphin_project/official_click_features/segments/click_train_00850_start_1873.931s_ici_45.0.wav
851,852,1874.251917,1874.450115,0.1981980000000476,1874.231917,1874.470115,0.23819800000001123,30.0,click_train_00851_start_1874.252s_ici_30.0.wav,/Users/nfot413/dolphin_project/official_click_features/segments/click_train_00851_start_1874.252s_ici_30.0.wav
852,853,1874.533115,1879.857245,5.324129999999968,1874.513115,1879.877245,5.364129999999932,5.0,click_train_00852_start_1874.533s_ici_5.0.wav,/Users/nfot413/dolphin_project/official_click_features/segments/click_train_00852_start_1874.533s_ici_5.0.wav
853,854,1879.857245,1880.352271,0.4950260000000526,1879.837245,1880.372271,0.5350260000000162,15.0,click_train_00853_start_1879.857s_ici_15.0.wav,/Users/nfot413/dolphin_project/official_click_features/segments/click_train_00853_start_1879.857s_ici_15.0.wav
854,855,1880.446286,1883.849177,3.402890999999954,1880.4262860000001,1883.869177,3.4428909999999178,5.0,click_train_00854_start_1880.446s_ici_5.0.wav,/Users/nfot413/dolphin_project/official_click_features/segments/click_train_00854_start_1880.446s_ici_5.0.wav
855,856,1883.874432,1887.458547,3.5841149999998834,1883.854432,1887.478547,3.624114999999847,5.0,click_train_00855_start_1883.874s_ici_5.0.wav,/Users/nfot413/dolphin_project/official_click_features/segments/click_train_00855_start_1883.874s_ici_5.0.wav
856,857,1887.458547,1894.134344,6.675797000000102,1887.438547,1894.154344,6.715797000000066,5.0,click_train_00856_start_1887.459s_ici_5.0.wav,/Users/nfot413/dolphin_project/official_click_features/segments/click_train_00856_start_1887.459s_ici_5.0.wav
857,858,1894.153333,1894.20526,0.05192699999997785,1894.133333,1894.22526,0.09192699999994147,5.0,click_train_00857_start_1894.153s_ici_5.0.wav,/Users/nfot413/dolphin_project/official_click_features/segments/click_train_00857_start_1894.153s_ici_5.0.wav
858,859,1894.20526,1894.262719,0.05745900000010806,1894.18526,1894.282719,0.09745900000007168,10.0,click_train_00858_start_1894.205s_ici_10.0.wav,/Users/nfot413/dolphin_project/official_click_features/segments/click_train_00858_start_1894.205s_ici_10.0.wav
859,860,1894.346443,1894.458682,0.11223900000004505,1894.326443,1894.478682,0.15223900000000867,10.0,click_train_00859_start_1894.346s_ici_10.0.wav,/Users/nfot413/dolphin_project/official_click_features/segments/click_train_00859_start_1894.346s_ici_10.0.wav
860,861,1894.629865,1894.710042,0.08017699999982142,1894.6098650000001,1894.730042,0.12017699999978504,10.0,click_train_00860_start_1894.630s_ici_10.0.wav,/Users/nfot413/dolphin_project/official_click_features/segments/click_train_00860_start_1894.630s_ici_10.0.wav
861,862,1894.77437,1899.985057,5.210687000000007,1894.75437,1900.005057,5.250686999999971,5.0,click_train_00861_start_1894.774s_ici_5.0.wav,/Users/nfot413/dolphin_project/official_click_features/segments/click_train_00861_start_1894.774s_ici_5.0.wav
862,863,1899.985057,1900.203453,0.21839599999998427,1899.9650570000001,1900.223453,0.2583959999999479,40.0,click_train_00862_start_1899.985s_ici_40.0.wav,/Users/nfot413/dolphin_project/official_click_features/segments/click_train_00862_start_1899.985s_ici_40.0.wav
863,864,1900.203453,1903.951354,3.747900999999956,1900.183453,1903.971354,3.78790099999992,5.0,click_train_00863_start_1900.203s_ici_5.0.wav,/Users/nfot413/dolphin_project/official_click_features/segments/click_train_00863_start_1900.203s_ici_5.0.wav
864,865,1903.951354,1904.112479,0.1611249999998563,1903.931354,1904.1324789999999,0.20112499999981992,10.0,click_train_00864_start_1903.951s_ici_10.0.wav,/Users/nfot413/dolphin_project/official_click_features/segments/click_train_00864_start_1903.951s_ici_10.0.wav
865,866,1904.305417,1904.41375,0.10833299999990231,1904.285417,1904.43375,0.14833299999986593,10.0,click_train_00865_start_1904.305s_ici_10.0.wav,/Users/nfot413/dolphin_project/official_click_features/segments/click_train_00865_start_1904.305s_ici_10.0.wav
866,867,1904.544771,1904.822703,0.2779319999999643,1904.524771,1904.842703,0.31793199999992794,30.0,click_train_00866_start_1904.545s_ici_30.0.wav,/Users/nfot413/dolphin_project/official_click_features/segments/click_train_00866_start_1904.545s_ici_30.0.wav
867,868,1904.822703,1911.442422,6.619719000000032,1904.802703,1911.462422,6.6597189999999955,5.0,click_train_00867_start_1904.823s_ici_5.0.wav,/Users/nfot413/dolphin_project/official_click_features/segments/click_train_00867_start_1904.823s_ici_5.0.wav
868,869,1911.714573,1911.847427,0.13285399999995207,1911.694573,1911.867427,0.1728539999999157,10.0,click_train_00868_start_1911.715s_ici_10.0.wav,/Users/nfot413/dolphin_project/official_click_features/segments/click_train_00868_start_1911.715s_ici_10.0.wav
869,870,1911.847427,1912.017797,0.1703700000000481,1911.827427,1912.037797,0.21037000000001171,25.0,click_train_00869_start_1911.847s_ici_25.0.wav,/Users/nfot413/dolphin_project/official_click_features/segments/click_train_00869_start_1911.847s_ici_25.0.wav
870,871,1912.163349,1912.23249,0.06914100000017243,1912.143349,1912.25249,0.10914100000013605,10.0,click_train_00870_start_1912.163s_ici_10.0.wav,/Users/nfot413/dolphin_project/official_click_features/segments/click_train_00870_start_1912.163s_ici_10.0.wav
871,872,1912.23249,1912.382203,0.14971299999979237,1912.2124900000001,1912.4022029999999,0.189712999999756,30.0,click_train_00871_start_1912.232s_ici_30.0.wav,/Users/nfot413/dolphin_project/official_click_features/segments/click_train_00871_start_1912.232s_ici_30.0.wav
872,873,1912.382203,1912.506328,0.12412500000004911,1912.362203,1912.526328,0.16412500000001273,10.0,click_train_00872_start_1912.382s_ici_10.0.wav,/Users/nfot413/dolphin_project/official_click_features/segments/click_train_00872_start_1912.382s_ici_10.0.wav
873,874,1912.533849,1912.563641,0.029792000000043117,1912.513849,1912.583641,0.06979200000000674,5.0,click_train_00873_start_1912.534s_ici_5.0.wav,/Users/nfot413/dolphin_project/official_click_features/segments/click_train_00873_start_1912.534s_ici_5.0.wav
874,875,1912.563641,1912.803547,0.23990600000001905,1912.543641,1912.823547,0.27990599999998267,10.0,click_train_00874_start_1912.564s_ici_10.0.wav,/Users/nfot413/dolphin_project/official_click_features/segments/click_train_00874_start_1912.564s_ici_10.0.wav
875,876,1912.844135,1912.875589,0.0314539999999397,1912.824135,1912.895589,0.07145399999990332,5.0,click_train_00875_start_1912.844s_ici_5.0.wav,/Users/nfot413/dolphin_project/official_click_features/segments/click_train_00875_start_1912.844s_ici_5.0.wav
876,877,1912.875589,1912.94088,0.06529100000011567,1912.855589,1912.96088,0.1052910000000793,10.0,click_train_00876_start_1912.876s_ici_10.0.wav,/Users/nfot413/dolphin_project/official_click_features/segments/click_train_00876_start_1912.876s_ici_10.0.wav
877,878,1913.134807,1913.180521,0.04571400000008907,1913.114807,1913.200521,0.08571400000005269,10.0,click_train_00877_start_1913.135s_ici_10.0.wav,/Users/nfot413/dolphin_project/official_click_features/segments/click_train_00877_start_1913.135s_ici_10.0.wav
878,879,1913.254271,1914.831323,1.5770520000000943,1913.234271,1914.851323,1.6170520000000579,5.0,click_train_00878_start_1913.254s_ici_5.0.wav,/Users/nfot413/dolphin_project/official_click_features/segments/click_train_00878_start_1913.254s_ici_5.0.wav
879,880,1914.831323,1915.264599,0.433275999999978,1914.8113230000001,1915.284599,0.47327599999994163,20.0,click_train_00879_start_1914.831s_ici_20.0.wav,/Users/nfot413/dolphin_project/official_click_features/segments/click_train_00879_start_1914.831s_ici_20.0.wav
880,881,1915.264599,1915.755938,0.49133899999992536,1915.244599,1915.775938,0.531338999999889,10.0,click_train_00880_start_1915.265s_ici_10.0.wav,/Users/nfot413/dolphin_project/official_click_features/segments/click_train_00880_start_1915.265s_ici_10.0.wav
881,882,1915.755938,1916.455865,0.6999269999998887,1915.735938,1916.4758649999999,0.7399269999998523,40.0,click_train_00881_start_1915.756s_ici_40.0.wav,/Users/nfot413/dolphin_project/official_click_features/segments/click_train_00881_start_1915.756s_ici_40.0.wav
882,883,1916.805359,1917.285172,0.47981300000014926,1916.785359,1917.305172,0.5198130000001129,10.0,click_train_00882_start_1916.805s_ici_10.0.wav,/Users/nfot413/dolphin_project/official_click_features/segments/click_train_00882_start_1916.805s_ici_10.0.wav
883,884,1917.285172,1917.366422,0.08124999999995453,1917.2651720000001,1917.386422,0.12124999999991815,10.0,click_train_00883_start_1917.285s_ici_10.0.wav,/Users/nfot413/dolphin_project/official_click_features/segments/click_train_00883_start_1917.285s_ici_10.0.wav
884,885,1920.001083,1921.991812,1.9907289999998738,1919.9810830000001,1922.011812,2.0307289999998375,5.0,click_train_00884_start_1920.001s_ici_5.0.wav,/Users/nfot413/dolphin_project/official_click_features/segments/click_train_00884_start_1920.001s_ici_5.0.wav
885,886,1921.991812,1922.596188,0.604376000000002,1921.971812,1922.616188,0.6443759999999656,5.0,click_train_00885_start_1921.992s_ici_5.0.wav,/Users/nfot413/dolphin_project/official_click_features/segments/click_train_00885_start_1921.992s_ici_5.0.wav
886,887,1922.596188,1923.305193,0.7090049999999337,1922.576188,1923.325193,0.7490049999998973,10.0,click_train_00886_start_1922.596s_ici_10.0.wav,/Users/nfot413/dolphin_project/official_click_features/segments/click_train_00886_start_1922.596s_ici_10.0.wav
887,888,1923.305193,1923.543036,0.23784300000011172,1923.285193,1923.563036,0.27784300000007534,10.0,click_train_00887_start_1923.305s_ici_10.0.wav,/Users/nfot413/dolphin_project/official_click_features/segments/click_train_00887_start_1923.305s_ici_10.0.wav
888,889,1923.624693,1924.08687,0.46217700000011064,1923.604693,1924.10687,0.5021770000000743,10.0,click_train_00888_start_1923.625s_ici_10.0.wav,/Users/nfot413/dolphin_project/official_click_features/segments/click_train_00888_start_1923.625s_ici_10.0.wav
889,890,1924.130635,1924.252115,0.12148000000001957,1924.110635,1924.272115,0.1614799999999832,10.0,click_train_00889_start_1924.131s_ici_10.0.wav,/Users/nfot413/dolphin_project/official_click_features/segments/click_train_00889_start_1924.131s_ici_10.0.wav
890,891,1924.252115,1924.382656,0.1305409999999938,1924.232115,1924.402656,0.17054099999995742,25.0,click_train_00890_start_1924.252s_ici_25.0.wav,/Users/nfot413/dolphin_project/official_click_features/segments/click_train_00890_start_1924.252s_ici_25.0.wav
891,892,1924.382656,1924.450214,0.0675579999999627,1924.362656,1924.470214,0.10755799999992632,10.0,click_train_00891_start_1924.383s_ici_10.0.wav,/Users/nfot413/dolphin_project/official_click_features/segments/click_train_00891_start_1924.383s_ici_10.0.wav
892,893,1924.470042,1924.953563,0.4835210000001098,1924.450042,1924.973563,0.5235210000000734,30.0,click_train_00892_start_1924.470s_ici_30.0.wav,/Users/nfot413/dolphin_project/official_click_features/segments/click_train_00892_start_1924.470s_ici_30.0.wav
893,894,1924.953563,1928.07626,3.1226970000000165,1924.933563,1928.09626,3.16269699999998,5.0,click_train_00893_start_1924.954s_ici_5.0.wav,/Users/nfot413/dolphin_project/official_click_features/segments/click_train_00893_start_1924.954s_ici_5.0.wav
894,895,1928.07626,1928.161885,0.08562499999993634,1928.05626,1928.181885,0.12562499999989996,10.0,click_train_00894_start_1928.076s_ici_10.0.wav,/Users/nfot413/dolphin_project/official_click_features/segments/click_train_00894_start_1928.076s_ici_10.0.wav
895,896,1928.161885,1928.295797,0.13391200000000936,1928.141885,1928.315797,0.17391199999997298,30.0,click_train_00895_start_1928.162s_ici_30.0.wav,/Users/nfot413/dolphin_project/official_click_features/segments/click_train_00895_start_1928.162s_ici_30.0.wav
896,897,1928.295797,1928.604021,0.3082240000001093,1928.275797,1928.624021,0.3482240000000729,55.0,click_train_00896_start_1928.296s_ici_55.0.wav,/Users/nfot413/dolphin_project/official_click_features/segments/click_train_00896_start_1928.296s_ici_55.0.wav
897,898,1928.604021,1929.064182,0.46016099999997095,1928.5840210000001,1929.084182,0.5001609999999346,10.0,click_train_00897_start_1928.604s_ici_10.0.wav,/Users/nfot413/dolphin_project/official_click_features/segments/click_train_00897_start_1928.604s_ici_10.0.wav
898,899,1929.087953,1929.132354,0.04440100000010716,1929.067953,1929.152354,0.08440100000007078,10.0,click_train_00898_start_1929.088s_ici_10.0.wav,/Users/nfot413/dolphin_project/official_click_features/segments/click_train_00898_start_1929.088s_ici_10.0.wav
899,900,1929.334625,1929.589797,0.25517200000012963,1929.314625,1929.609797,0.29517200000009325,25.0,click_train_00899_start_1929.335s_ici_25.0.wav,/Users/nfot413/dolphin_project/official_click_features/segments/click_train_00899_start_1929.335s_ici_25.0.wav
900,901,1929.589797,1929.658224,0.06842699999992874,1929.569797,1929.678224,0.10842699999989236,10.0,click_train_00900_start_1929.590s_ici_10.0.wav,/Users/nfot413/dolphin_project/official_click_features/segments/click_train_00900_start_1929.590s_ici_10.0.wav
901,902,1929.763083,1929.89938,0.1362970000000132,1929.743083,1929.91938,0.17629699999997683,10.0,click_train_00901_start_1929.763s_ici_10.0.wav,/Users/nfot413/dolphin_project/official_click_features/segments/click_train_00901_start_1929.763s_ici_10.0.wav
902,903,1929.89938,1929.987036,0.08765599999992446,1929.87938,1930.007036,0.12765599999988808,10.0,click_train_00902_start_1929.899s_ici_10.0.wav,/Users/nfot413/dolphin_project/official_click_features/segments/click_train_00902_start_1929.899s_ici_10.0.wav
903,904,1930.08738,1930.172437,0.08505700000000616,1930.06738,1930.192437,0.12505699999996978,10.0,click_train_00903_start_1930.087s_ici_10.0.wav,/Users/nfot413/dolphin_project/official_click_features/segments/click_train_00903_start_1930.087s_ici_10.0.wav
904,905,1930.172437,1930.302771,0.130333999999948,1930.152437,1930.3227709999999,0.1703339999999116,30.0,click_train_00904_start_1930.172s_ici_30.0.wav,/Users/nfot413/dolphin_project/official_click_features/segments/click_train_00904_start_1930.172s_ici_30.0.wav
905,906,1930.302771,1930.358099,0.05532800000014504,1930.282771,1930.378099,0.09532800000010866,10.0,click_train_00905_start_1930.303s_ici_10.0.wav,/Users/nfot413/dolphin_project/official_click_features/segments/click_train_00905_start_1930.303s_ici_10.0.wav
906,907,1930.383526,1932.611745,2.2282189999998536,1930.363526,1932.631745,2.2682189999998172,5.0,click_train_00906_start_1930.384s_ici_5.0.wav,/Users/nfot413/dolphin_project/official_click_features/segments/click_train_00906_start_1930.384s_ici_5.0.wav
907,908,1932.78362,1932.854146,0.07052599999997256,1932.76362,1932.8741459999999,0.11052599999993618,10.0,click_train_00907_start_1932.784s_ici_10.0.wav,/Users/nfot413/dolphin_project/official_click_features/segments/click_train_00907_start_1932.784s_ici_10.0.wav
908,909,1932.876068,1937.089448,4.2133799999999155,1932.856068,1937.109448,4.253379999999879,5.0,click_train_00908_start_1932.876s_ici_5.0.wav,/Users/nfot413/dolphin_project/official_click_features/segments/click_train_00908_start_1932.876s_ici_5.0.wav
909,910,1937.163531,1940.787823,3.6242919999999685,1937.143531,1940.8078229999999,3.664291999999932,5.0,click_train_00909_start_1937.164s_ici_5.0.wav,/Users/nfot413/dolphin_project/official_click_features/segments/click_train_00909_start_1937.164s_ici_5.0.wav
910,911,1940.787823,1948.362052,7.574229000000059,1940.767823,1948.382052,7.614229000000023,5.0,click_train_00910_start_1940.788s_ici_5.0.wav,/Users/nfot413/dolphin_project/official_click_features/segments/click_train_00910_start_1940.788s_ici_5.0.wav
911,912,1948.382172,1948.434865,0.05269299999986288,1948.362172,1948.454865,0.0926929999998265,5.0,click_train_00911_start_1948.382s_ici_5.0.wav,/Users/nfot413/dolphin_project/official_click_features/segments/click_train_00911_start_1948.382s_ici_5.0.wav
912,913,1948.454599,1952.372312,3.917713000000049,1948.434599,1952.392312,3.9577130000000125,5.0,click_train_00912_start_1948.455s_ici_5.0.wav,/Users/nfot413/dolphin_project/official_click_features/segments/click_train_00912_start_1948.455s_ici_5.0.wav
913,914,1980.001115,1982.92401,2.922894999999926,1979.981115,1982.94401,2.9628949999998895,5.0,click_train_00913_start_1980.001s_ici_5.0.wav,/Users/nfot413/dolphin_project/official_click_features/segments/click_train_00913_start_1980.001s_ici_5.0.wav
914,915,1982.92401,1983.16012,0.23611000000005333,1982.90401,1983.18012,0.27611000000001695,5.0,click_train_00914_start_1982.924s_ici_5.0.wav,/Users/nfot413/dolphin_project/official_click_features/segments/click_train_00914_start_1982.924s_ici_5.0.wav
915,916,1983.16012,2001.607823,18.447703000000047,1983.14012,2001.627823,18.48770300000001,5.0,click_train_00915_start_1983.160s_ici_5.0.wav,/Users/nfot413/dolphin_project/official_click_features/segments/click_train_00915_start_1983.160s_ici_5.0.wav
916,917,2001.607823,2004.425448,2.8176249999999072,2001.587823,2004.445448,2.857624999999871,5.0,click_train_00916_start_2001.608s_ici_5.0.wav,/Users/nfot413/dolphin_project/official_click_features/segments/click_train_00916_start_2001.608s_ici_5.0.wav
917,918,2004.425448,2004.647672,0.22222400000009657,2004.405448,2004.667672,0.2622240000000602,5.0,click_train_00917_start_2004.425s_ici_5.0.wav,/Users/nfot413/dolphin_project/official_click_features/segments/click_train_00917_start_2004.425s_ici_5.0.wav
918,919,2004.647672,2004.988026,0.3403539999999339,2004.627672,2005.008026,0.3803539999998975,5.0,click_train_00918_start_2004.648s_ici_5.0.wav,/Users/nfot413/dolphin_project/official_click_features/segments/click_train_00918_start_2004.648s_ici_5.0.wav
920,921,2040.000911,2040.956042,0.9551309999999376,2039.980911,2040.976042,0.9951309999999012,5.0,click_train_00920_start_2040.001s_ici_5.0.wav,/Users/nfot413/dolphin_project/official_click_features/segments/click_train_00920_start_2040.001s_ici_5.0.wav
921,922,2041.002573,2041.035854,0.033280999999988126,2040.982573,2041.055854,0.07328099999995175,5.0,click_train_00921_start_2041.003s_ici_5.0.wav,/Users/nfot413/dolphin_project/official_click_features/segments/click_train_00921_start_2041.003s_ici_5.0.wav
922,923,2041.055203,2041.234036,0.17883300000016789,2041.035203,2041.254036,0.2188330000001315,5.0,click_train_00922_start_2041.055s_ici_5.0.wav,/Users/nfot413/dolphin_project/official_click_features/segments/click_train_00922_start_2041.055s_ici_5.0.wav
923,924,2041.234036,2053.622724,12.388687999999775,2041.214036,2053.642724,12.428687999999738,5.0,click_train_00923_start_2041.234s_ici_5.0.wav,/Users/nfot413/dolphin_project/official_click_features/segments/click_train_00923_start_2041.234s_ici_5.0.wav
924,925,2053.622724,2061.375964,7.753240000000005,2053.602724,2061.395964,7.793239999999969,5.0,click_train_00924_start_2053.623s_ici_5.0.wav,/Users/nfot413/dolphin_project/official_click_features/segments/click_train_00924_start_2053.623s_ici_5.0.wav
925,926,2061.510599,2061.637906,0.12730699999974604,2061.490599,2061.657906,0.16730699999970966,5.0,click_train_00925_start_2061.511s_ici_5.0.wav,/Users/nfot413/dolphin_project/official_click_features/segments/click_train_00925_start_2061.511s_ici_5.0.wav
926,927,2061.682911,2061.901172,0.21826099999998405,2061.662911,2061.921172,0.25826099999994767,45.0,click_train_00926_start_2061.683s_ici_45.0.wav,/Users/nfot413/dolphin_project/official_click_features/segments/click_train_00926_start_2061.683s_ici_45.0.wav
927,928,2061.901172,2062.014849,0.1136770000002798,2061.881172,2062.034849,0.15367700000024342,15.0,click_train_00927_start_2061.901s_ici_15.0.wav,/Users/nfot413/dolphin_project/official_click_features/segments/click_train_00927_start_2061.901s_ici_15.0.wav
928,929,2062.130953,2062.418432,0.28747900000007576,2062.110953,2062.438432,0.3274790000000394,45.0,click_train_00928_start_2062.131s_ici_45.0.wav,/Users/nfot413/dolphin_project/official_click_features/segments/click_train_00928_start_2062.131s_ici_45.0.wav
929,930,2062.567885,2073.927594,11.359709000000294,2062.547885,2073.947594,11.399709000000257,5.0,click_train_00929_start_2062.568s_ici_5.0.wav,/Users/nfot413/dolphin_project/official_click_features/segments/click_train_00929_start_2062.568s_ici_5.0.wav
930,931,2073.927594,2090.115391,16.18779699999959,2073.9075940000002,2090.135391,16.227796999999555,5.0,click_train_00930_start_2073.928s_ici_5.0.wav,/Users/nfot413/dolphin_project/official_click_features/segments/click_train_00930_start_2073.928s_ici_5.0.wav
931,932,2090.115391,2090.167693,0.05230200000005425,2090.095391,2090.187693,0.09230200000001787,5.0,click_train_00931_start_2090.115s_ici_5.0.wav,/Users/nfot413/dolphin_project/official_click_features/segments/click_train_00931_start_2090.115s_ici_5.0.wav
932,933,2090.167693,2095.039839,4.872146000000157,2090.147693,2095.059839,4.912146000000121,5.0,click_train_00932_start_2090.168s_ici_5.0.wav,/Users/nfot413/dolphin_project/official_click_features/segments/click_train_00932_start_2090.168s_ici_5.0.wav
933,934,2095.27951,2097.238792,1.9592820000002575,2095.25951,2097.258792,1.9992820000002212,5.0,click_train_00933_start_2095.280s_ici_5.0.wav,/Users/nfot413/dolphin_project/official_click_features/segments/click_train_00933_start_2095.280s_ici_5.0.wav
934,935,2097.238792,2097.329667,0.09087499999986903,2097.218792,2097.349667,0.13087499999983265,10.0,click_train_00934_start_2097.239s_ici_10.0.wav,/Users/nfot413/dolphin_project/official_click_features/segments/click_train_00934_start_2097.239s_ici_10.0.wav
935,936,2100.000594,2114.888573,14.887979000000087,2099.980594,2114.908573,14.92797900000005,5.0,click_train_00935_start_2100.001s_ici_5.0.wav,/Users/nfot413/dolphin_project/official_click_features/segments/click_train_00935_start_2100.001s_ici_5.0.wav
936,937,2115.162443,2115.230521,0.0680779999997867,2115.142443,2115.250521,0.10807799999975032,10.0,click_train_00936_start_2115.162s_ici_10.0.wav,/Users/nfot413/dolphin_project/official_click_features/segments/click_train_00936_start_2115.162s_ici_10.0.wav
937,938,2115.294396,2115.35176,0.05736400000023423,2115.274396,2115.37176,0.09736400000019785,5.0,click_train_00937_start_2115.294s_ici_5.0.wav,/Users/nfot413/dolphin_project/official_click_features/segments/click_train_00937_start_2115.294s_ici_5.0.wav
938,939,2115.35176,2124.423328,9.071567999999843,2115.33176,2124.443328,9.111567999999806,5.0,click_train_00938_start_2115.352s_ici_5.0.wav,/Users/nfot413/dolphin_project/official_click_features/segments/click_train_00938_start_2115.352s_ici_5.0.wav
939,940,2124.423328,2128.903266,4.479937999999947,2124.403328,2128.923266,4.519937999999911,5.0,click_train_00939_start_2124.423s_ici_5.0.wav,/Users/nfot413/dolphin_project/official_click_features/segments/click_train_00939_start_2124.423s_ici_5.0.wav
940,941,2128.903266,2132.695068,3.791802000000189,2128.883266,2132.715068,3.8318020000001525,5.0,click_train_00940_start_2128.903s_ici_5.0.wav,/Users/nfot413/dolphin_project/official_click_features/segments/click_train_00940_start_2128.903s_ici_5.0.wav
941,942,2132.798323,2140.746115,7.947791999999936,2132.778323,2140.766115,7.987791999999899,5.0,click_train_00941_start_2132.798s_ici_5.0.wav,/Users/nfot413/dolphin_project/official_click_features/segments/click_train_00941_start_2132.798s_ici_5.0.wav
942,943,2140.794391,2140.858292,0.06390099999998711,2140.774391,2140.878292,0.10390099999995073,5.0,click_train_00942_start_2140.794s_ici_5.0.wav,/Users/nfot413/dolphin_project/official_click_features/segments/click_train_00942_start_2140.794s_ici_5.0.wav
943,944,2140.93024,2140.959958,0.029717999999775202,2140.91024,2140.979958,0.06971799999973882,5.0,click_train_00943_start_2140.930s_ici_5.0.wav,/Users/nfot413/dolphin_project/official_click_features/segments/click_train_00943_start_2140.930s_ici_5.0.wav
944,945,2140.959958,2143.309198,2.349240000000009,2140.939958,2143.329198,2.3892399999999725,5.0,click_train_00944_start_2140.960s_ici_5.0.wav,/Users/nfot413/dolphin_project/official_click_features/segments/click_train_00944_start_2140.960s_ici_5.0.wav
945,946,2143.309198,2143.672703,0.3635050000002593,2143.289198,2143.692703,0.40350500000022294,30.0,click_train_00945_start_2143.309s_ici_30.0.wav,/Users/nfot413/dolphin_project/official_click_features/segments/click_train_00945_start_2143.309s_ici_30.0.wav
946,947,2144.055177,2145.766141,1.7109639999998763,2144.035177,2145.786141,1.7509639999998399,5.0,click_train_00946_start_2144.055s_ici_5.0.wav,/Users/nfot413/dolphin_project/official_click_features/segments/click_train_00946_start_2144.055s_ici_5.0.wav
947,948,2146.822437,2151.554,4.731563000000278,2146.802437,2151.574,4.771563000000242,5.0,click_train_00947_start_2146.822s_ici_5.0.wav,/Users/nfot413/dolphin_project/official_click_features/segments/click_train_00947_start_2146.822s_ici_5.0.wav
948,949,2151.754458,2152.416724,0.6622660000002725,2151.734458,2152.436724,0.7022660000002361,5.0,click_train_00948_start_2151.754s_ici_5.0.wav,/Users/nfot413/dolphin_project/official_click_features/segments/click_train_00948_start_2151.754s_ici_5.0.wav
949,950,2160.000682,2160.892224,0.8915420000002996,2159.980682,2160.912224,0.9315420000002632,5.0,click_train_00949_start_2160.001s_ici_5.0.wav,/Users/nfot413/dolphin_project/official_click_features/segments/click_train_00949_start_2160.001s_ici_5.0.wav
950,951,2161.684953,2161.948443,0.26349000000027445,2161.664953,2161.968443,0.30349000000023807,55.0,click_train_00950_start_2161.685s_ici_55.0.wav,/Users/nfot413/dolphin_project/official_click_features/segments/click_train_00950_start_2161.685s_ici_55.0.wav
951,952,2162.113938,2162.298323,0.18438500000002023,2162.093938,2162.318323,0.22438499999998385,30.0,click_train_00951_start_2162.114s_ici_30.0.wav,/Users/nfot413/dolphin_project/official_click_features/segments/click_train_00951_start_2162.114s_ici_30.0.wav
952,953,2162.298323,2164.317094,2.018771000000015,2162.278323,2164.337094,2.058770999999979,5.0,click_train_00952_start_2162.298s_ici_5.0.wav,/Users/nfot413/dolphin_project/official_click_features/segments/click_train_00952_start_2162.298s_ici_5.0.wav
953,954,2165.119411,2166.686729,1.5673179999998865,2165.099411,2166.706729,1.6073179999998501,5.0,click_train_00953_start_2165.119s_ici_5.0.wav,/Users/nfot413/dolphin_project/official_click_features/segments/click_train_00953_start_2165.119s_ici_5.0.wav
954,955,2168.170703,2168.506594,0.33589100000017424,2168.150703,2168.526594,0.37589100000013786,70.0,click_train_00954_start_2168.171s_ici_70.0.wav,/Users/nfot413/dolphin_project/official_click_features/segments/click_train_00954_start_2168.171s_ici_70.0.wav
955,956,2168.535771,2168.961208,0.42543700000032914,2168.515771,2168.981208,0.46543700000029276,90.0,click_train_00955_start_2168.536s_ici_90.0.wav,/Users/nfot413/dolphin_project/official_click_features/segments/click_train_00955_start_2168.536s_ici_90.0.wav
956,957,2169.797495,2170.708661,0.9111660000003212,2169.777495,2170.728661,0.9511660000002848,10.0,click_train_00956_start_2169.797s_ici_10.0.wav,/Users/nfot413/dolphin_project/official_click_features/segments/click_train_00956_start_2169.797s_ici_10.0.wav
957,958,2170.763854,2172.813156,2.0493020000003526,2170.743854,2172.833156,2.089302000000316,5.0,click_train_00957_start_2170.764s_ici_5.0.wav,/Users/nfot413/dolphin_project/official_click_features/segments/click_train_00957_start_2170.764s_ici_5.0.wav
958,959,2173.884688,2174.32049,0.43580199999996694,2173.864688,2174.34049,0.47580199999993056,10.0,click_train_00958_start_2173.885s_ici_10.0.wav,/Users/nfot413/dolphin_project/official_click_features/segments/click_train_00958_start_2173.885s_ici_10.0.wav
959,960,2176.312182,2177.527604,1.2154219999997622,2176.292182,2177.547604,1.2554219999997258,5.0,click_train_00959_start_2176.312s_ici_5.0.wav,/Users/nfot413/dolphin_project/official_click_features/segments/click_train_00959_start_2176.312s_ici_5.0.wav
960,961,2177.977214,2178.120818,0.1436039999998684,2177.957214,2178.140818,0.183603999999832,25.0,click_train_00960_start_2177.977s_ici_25.0.wav,/Users/nfot413/dolphin_project/official_click_features/segments/click_train_00960_start_2177.977s_ici_25.0.wav
961,962,2179.091302,2179.777349,0.6860470000001442,2179.071302,2179.797349,0.7260470000001078,10.0,click_train_00961_start_2179.091s_ici_10.0.wav,/Users/nfot413/dolphin_project/official_click_features/segments/click_train_00961_start_2179.091s_ici_10.0.wav
962,963,2179.777349,2180.026047,0.24869799999987663,2179.757349,2180.046047,0.28869799999984025,30.0,click_train_00962_start_2179.777s_ici_30.0.wav,/Users/nfot413/dolphin_project/official_click_features/segments/click_train_00962_start_2179.777s_ici_30.0.wav
963,964,2180.026047,2180.082479,0.056432000000313565,2180.006047,2180.102479,0.09643200000027718,10.0,click_train_00963_start_2180.026s_ici_10.0.wav,/Users/nfot413/dolphin_project/official_click_features/segments/click_train_00963_start_2180.026s_ici_10.0.wav
964,965,2180.259307,2180.508875,0.2495680000001812,2180.239307,2180.528875,0.2895680000001448,25.0,click_train_00964_start_2180.259s_ici_25.0.wav,/Users/nfot413/dolphin_project/official_click_features/segments/click_train_00964_start_2180.259s_ici_25.0.wav
965,966,2180.508875,2180.867333,0.35845800000015515,2180.488875,2180.887333,0.3984580000001188,30.0,click_train_00965_start_2180.509s_ici_30.0.wav,/Users/nfot413/dolphin_project/official_click_features/segments/click_train_00965_start_2180.509s_ici_30.0.wav
966,967,2180.867333,2182.736943,1.8696099999997386,2180.847333,2182.756943,1.9096099999997023,5.0,click_train_00966_start_2180.867s_ici_5.0.wav,/Users/nfot413/dolphin_project/official_click_features/segments/click_train_00966_start_2180.867s_ici_5.0.wav
967,968,2184.315974,2184.899896,0.5839219999998022,2184.295974,2184.919896,0.6239219999997658,5.0,click_train_00967_start_2184.316s_ici_5.0.wav,/Users/nfot413/dolphin_project/official_click_features/segments/click_train_00967_start_2184.316s_ici_5.0.wav
968,969,2185.008094,2186.332167,1.3240730000002259,2184.988094,2186.352167,1.3640730000001895,5.0,click_train_00968_start_2185.008s_ici_5.0.wav,/Users/nfot413/dolphin_project/official_click_features/segments/click_train_00968_start_2185.008s_ici_5.0.wav
969,970,2186.332167,2187.935698,1.603530999999748,2186.312167,2187.9556979999998,1.6435309999997116,5.0,click_train_00969_start_2186.332s_ici_5.0.wav,/Users/nfot413/dolphin_project/official_click_features/segments/click_train_00969_start_2186.332s_ici_5.0.wav
970,971,2188.812609,2189.042641,0.2300319999999374,2188.792609,2189.062641,0.270031999999901,5.0,click_train_00970_start_2188.813s_ici_5.0.wav,/Users/nfot413/dolphin_project/official_click_features/segments/click_train_00970_start_2188.813s_ici_5.0.wav
971,972,2189.119708,2189.585224,0.46551599999975224,2189.099708,2189.605224,0.5055159999997159,45.0,click_train_00971_start_2189.120s_ici_45.0.wav,/Users/nfot413/dolphin_project/official_click_features/segments/click_train_00971_start_2189.120s_ici_45.0.wav
972,973,2191.701766,2194.327745,2.6259789999999157,2191.681766,2194.347745,2.6659789999998793,5.0,click_train_00972_start_2191.702s_ici_5.0.wav,/Users/nfot413/dolphin_project/official_click_features/segments/click_train_00972_start_2191.702s_ici_5.0.wav
973,974,2194.693953,2195.148719,0.4547659999998359,2194.673953,2195.168719,0.49476599999979953,70.0,click_train_00973_start_2194.694s_ici_70.0.wav,/Users/nfot413/dolphin_project/official_click_features/segments/click_train_00973_start_2194.694s_ici_70.0.wav
974,975,2195.276604,2195.60051,0.3239060000000791,2195.256604,2195.62051,0.3639060000000427,35.0,click_train_00974_start_2195.277s_ici_35.0.wav,/Users/nfot413/dolphin_project/official_click_features/segments/click_train_00974_start_2195.277s_ici_35.0.wav
975,976,2195.787406,2196.00512,0.21771399999988716,2195.767406,2196.02512,0.2577139999998508,40.0,click_train_00975_start_2195.787s_ici_40.0.wav,/Users/nfot413/dolphin_project/official_click_features/segments/click_train_00975_start_2195.787s_ici_40.0.wav
976,977,2196.092443,2199.867495,3.7750519999999597,2196.072443,2199.887495,3.8150519999999233,5.0,click_train_00976_start_2196.092s_ici_5.0.wav,/Users/nfot413/dolphin_project/official_click_features/segments/click_train_00976_start_2196.092s_ici_5.0.wav
977,978,2199.867495,2199.974318,0.10682300000007672,2199.847495,2199.994318,0.14682300000004034,25.0,click_train_00977_start_2199.867s_ici_25.0.wav,/Users/nfot413/dolphin_project/official_click_features/segments/click_train_00977_start_2199.867s_ici_25.0.wav
978,979,2200.26362,2200.307766,0.04414599999972779,2200.24362,2200.327766,0.08414599999969141,10.0,click_train_00978_start_2200.264s_ici_10.0.wav,/Users/nfot413/dolphin_project/official_click_features/segments/click_train_00978_start_2200.264s_ici_10.0.wav
979,980,2200.638771,2201.010448,0.37167700000009063,2200.618771,2201.030448,0.41167700000005425,65.0,click_train_00979_start_2200.639s_ici_65.0.wav,/Users/nfot413/dolphin_project/official_click_features/segments/click_train_00979_start_2200.639s_ici_65.0.wav
980,981,2201.010448,2202.128052,1.1176040000000285,2200.990448,2202.148052,1.157603999999992,20.0,click_train_00980_start_2201.010s_ici_20.0.wav,/Users/nfot413/dolphin_project/official_click_features/segments/click_train_00980_start_2201.010s_ici_20.0.wav
981,982,2202.128052,2205.675599,3.5475470000001224,2202.108052,2205.695599,3.587547000000086,5.0,click_train_00981_start_2202.128s_ici_5.0.wav,/Users/nfot413/dolphin_project/official_click_features/segments/click_train_00981_start_2202.128s_ici_5.0.wav
982,983,2205.927161,2206.11387,0.1867090000000644,2205.907161,2206.13387,0.22670900000002803,25.0,click_train_00982_start_2205.927s_ici_25.0.wav,/Users/nfot413/dolphin_project/official_click_features/segments/click_train_00982_start_2205.927s_ici_25.0.wav
983,984,2206.11387,2206.772453,0.6585829999999078,2206.09387,2206.792453,0.6985829999998714,5.0,click_train_00983_start_2206.114s_ici_5.0.wav,/Users/nfot413/dolphin_project/official_click_features/segments/click_train_00983_start_2206.114s_ici_5.0.wav
984,985,2207.029542,2207.562438,0.5328959999997096,2207.0095420000002,2207.582438,0.5728959999996732,5.0,click_train_00984_start_2207.030s_ici_5.0.wav,/Users/nfot413/dolphin_project/official_click_features/segments/click_train_00984_start_2207.030s_ici_5.0.wav
985,986,2208.102542,2208.286917,0.1843749999998181,2208.082542,2208.306917,0.22437499999978172,40.0,click_train_00985_start_2208.103s_ici_40.0.wav,/Users/nfot413/dolphin_project/official_click_features/segments/click_train_00985_start_2208.103s_ici_40.0.wav
986,987,2208.858328,2209.119437,0.2611090000000331,2208.838328,2209.139437,0.30110899999999674,50.0,click_train_00986_start_2208.858s_ici_50.0.wav,/Users/nfot413/dolphin_project/official_click_features/segments/click_train_00986_start_2208.858s_ici_50.0.wav
987,988,2210.361635,2211.768573,1.4069379999996272,2210.341635,2211.788573,1.4469379999995908,10.0,click_train_00987_start_2210.362s_ici_10.0.wav,/Users/nfot413/dolphin_project/official_click_features/segments/click_train_00987_start_2210.362s_ici_10.0.wav
988,989,2211.920927,2211.976479,0.05555199999980687,2211.900927,2211.996479,0.09555199999977049,5.0,click_train_00988_start_2211.921s_ici_5.0.wav,/Users/nfot413/dolphin_project/official_click_features/segments/click_train_00988_start_2211.921s_ici_5.0.wav
989,990,2212.224307,2212.311542,0.0872349999999642,2212.204307,2212.331542,0.12723499999992782,5.0,click_train_00989_start_2212.224s_ici_5.0.wav,/Users/nfot413/dolphin_project/official_click_features/segments/click_train_00989_start_2212.224s_ici_5.0.wav
990,991,2214.677698,2214.765505,0.08780699999988428,2214.657698,2214.785505,0.1278069999998479,5.0,click_train_00990_start_2214.678s_ici_5.0.wav,/Users/nfot413/dolphin_project/official_click_features/segments/click_train_00990_start_2214.678s_ici_5.0.wav
991,992,2214.793156,2218.880531,4.087374999999611,2214.773156,2218.900531,4.127374999999574,5.0,click_train_00991_start_2214.793s_ici_5.0.wav,/Users/nfot413/dolphin_project/official_click_features/segments/click_train_00991_start_2214.793s_ici_5.0.wav
992,993,2220.556406,2223.505531,2.94912499999964,2220.536406,2223.525531,2.9891249999996035,10.0,click_train_00992_start_2220.556s_ici_10.0.wav,/Users/nfot413/dolphin_project/official_click_features/segments/click_train_00992_start_2220.556s_ici_10.0.wav
993,994,2224.84101,2225.081714,0.24070399999982328,2224.82101,2225.101714,0.2807039999997869,50.0,click_train_00993_start_2224.841s_ici_50.0.wav,/Users/nfot413/dolphin_project/official_click_features/segments/click_train_00993_start_2224.841s_ici_50.0.wav
994,995,2225.149807,2225.45662,0.30681300000014744,2225.129807,2225.47662,0.34681300000011106,65.0,click_train_00994_start_2225.150s_ici_65.0.wav,/Users/nfot413/dolphin_project/official_click_features/segments/click_train_00994_start_2225.150s_ici_65.0.wav
995,996,2225.94074,2226.28824,0.3474999999998545,2225.92074,2226.30824,0.3874999999998181,75.0,click_train_00995_start_2225.941s_ici_75.0.wav,/Users/nfot413/dolphin_project/official_click_features/segments/click_train_00995_start_2225.941s_ici_75.0.wav
996,997,2226.28824,2230.90651,4.618269999999939,2226.26824,2230.92651,4.658269999999902,5.0,click_train_00996_start_2226.288s_ici_5.0.wav,/Users/nfot413/dolphin_project/official_click_features/segments/click_train_00996_start_2226.288s_ici_5.0.wav
997,998,2231.349422,2231.68237,0.33294800000021496,2231.329422,2231.70237,0.3729480000001786,35.0,click_train_00997_start_2231.349s_ici_35.0.wav,/Users/nfot413/dolphin_project/official_click_features/segments/click_train_00997_start_2231.349s_ici_35.0.wav
998,999,2231.68237,2233.664495,1.9821249999999964,2231.66237,2233.684495,2.02212499999996,5.0,click_train_00998_start_2231.682s_ici_5.0.wav,/Users/nfot413/dolphin_project/official_click_features/segments/click_train_00998_start_2231.682s_ici_5.0.wav
999,1000,2233.908151,2240.1455,6.237348999999995,2233.888151,2240.1655,6.277348999999958,5.0,click_train_00999_start_2233.908s_ici_5.0.wav,/Users/nfot413/dolphin_project/official_click_features/segments/click_train_00999_start_2233.908s_ici_5.0.wav
1000,1001,2240.681094,2240.897089,0.2159950000000208,2240.661094,2240.917089,0.25599499999998443,10.0,click_train_01000_start_2240.681s_ici_10.0.wav,/Users/nfot413/dolphin_project/official_click_features/segments/click_train_01000_start_2240.681s_ici_10.0.wav
1001,1002,2241.327349,2243.245646,1.9182969999997113,2241.307349,2243.265646,1.9582969999996749,5.0,click_train_01001_start_2241.327s_ici_5.0.wav,/Users/nfot413/dolphin_project/official_click_features/segments/click_train_01001_start_2241.327s_ici_5.0.wav
1002,1003,2243.245646,2243.39638,0.15073400000028414,2243.225646,2243.41638,0.19073400000024776,20.0,click_train_01002_start_2243.246s_ici_20.0.wav,/Users/nfot413/dolphin_project/official_click_features/segments/click_train_01002_start_2243.246s_ici_20.0.wav
1003,1004,2243.39638,2244.919214,1.5228339999998752,2243.37638,2244.939214,1.5628339999998389,5.0,click_train_01003_start_2243.396s_ici_5.0.wav,/Users/nfot413/dolphin_project/official_click_features/segments/click_train_01003_start_2243.396s_ici_5.0.wav
1004,1005,2244.919214,2245.092589,0.17337499999985084,2244.899214,2245.112589,0.21337499999981446,10.0,click_train_01004_start_2244.919s_ici_10.0.wav,/Users/nfot413/dolphin_project/official_click_features/segments/click_train_01004_start_2244.919s_ici_10.0.wav
1005,1006,2245.092589,2248.22926,3.136671000000206,2245.072589,2248.24926,3.1766710000001694,5.0,click_train_01005_start_2245.093s_ici_5.0.wav,/Users/nfot413/dolphin_project/official_click_features/segments/click_train_01005_start_2245.093s_ici_5.0.wav
1006,1007,2248.22926,2248.595432,0.36617200000000594,2248.20926,2248.615432,0.40617199999996956,15.0,click_train_01006_start_2248.229s_ici_15.0.wav,/Users/nfot413/dolphin_project/official_click_features/segments/click_train_01006_start_2248.229s_ici_15.0.wav
1007,1008,2250.3545,2258.058661,7.704161000000113,2250.3345,2258.078661,7.7441610000000765,5.0,click_train_01007_start_2250.354s_ici_5.0.wav,/Users/nfot413/dolphin_project/official_click_features/segments/click_train_01007_start_2250.354s_ici_5.0.wav
1008,1009,2259.718016,2261.015302,1.2972859999999855,2259.698016,2261.035302,1.3372859999999491,10.0,click_train_01008_start_2259.718s_ici_10.0.wav,/Users/nfot413/dolphin_project/official_click_features/segments/click_train_01008_start_2259.718s_ici_10.0.wav
1009,1010,2261.824318,2262.376047,0.5517290000002504,2261.804318,2262.396047,0.591729000000214,10.0,click_train_01009_start_2261.824s_ici_10.0.wav,/Users/nfot413/dolphin_project/official_click_features/segments/click_train_01009_start_2261.824s_ici_10.0.wav
1010,1011,2262.548151,2262.629526,0.08137500000020736,2262.528151,2262.649526,0.12137500000017099,10.0,click_train_01010_start_2262.548s_ici_10.0.wav,/Users/nfot413/dolphin_project/official_click_features/segments/click_train_01010_start_2262.548s_ici_10.0.wav
1011,1012,2263.11475,2263.25088,0.1361299999998664,2263.09475,2263.27088,0.17612999999983003,10.0,click_train_01011_start_2263.115s_ici_10.0.wav,/Users/nfot413/dolphin_project/official_click_features/segments/click_train_01011_start_2263.115s_ici_10.0.wav
1012,1013,2263.25088,2263.409958,0.15907800000013594,2263.23088,2263.429958,0.19907800000009956,30.0,click_train_01012_start_2263.251s_ici_30.0.wav,/Users/nfot413/dolphin_project/official_click_features/segments/click_train_01012_start_2263.251s_ici_30.0.wav
1013,1014,2263.409958,2263.558099,0.14814099999966857,2263.389958,2263.578099,0.18814099999963219,10.0,click_train_01013_start_2263.410s_ici_10.0.wav,/Users/nfot413/dolphin_project/official_click_features/segments/click_train_01013_start_2263.410s_ici_10.0.wav
1014,1015,2263.689844,2264.814495,1.1246510000000853,2263.669844,2264.834495,1.164651000000049,5.0,click_train_01014_start_2263.690s_ici_5.0.wav,/Users/nfot413/dolphin_project/official_click_features/segments/click_train_01014_start_2263.690s_ici_5.0.wav
1015,1016,2265.065885,2268.653068,3.5871830000000955,2265.045885,2268.673068,3.627183000000059,5.0,click_train_01015_start_2265.066s_ici_5.0.wav,/Users/nfot413/dolphin_project/official_click_features/segments/click_train_01015_start_2265.066s_ici_5.0.wav
1016,1017,2269.65551,2271.589937,1.9344270000001416,2269.63551,2271.609937,1.9744270000001052,5.0,click_train_01016_start_2269.656s_ici_5.0.wav,/Users/nfot413/dolphin_project/official_click_features/segments/click_train_01016_start_2269.656s_ici_5.0.wav
1017,1018,2271.810422,2272.350396,0.5399739999998019,2271.790422,2272.370396,0.5799739999997655,5.0,click_train_01017_start_2271.810s_ici_5.0.wav,/Users/nfot413/dolphin_project/official_click_features/segments/click_train_01017_start_2271.810s_ici_5.0.wav
1018,1019,2272.677531,2273.26274,0.5852090000003045,2272.657531,2273.28274,0.6252090000002681,5.0,click_train_01018_start_2272.678s_ici_5.0.wav,/Users/nfot413/dolphin_project/official_click_features/segments/click_train_01018_start_2272.678s_ici_5.0.wav
1019,1020,2273.395698,2273.565208,0.16951000000017302,2273.375698,2273.585208,0.20951000000013664,10.0,click_train_01019_start_2273.396s_ici_10.0.wav,/Users/nfot413/dolphin_project/official_click_features/segments/click_train_01019_start_2273.396s_ici_10.0.wav
1020,1021,2273.592219,2273.736031,0.143811999999798,2273.572219,2273.756031,0.1838119999997616,30.0,click_train_01020_start_2273.592s_ici_30.0.wav,/Users/nfot413/dolphin_project/official_click_features/segments/click_train_01020_start_2273.592s_ici_30.0.wav
1021,1022,2273.736031,2273.870688,0.1346570000000611,2273.716031,2273.890688,0.1746570000000247,10.0,click_train_01021_start_2273.736s_ici_10.0.wav,/Users/nfot413/dolphin_project/official_click_features/segments/click_train_01021_start_2273.736s_ici_10.0.wav
1022,1023,2273.870688,2274.049964,0.17927599999984523,2273.850688,2274.069964,0.21927599999980885,40.0,click_train_01022_start_2273.871s_ici_40.0.wav,/Users/nfot413/dolphin_project/official_click_features/segments/click_train_01022_start_2273.871s_ici_40.0.wav
1023,1024,2274.049964,2274.301318,0.2513539999999921,2274.029964,2274.321318,0.2913539999999557,20.0,click_train_01023_start_2274.050s_ici_20.0.wav,/Users/nfot413/dolphin_project/official_click_features/segments/click_train_01023_start_2274.050s_ici_20.0.wav
1024,1025,2274.324531,2275.817344,1.4928129999998418,2274.304531,2275.837344,1.5328129999998055,5.0,click_train_01024_start_2274.325s_ici_5.0.wav,/Users/nfot413/dolphin_project/official_click_features/segments/click_train_01024_start_2274.325s_ici_5.0.wav
1025,1026,2277.081401,2277.582432,0.5010310000002391,2277.061401,2277.602432,0.5410310000002028,10.0,click_train_01025_start_2277.081s_ici_10.0.wav,/Users/nfot413/dolphin_project/official_click_features/segments/click_train_01025_start_2277.081s_ici_10.0.wav
1026,1027,2277.582432,2277.726948,0.14451599999983955,2277.562432,2277.746948,0.18451599999980317,25.0,click_train_01026_start_2277.582s_ici_25.0.wav,/Users/nfot413/dolphin_project/official_click_features/segments/click_train_01026_start_2277.582s_ici_25.0.wav
1027,1028,2277.726948,2277.809661,0.0827129999997851,2277.706948,2277.8296609999998,0.12271299999974872,10.0,click_train_01027_start_2277.727s_ici_10.0.wav,/Users/nfot413/dolphin_project/official_click_features/segments/click_train_01027_start_2277.727s_ici_10.0.wav
1028,1029,2277.97088,2278.61962,0.6487400000000889,2277.95088,2278.63962,0.6887400000000525,5.0,click_train_01028_start_2277.971s_ici_5.0.wav,/Users/nfot413/dolphin_project/official_click_features/segments/click_train_01028_start_2277.971s_ici_5.0.wav
1029,1030,2279.163583,2279.747865,0.5842819999998028,2279.143583,2279.767865,0.6242819999997664,5.0,click_train_01029_start_2279.164s_ici_5.0.wav,/Users/nfot413/dolphin_project/official_click_features/segments/click_train_01029_start_2279.164s_ici_5.0.wav
1030,1031,2280.064625,2281.844682,1.7800569999999425,2280.044625,2281.864682,1.8200569999999061,5.0,click_train_01030_start_2280.065s_ici_5.0.wav,/Users/nfot413/dolphin_project/official_click_features/segments/click_train_01030_start_2280.065s_ici_5.0.wav
1031,1032,2282.533781,2282.939719,0.40593799999987823,2282.513781,2282.959719,0.44593799999984185,35.0,click_train_01031_start_2282.534s_ici_35.0.wav,/Users/nfot413/dolphin_project/official_click_features/segments/click_train_01031_start_2282.534s_ici_35.0.wav
1032,1033,2283.406682,2283.632599,0.22591700000020865,2283.386682,2283.652599,0.26591700000017227,50.0,click_train_01032_start_2283.407s_ici_50.0.wav,/Users/nfot413/dolphin_project/official_click_features/segments/click_train_01032_start_2283.407s_ici_50.0.wav
1033,1034,2283.792859,2283.881479,0.0886199999999917,2283.772859,2283.901479,0.12861999999995533,10.0,click_train_01033_start_2283.793s_ici_10.0.wav,/Users/nfot413/dolphin_project/official_click_features/segments/click_train_01033_start_2283.793s_ici_10.0.wav
1034,1035,2284.466219,2284.625604,0.15938499999992928,2284.446219,2284.645604,0.1993849999998929,35.0,click_train_01034_start_2284.466s_ici_35.0.wav,/Users/nfot413/dolphin_project/official_click_features/segments/click_train_01034_start_2284.466s_ici_35.0.wav
1035,1036,2284.625604,2287.285583,2.659979000000021,2284.605604,2287.305583,2.699978999999985,5.0,click_train_01035_start_2284.626s_ici_5.0.wav,/Users/nfot413/dolphin_project/official_click_features/segments/click_train_01035_start_2284.626s_ici_5.0.wav
1036,1037,2287.522318,2291.762891,4.24057300000004,2287.502318,2291.782891,4.280573000000004,5.0,click_train_01036_start_2287.522s_ici_5.0.wav,/Users/nfot413/dolphin_project/official_click_features/segments/click_train_01036_start_2287.522s_ici_5.0.wav
1037,1038,2291.825167,2292.173906,0.3487390000000232,2291.805167,2292.193906,0.38873899999998685,75.0,click_train_01037_start_2291.825s_ici_75.0.wav,/Users/nfot413/dolphin_project/official_click_features/segments/click_train_01037_start_2291.825s_ici_75.0.wav
1038,1039,2292.21976,2292.90762,0.6878600000000006,2292.19976,2292.92762,0.7278599999999642,5.0,click_train_01038_start_2292.220s_ici_5.0.wav,/Users/nfot413/dolphin_project/official_click_features/segments/click_train_01038_start_2292.220s_ici_5.0.wav
1039,1040,2293.047078,2293.108375,0.061296999999740365,2293.027078,2293.128375,0.10129699999970398,10.0,click_train_01039_start_2293.047s_ici_10.0.wav,/Users/nfot413/dolphin_project/official_click_features/segments/click_train_01039_start_2293.047s_ici_10.0.wav
1040,1041,2293.130464,2293.298443,0.16797900000028676,2293.110464,2293.318443,0.20797900000025038,35.0,click_train_01040_start_2293.130s_ici_35.0.wav,/Users/nfot413/dolphin_project/official_click_features/segments/click_train_01040_start_2293.130s_ici_35.0.wav
1041,1042,2293.298443,2298.539917,5.241473999999926,2293.278443,2298.559917,5.281473999999889,5.0,click_train_01041_start_2293.298s_ici_5.0.wav,/Users/nfot413/dolphin_project/official_click_features/segments/click_train_01041_start_2293.298s_ici_5.0.wav
1042,1043,2298.823875,2300.369214,1.5453389999997853,2298.803875,2300.389214,1.585338999999749,5.0,click_train_01042_start_2298.824s_ici_5.0.wav,/Users/nfot413/dolphin_project/official_click_features/segments/click_train_01042_start_2298.824s_ici_5.0.wav
1043,1044,2300.369214,2300.732026,0.36281200000030367,2300.349214,2300.752026,0.4028120000002673,25.0,click_train_01043_start_2300.369s_ici_25.0.wav,/Users/nfot413/dolphin_project/official_click_features/segments/click_train_01043_start_2300.369s_ici_25.0.wav
1044,1045,2300.76101,2300.908849,0.14783899999974892,2300.74101,2300.928849,0.18783899999971254,20.0,click_train_01044_start_2300.761s_ici_20.0.wav,/Users/nfot413/dolphin_project/official_click_features/segments/click_train_01044_start_2300.761s_ici_20.0.wav
1045,1046,2300.908849,2303.808099,2.899249999999938,2300.888849,2303.828099,2.9392499999999018,5.0,click_train_01045_start_2300.909s_ici_5.0.wav,/Users/nfot413/dolphin_project/official_click_features/segments/click_train_01045_start_2300.909s_ici_5.0.wav
1046,1047,2303.808099,2304.212917,0.4048179999999775,2303.788099,2304.232917,0.4448179999999411,60.0,click_train_01046_start_2303.808s_ici_60.0.wav,/Users/nfot413/dolphin_project/official_click_features/segments/click_train_01046_start_2303.808s_ici_60.0.wav
1047,1048,2304.212917,2304.670906,0.45798899999999776,2304.192917,2304.690906,0.4979889999999614,5.0,click_train_01047_start_2304.213s_ici_5.0.wav,/Users/nfot413/dolphin_project/official_click_features/segments/click_train_01047_start_2304.213s_ici_5.0.wav
1048,1049,2304.689172,2327.002187,22.313015000000178,2304.669172,2327.022187,22.35301500000014,5.0,click_train_01048_start_2304.689s_ici_5.0.wav,/Users/nfot413/dolphin_project/official_click_features/segments/click_train_01048_start_2304.689s_ici_5.0.wav
1049,1050,2327.064385,2327.165813,0.10142799999994168,2327.044385,2327.185813,0.1414279999999053,10.0,click_train_01049_start_2327.064s_ici_10.0.wav,/Users/nfot413/dolphin_project/official_click_features/segments/click_train_01049_start_2327.064s_ici_10.0.wav
1050,1051,2327.165813,2327.678104,0.5122910000000047,2327.145813,2327.698104,0.5522909999999683,35.0,click_train_01050_start_2327.166s_ici_35.0.wav,/Users/nfot413/dolphin_project/official_click_features/segments/click_train_01050_start_2327.166s_ici_35.0.wav
1051,1052,2327.678104,2332.642984,4.964879999999994,2327.658104,2332.662984,5.004879999999957,5.0,click_train_01051_start_2327.678s_ici_5.0.wav,/Users/nfot413/dolphin_project/official_click_features/segments/click_train_01051_start_2327.678s_ici_5.0.wav
1052,1053,2340.001073,2341.289479,1.2884060000001227,2339.981073,2341.309479,1.3284060000000864,5.0,click_train_01052_start_2340.001s_ici_5.0.wav,/Users/nfot413/dolphin_project/official_click_features/segments/click_train_01052_start_2340.001s_ici_5.0.wav
1053,1054,2341.314552,2350.480104,9.165552000000389,2341.294552,2350.500104,9.205552000000353,5.0,click_train_01053_start_2341.315s_ici_5.0.wav,/Users/nfot413/dolphin_project/official_click_features/segments/click_train_01053_start_2341.315s_ici_5.0.wav
1054,1055,2350.505453,2350.539995,0.03454199999987395,2350.4854530000002,2350.559995,0.07454199999983757,5.0,click_train_01054_start_2350.505s_ici_5.0.wav,/Users/nfot413/dolphin_project/official_click_features/segments/click_train_01054_start_2350.505s_ici_5.0.wav
1055,1056,2350.631823,2351.171042,0.5392189999997754,2350.611823,2351.191042,0.579218999999739,5.0,click_train_01055_start_2350.632s_ici_5.0.wav,/Users/nfot413/dolphin_project/official_click_features/segments/click_train_01055_start_2350.632s_ici_5.0.wav
1056,1057,2351.74899,2361.105599,9.356608999999935,2351.72899,2361.125599,9.396608999999899,5.0,click_train_01056_start_2351.749s_ici_5.0.wav,/Users/nfot413/dolphin_project/official_click_features/segments/click_train_01056_start_2351.749s_ici_5.0.wav
1057,1058,2361.105599,2361.155031,0.04943199999979697,2361.085599,2361.1750309999998,0.08943199999976059,5.0,click_train_01057_start_2361.106s_ici_5.0.wav,/Users/nfot413/dolphin_project/official_click_features/segments/click_train_01057_start_2361.106s_ici_5.0.wav
1058,1059,2361.155031,2361.415151,0.26012000000037006,2361.135031,2361.435151,0.3001200000003337,10.0,click_train_01058_start_2361.155s_ici_10.0.wav,/Users/nfot413/dolphin_project/official_click_features/segments/click_train_01058_start_2361.155s_ici_10.0.wav
1059,1060,2361.415151,2361.549339,0.13418799999999464,2361.395151,2361.569339,0.17418799999995827,30.0,click_train_01059_start_2361.415s_ici_30.0.wav,/Users/nfot413/dolphin_project/official_click_features/segments/click_train_01059_start_2361.415s_ici_30.0.wav
1060,1061,2361.592271,2361.868641,0.27637000000004264,2361.572271,2361.888641,0.31637000000000626,35.0,click_train_01060_start_2361.592s_ici_35.0.wav,/Users/nfot413/dolphin_project/official_click_features/segments/click_train_01060_start_2361.592s_ici_35.0.wav
1061,1062,2361.868641,2361.917432,0.048791000000164786,2361.848641,2361.937432,0.0887910000001284,10.0,click_train_01061_start_2361.869s_ici_10.0.wav,/Users/nfot413/dolphin_project/official_click_features/segments/click_train_01061_start_2361.869s_ici_10.0.wav
1062,1063,2361.967198,2366.535417,4.5682190000002265,2361.947198,2366.555417,4.60821900000019,5.0,click_train_01062_start_2361.967s_ici_5.0.wav,/Users/nfot413/dolphin_project/official_click_features/segments/click_train_01062_start_2361.967s_ici_5.0.wav
1063,1064,2366.535417,2366.645729,0.11031199999979435,2366.515417,2366.665729,0.15031199999975797,10.0,click_train_01063_start_2366.535s_ici_10.0.wav,/Users/nfot413/dolphin_project/official_click_features/segments/click_train_01063_start_2366.535s_ici_10.0.wav
1064,1065,2366.668724,2366.743443,0.07471899999973175,2366.648724,2366.763443,0.11471899999969537,10.0,click_train_01064_start_2366.669s_ici_10.0.wav,/Users/nfot413/dolphin_project/official_click_features/segments/click_train_01064_start_2366.669s_ici_10.0.wav
1065,1066,2366.764146,2366.825583,0.061436999999841646,2366.744146,2366.845583,0.10143699999980527,5.0,click_train_01065_start_2366.764s_ici_5.0.wav,/Users/nfot413/dolphin_project/official_click_features/segments/click_train_01065_start_2366.764s_ici_5.0.wav
1066,1067,2366.825583,2366.872271,0.04668800000035844,2366.805583,2366.892271,0.08668800000032206,5.0,click_train_01066_start_2366.826s_ici_5.0.wav,/Users/nfot413/dolphin_project/official_click_features/segments/click_train_01066_start_2366.826s_ici_5.0.wav
1067,1068,2366.872271,2367.003208,0.1309369999999035,2366.852271,2367.023208,0.1709369999998671,5.0,click_train_01067_start_2366.872s_ici_5.0.wav,/Users/nfot413/dolphin_project/official_click_features/segments/click_train_01067_start_2366.872s_ici_5.0.wav
1068,1069,2367.022536,2367.104276,0.08174000000008164,2367.002536,2367.124276,0.12174000000004526,5.0,click_train_01068_start_2367.023s_ici_5.0.wav,/Users/nfot413/dolphin_project/official_click_features/segments/click_train_01068_start_2367.023s_ici_5.0.wav
1069,1070,2367.104276,2367.167557,0.06328100000018821,2367.084276,2367.187557,0.10328100000015183,5.0,click_train_01069_start_2367.104s_ici_5.0.wav,/Users/nfot413/dolphin_project/official_click_features/segments/click_train_01069_start_2367.104s_ici_5.0.wav
1070,1071,2367.256438,2369.073948,1.8175100000003113,2367.236438,2369.093948,1.8575100000002749,5.0,click_train_01070_start_2367.256s_ici_5.0.wav,/Users/nfot413/dolphin_project/official_click_features/segments/click_train_01070_start_2367.256s_ici_5.0.wav
1071,1072,2369.093302,2369.142984,0.0496819999998479,2369.0733020000002,2369.162984,0.08968199999981152,5.0,click_train_01071_start_2369.093s_ici_5.0.wav,/Users/nfot413/dolphin_project/official_click_features/segments/click_train_01071_start_2369.093s_ici_5.0.wav
1072,1073,2369.142984,2369.218297,0.07531299999982366,2369.122984,2369.238297,0.11531299999978728,10.0,click_train_01072_start_2369.143s_ici_10.0.wav,/Users/nfot413/dolphin_project/official_click_features/segments/click_train_01072_start_2369.143s_ici_10.0.wav
1073,1074,2369.240417,2369.281031,0.040614000000005035,2369.220417,2369.301031,0.08061399999996866,5.0,click_train_01073_start_2369.240s_ici_5.0.wav,/Users/nfot413/dolphin_project/official_click_features/segments/click_train_01073_start_2369.240s_ici_5.0.wav
1074,1075,2369.281031,2369.377677,0.09664599999996426,2369.261031,2369.397677,0.13664599999992788,5.0,click_train_01074_start_2369.281s_ici_5.0.wav,/Users/nfot413/dolphin_project/official_click_features/segments/click_train_01074_start_2369.281s_ici_5.0.wav
1075,1076,2369.425385,2369.450141,0.024755999999797496,2369.405385,2369.470141,0.06475599999976112,5.0,click_train_01075_start_2369.425s_ici_5.0.wav,/Users/nfot413/dolphin_project/official_click_features/segments/click_train_01075_start_2369.425s_ici_5.0.wav
1076,1077,2369.499396,2369.527667,0.02827099999967686,2369.479396,2369.547667,0.06827099999964048,5.0,click_train_01076_start_2369.499s_ici_5.0.wav,/Users/nfot413/dolphin_project/official_click_features/segments/click_train_01076_start_2369.499s_ici_5.0.wav
1077,1078,2369.57625,2369.618474,0.04222399999980553,2369.55625,2369.638474,0.08222399999976915,5.0,click_train_01077_start_2369.576s_ici_5.0.wav,/Users/nfot413/dolphin_project/official_click_features/segments/click_train_01077_start_2369.576s_ici_5.0.wav
1078,1079,2369.645229,2369.68463,0.03940099999999802,2369.625229,2369.70463,0.07940099999996164,5.0,click_train_01078_start_2369.645s_ici_5.0.wav,/Users/nfot413/dolphin_project/official_click_features/segments/click_train_01078_start_2369.645s_ici_5.0.wav
1079,1080,2369.726698,2369.764964,0.03826600000002145,2369.706698,2369.784964,0.07826599999998507,5.0,click_train_01079_start_2369.727s_ici_5.0.wav,/Users/nfot413/dolphin_project/official_click_features/segments/click_train_01079_start_2369.727s_ici_5.0.wav
1080,1081,2369.799964,2369.826333,0.02636900000015885,2369.779964,2369.846333,0.06636900000012247,5.0,click_train_01080_start_2369.800s_ici_5.0.wav,/Users/nfot413/dolphin_project/official_click_features/segments/click_train_01080_start_2369.800s_ici_5.0.wav
1081,1082,2369.941312,2370.024615,0.0833029999998871,2369.921312,2370.044615,0.12330299999985073,10.0,click_train_01081_start_2369.941s_ici_10.0.wav,/Users/nfot413/dolphin_project/official_click_features/segments/click_train_01081_start_2369.941s_ici_10.0.wav
1082,1083,2370.067323,2370.165901,0.0985779999996339,2370.0473230000002,2370.185901,0.13857799999959752,10.0,click_train_01082_start_2370.067s_ici_10.0.wav,/Users/nfot413/dolphin_project/official_click_features/segments/click_train_01082_start_2370.067s_ici_10.0.wav
1083,1084,2370.165901,2370.321911,0.1560100000001512,2370.145901,2370.341911,0.19601000000011481,10.0,click_train_01083_start_2370.166s_ici_10.0.wav,/Users/nfot413/dolphin_project/official_click_features/segments/click_train_01083_start_2370.166s_ici_10.0.wav
1084,1085,2370.526557,2370.561755,0.0351980000000367,2370.506557,2370.581755,0.07519800000000032,5.0,click_train_01084_start_2370.527s_ici_5.0.wav,/Users/nfot413/dolphin_project/official_click_features/segments/click_train_01084_start_2370.527s_ici_5.0.wav
1085,1086,2370.655833,2372.169932,1.5140989999999874,2370.635833,2372.1899319999998,1.554098999999951,10.0,click_train_01085_start_2370.656s_ici_10.0.wav,/Users/nfot413/dolphin_project/official_click_features/segments/click_train_01085_start_2370.656s_ici_10.0.wav
1086,1087,2372.567505,2373.049755,0.48225000000002183,2372.547505,2373.069755,0.5222499999999854,80.0,click_train_01086_start_2372.568s_ici_80.0.wav,/Users/nfot413/dolphin_project/official_click_features/segments/click_train_01086_start_2372.568s_ici_80.0.wav
1087,1088,2373.257312,2375.013599,1.756286999999702,2373.237312,2375.033599,1.7962869999996656,10.0,click_train_01087_start_2373.257s_ici_10.0.wav,/Users/nfot413/dolphin_project/official_click_features/segments/click_train_01087_start_2373.257s_ici_10.0.wav
1088,1089,2375.013599,2375.34926,0.3356610000000728,2374.993599,2375.36926,0.37566100000003644,70.0,click_train_01088_start_2375.014s_ici_70.0.wav,/Users/nfot413/dolphin_project/official_click_features/segments/click_train_01088_start_2375.014s_ici_70.0.wav
1089,1090,2375.384286,2375.598115,0.2138289999998051,2375.364286,2375.6181149999998,0.2538289999997687,5.0,click_train_01089_start_2375.384s_ici_5.0.wav,/Users/nfot413/dolphin_project/official_click_features/segments/click_train_01089_start_2375.384s_ici_5.0.wav
1090,1091,2375.79375,2377.452802,1.6590519999999742,2375.77375,2377.472802,1.6990519999999378,10.0,click_train_01090_start_2375.794s_ici_10.0.wav,/Users/nfot413/dolphin_project/official_click_features/segments/click_train_01090_start_2375.794s_ici_10.0.wav
1091,1092,2377.854141,2379.837479,1.9833380000000034,2377.834141,2379.857479,2.023337999999967,5.0,click_train_01091_start_2377.854s_ici_5.0.wav,/Users/nfot413/dolphin_project/official_click_features/segments/click_train_01091_start_2377.854s_ici_5.0.wav
1092,1093,2379.837479,2379.959729,0.12225000000034925,2379.817479,2379.979729,0.16225000000031287,25.0,click_train_01092_start_2379.837s_ici_25.0.wav,/Users/nfot413/dolphin_project/official_click_features/segments/click_train_01092_start_2379.837s_ici_25.0.wav
1093,1094,2379.959729,2383.943552,3.9838230000000294,2379.939729,2383.963552,4.023822999999993,5.0,click_train_01093_start_2379.960s_ici_5.0.wav,/Users/nfot413/dolphin_project/official_click_features/segments/click_train_01093_start_2379.960s_ici_5.0.wav
1094,1095,2384.374005,2384.683745,0.3097399999996924,2384.354005,2384.703745,0.349739999999656,30.0,click_train_01094_start_2384.374s_ici_30.0.wav,/Users/nfot413/dolphin_project/official_click_features/segments/click_train_01094_start_2384.374s_ici_30.0.wav
1095,1096,2384.683745,2384.716615,0.03287000000000262,2384.663745,2384.736615,0.07286999999996624,5.0,click_train_01095_start_2384.684s_ici_5.0.wav,/Users/nfot413/dolphin_project/official_click_features/segments/click_train_01095_start_2384.684s_ici_5.0.wav
1096,1097,2385.081734,2387.406068,2.324333999999908,2385.061734,2387.4260679999998,2.3643339999998716,5.0,click_train_01096_start_2385.082s_ici_5.0.wav,/Users/nfot413/dolphin_project/official_click_features/segments/click_train_01096_start_2385.082s_ici_5.0.wav
1097,1098,2387.513573,2387.73425,0.22067699999979595,2387.493573,2387.75425,0.2606769999997596,5.0,click_train_01097_start_2387.514s_ici_5.0.wav,/Users/nfot413/dolphin_project/official_click_features/segments/click_train_01097_start_2387.514s_ici_5.0.wav
1098,1099,2387.993885,2390.063693,2.0698080000001937,2387.973885,2390.083693,2.1098080000001573,5.0,click_train_01098_start_2387.994s_ici_5.0.wav,/Users/nfot413/dolphin_project/official_click_features/segments/click_train_01098_start_2387.994s_ici_5.0.wav
1099,1100,2390.063693,2390.212786,0.14909299999999348,2390.043693,2390.232786,0.1890929999999571,10.0,click_train_01099_start_2390.064s_ici_10.0.wav,/Users/nfot413/dolphin_project/official_click_features/segments/click_train_01099_start_2390.064s_ici_10.0.wav
1100,1101,2390.571849,2392.894625,2.322775999999976,2390.551849,2392.914625,2.36277599999994,5.0,click_train_01100_start_2390.572s_ici_5.0.wav,/Users/nfot413/dolphin_project/official_click_features/segments/click_train_01100_start_2390.572s_ici_5.0.wav
1101,1102,2393.049089,2396.161052,3.1119629999998324,2393.029089,2396.181052,3.151962999999796,5.0,click_train_01101_start_2393.049s_ici_5.0.wav,/Users/nfot413/dolphin_project/official_click_features/segments/click_train_01101_start_2393.049s_ici_5.0.wav
1102,1103,2396.400068,2396.75537,0.35530199999993783,2396.380068,2396.77537,0.39530199999990145,45.0,click_train_01102_start_2396.400s_ici_45.0.wav,/Users/nfot413/dolphin_project/official_click_features/segments/click_train_01102_start_2396.400s_ici_45.0.wav
1103,1104,2397.045443,2399.032589,1.9871459999999388,2397.025443,2399.052589,2.0271459999999024,10.0,click_train_01103_start_2397.045s_ici_10.0.wav,/Users/nfot413/dolphin_project/official_click_features/segments/click_train_01103_start_2397.045s_ici_10.0.wav
1104,1105,2400.005297,2400.234068,0.22877100000005157,2399.985297,2400.254068,0.2687710000000152,40.0,click_train_01104_start_2400.005s_ici_40.0.wav,/Users/nfot413/dolphin_project/official_click_features/segments/click_train_01104_start_2400.005s_ici_40.0.wav
1105,1106,2400.720755,2401.145255,0.42450000000008004,2400.700755,2401.165255,0.46450000000004366,75.0,click_train_01105_start_2400.721s_ici_75.0.wav,/Users/nfot413/dolphin_project/official_click_features/segments/click_train_01105_start_2400.721s_ici_75.0.wav
1106,1107,2402.118594,2403.741422,1.6228280000000268,2402.098594,2403.761422,1.6628279999999904,5.0,click_train_01106_start_2402.119s_ici_5.0.wav,/Users/nfot413/dolphin_project/official_click_features/segments/click_train_01106_start_2402.119s_ici_5.0.wav
1107,1108,2404.658177,2405.500589,0.8424120000004223,2404.638177,2405.520589,0.8824120000003859,10.0,click_train_01107_start_2404.658s_ici_10.0.wav,/Users/nfot413/dolphin_project/official_click_features/segments/click_train_01107_start_2404.658s_ici_10.0.wav
1108,1109,2405.862198,2406.397391,0.535193000000163,2405.842198,2406.417391,0.5751930000001266,80.0,click_train_01108_start_2405.862s_ici_80.0.wav,/Users/nfot413/dolphin_project/official_click_features/segments/click_train_01108_start_2405.862s_ici_80.0.wav
1109,1110,2406.590792,2406.657766,0.06697399999984555,2406.570792,2406.677766,0.10697399999980917,10.0,click_train_01109_start_2406.591s_ici_10.0.wav,/Users/nfot413/dolphin_project/official_click_features/segments/click_train_01109_start_2406.591s_ici_10.0.wav
1110,1111,2406.948458,2407.148891,0.20043299999997544,2406.928458,2407.168891,0.24043299999993906,10.0,click_train_01110_start_2406.948s_ici_10.0.wav,/Users/nfot413/dolphin_project/official_click_features/segments/click_train_01110_start_2406.948s_ici_10.0.wav
1111,1112,2407.148891,2407.189359,0.040468000000146276,2407.128891,2407.209359,0.0804680000001099,10.0,click_train_01111_start_2407.149s_ici_10.0.wav,/Users/nfot413/dolphin_project/official_click_features/segments/click_train_01111_start_2407.149s_ici_10.0.wav
1112,1113,2407.270562,2407.866724,0.596161999999822,2407.250562,2407.886724,0.6361619999997856,10.0,click_train_01112_start_2407.271s_ici_10.0.wav,/Users/nfot413/dolphin_project/official_click_features/segments/click_train_01112_start_2407.271s_ici_10.0.wav
1113,1114,2407.866724,2407.977714,0.11099000000012893,2407.846724,2407.997714,0.15099000000009255,25.0,click_train_01113_start_2407.867s_ici_25.0.wav,/Users/nfot413/dolphin_project/official_click_features/segments/click_train_01113_start_2407.867s_ici_25.0.wav
1114,1115,2407.977714,2409.86126,1.883546000000024,2407.957714,2409.88126,1.9235459999999875,5.0,click_train_01114_start_2407.978s_ici_5.0.wav,/Users/nfot413/dolphin_project/official_click_features/segments/click_train_01114_start_2407.978s_ici_5.0.wav
1115,1116,2409.86126,2410.160219,0.2989589999997406,2409.84126,2410.180219,0.33895899999970425,15.0,click_train_01115_start_2409.861s_ici_15.0.wav,/Users/nfot413/dolphin_project/official_click_features/segments/click_train_01115_start_2409.861s_ici_15.0.wav
1116,1117,2410.160219,2410.61451,0.454291000000012,2410.140219,2410.63451,0.4942909999999756,60.0,click_train_01116_start_2410.160s_ici_60.0.wav,/Users/nfot413/dolphin_project/official_click_features/segments/click_train_01116_start_2410.160s_ici_60.0.wav
1117,1118,2410.725302,2411.273089,0.5477869999999712,2410.705302,2411.293089,0.5877869999999348,80.0,click_train_01117_start_2410.725s_ici_80.0.wav,/Users/nfot413/dolphin_project/official_click_features/segments/click_train_01117_start_2410.725s_ici_80.0.wav
1118,1119,2411.312458,2412.288271,0.9758130000000165,2411.292458,2412.308271,1.01581299999998,5.0,click_train_01118_start_2411.312s_ici_5.0.wav,/Users/nfot413/dolphin_project/official_click_features/segments/click_train_01118_start_2411.312s_ici_5.0.wav
1119,1120,2412.318193,2412.397823,0.07962999999972453,2412.298193,2412.4178229999998,0.11962999999968815,5.0,click_train_01119_start_2412.318s_ici_5.0.wav,/Users/nfot413/dolphin_project/official_click_features/segments/click_train_01119_start_2412.318s_ici_5.0.wav
1120,1121,2412.59963,2413.152542,0.552911999999651,2412.57963,2413.172542,0.5929119999996146,5.0,click_train_01120_start_2412.600s_ici_5.0.wav,/Users/nfot413/dolphin_project/official_click_features/segments/click_train_01120_start_2412.600s_ici_5.0.wav
1121,1122,2413.510047,2418.362,4.851952999999867,2413.4900470000002,2418.382,4.89195299999983,5.0,click_train_01121_start_2413.510s_ici_5.0.wav,/Users/nfot413/dolphin_project/official_click_features/segments/click_train_01121_start_2413.510s_ici_5.0.wav
1122,1123,2418.460464,2418.818682,0.35821800000030635,2418.440464,2418.838682,0.39821800000026997,35.0,click_train_01122_start_2418.460s_ici_35.0.wav,/Users/nfot413/dolphin_project/official_click_features/segments/click_train_01122_start_2418.460s_ici_35.0.wav
1123,1124,2418.915667,2419.284562,0.3688949999996112,2418.8956670000002,2419.304562,0.4088949999995748,80.0,click_train_01123_start_2418.916s_ici_80.0.wav,/Users/nfot413/dolphin_project/official_click_features/segments/click_train_01123_start_2418.916s_ici_80.0.wav
1124,1125,2419.38912,2422.948052,3.558932000000368,2419.36912,2422.968052,3.5989320000003318,5.0,click_train_01124_start_2419.389s_ici_5.0.wav,/Users/nfot413/dolphin_project/official_click_features/segments/click_train_01124_start_2419.389s_ici_5.0.wav
1125,1126,2423.731448,2424.269432,0.5379840000000513,2423.711448,2424.289432,0.5779840000000149,5.0,click_train_01125_start_2423.731s_ici_5.0.wav,/Users/nfot413/dolphin_project/official_click_features/segments/click_train_01125_start_2423.731s_ici_5.0.wav
1126,1127,2424.585979,2425.255177,0.6691980000000513,2424.565979,2425.275177,0.7091980000000149,5.0,click_train_01126_start_2424.586s_ici_5.0.wav,/Users/nfot413/dolphin_project/official_click_features/segments/click_train_01126_start_2424.586s_ici_5.0.wav
1127,1128,2425.953141,2426.215953,0.26281199999993987,2425.933141,2426.235953,0.3028119999999035,10.0,click_train_01127_start_2425.953s_ici_10.0.wav,/Users/nfot413/dolphin_project/official_click_features/segments/click_train_01127_start_2425.953s_ici_10.0.wav
1128,1129,2426.711818,2430.114177,3.4023589999997057,2426.6918180000002,2430.134177,3.4423589999996693,5.0,click_train_01128_start_2426.712s_ici_5.0.wav,/Users/nfot413/dolphin_project/official_click_features/segments/click_train_01128_start_2426.712s_ici_5.0.wav
1129,1130,2430.133125,2430.854448,0.7213230000002113,2430.113125,2430.874448,0.7613230000001749,5.0,click_train_01129_start_2430.133s_ici_5.0.wav,/Users/nfot413/dolphin_project/official_click_features/segments/click_train_01129_start_2430.133s_ici_5.0.wav
1130,1131,2430.945844,2431.550937,0.6050930000001244,2430.925844,2431.570937,0.6450930000000881,85.0,click_train_01130_start_2430.946s_ici_85.0.wav,/Users/nfot413/dolphin_project/official_click_features/segments/click_train_01130_start_2430.946s_ici_85.0.wav
1131,1132,2431.568057,2431.588979,0.020922000000155094,2431.548057,2431.608979,0.060922000000118715,5.0,click_train_01131_start_2431.568s_ici_5.0.wav,/Users/nfot413/dolphin_project/official_click_features/segments/click_train_01131_start_2431.568s_ici_5.0.wav
1132,1133,2431.6695,2431.70087,0.031370000000151776,2431.6495,2431.72087,0.0713700000001154,5.0,click_train_01132_start_2431.669s_ici_5.0.wav,/Users/nfot413/dolphin_project/official_click_features/segments/click_train_01132_start_2431.669s_ici_5.0.wav
1133,1134,2431.770047,2431.790073,0.02002600000014354,2431.750047,2431.810073,0.06002600000010716,5.0,click_train_01133_start_2431.770s_ici_5.0.wav,/Users/nfot413/dolphin_project/official_click_features/segments/click_train_01133_start_2431.770s_ici_5.0.wav
1134,1135,2431.972078,2431.996417,0.02433900000005451,2431.952078,2432.016417,0.06433900000001813,5.0,click_train_01134_start_2431.972s_ici_5.0.wav,/Users/nfot413/dolphin_project/official_click_features/segments/click_train_01134_start_2431.972s_ici_5.0.wav
1135,1136,2432.034573,2432.609943,0.5753700000000208,2432.014573,2432.629943,0.6153699999999844,5.0,click_train_01135_start_2432.035s_ici_5.0.wav,/Users/nfot413/dolphin_project/official_click_features/segments/click_train_01135_start_2432.035s_ici_5.0.wav
1136,1137,2432.677042,2436.597094,3.920052000000396,2432.657042,2436.617094,3.96005200000036,5.0,click_train_01136_start_2432.677s_ici_5.0.wav,/Users/nfot413/dolphin_project/official_click_features/segments/click_train_01136_start_2432.677s_ici_5.0.wav
1137,1138,2436.629094,2437.092531,0.4634369999998853,2436.609094,2437.1125309999998,0.5034369999998489,80.0,click_train_01137_start_2436.629s_ici_80.0.wav,/Users/nfot413/dolphin_project/official_click_features/segments/click_train_01137_start_2436.629s_ici_80.0.wav
1138,1139,2437.700635,2438.132167,0.4315320000000611,2437.680635,2438.152167,0.4715320000000247,75.0,click_train_01138_start_2437.701s_ici_75.0.wav,/Users/nfot413/dolphin_project/official_click_features/segments/click_train_01138_start_2437.701s_ici_75.0.wav
1139,1140,2438.132167,2438.171521,0.039354000000003,2438.112167,2438.191521,0.07935399999996662,5.0,click_train_01139_start_2438.132s_ici_5.0.wav,/Users/nfot413/dolphin_project/official_click_features/segments/click_train_01139_start_2438.132s_ici_5.0.wav
1140,1141,2438.171521,2442.015109,3.843587999999727,2438.1515210000002,2442.035109,3.8835879999996905,5.0,click_train_01140_start_2438.172s_ici_5.0.wav,/Users/nfot413/dolphin_project/official_click_features/segments/click_train_01140_start_2438.172s_ici_5.0.wav
1141,1142,2442.015109,2442.131141,0.11603199999990466,2441.995109,2442.151141,0.15603199999986828,25.0,click_train_01141_start_2442.015s_ici_25.0.wav,/Users/nfot413/dolphin_project/official_click_features/segments/click_train_01141_start_2442.015s_ici_25.0.wav
1142,1143,2442.233214,2442.660401,0.4271870000002309,2442.213214,2442.680401,0.46718700000019453,20.0,click_train_01142_start_2442.233s_ici_20.0.wav,/Users/nfot413/dolphin_project/official_click_features/segments/click_train_01142_start_2442.233s_ici_20.0.wav
1143,1144,2442.660401,2443.182667,0.522265999999945,2442.640401,2443.202667,0.5622659999999087,5.0,click_train_01143_start_2442.660s_ici_5.0.wav,/Users/nfot413/dolphin_project/official_click_features/segments/click_train_01143_start_2442.660s_ici_5.0.wav
1144,1145,2443.253302,2443.434917,0.18161499999996522,2443.233302,2443.454917,0.22161499999992884,5.0,click_train_01144_start_2443.253s_ici_5.0.wav,/Users/nfot413/dolphin_project/official_click_features/segments/click_train_01144_start_2443.253s_ici_5.0.wav
1145,1146,2443.470646,2445.477,2.0063539999996465,2443.4506460000002,2445.497,2.04635399999961,5.0,click_train_01145_start_2443.471s_ici_5.0.wav,/Users/nfot413/dolphin_project/official_click_features/segments/click_train_01145_start_2443.471s_ici_5.0.wav
1146,1147,2445.495375,2445.538896,0.04352100000005521,2445.475375,2445.558896,0.08352100000001883,5.0,click_train_01146_start_2445.495s_ici_5.0.wav,/Users/nfot413/dolphin_project/official_click_features/segments/click_train_01146_start_2445.495s_ici_5.0.wav
1147,1148,2445.831969,2445.884083,0.05211400000007416,2445.811969,2445.904083,0.09211400000003778,5.0,click_train_01147_start_2445.832s_ici_5.0.wav,/Users/nfot413/dolphin_project/official_click_features/segments/click_train_01147_start_2445.832s_ici_5.0.wav
1148,1149,2446.011604,2446.049177,0.037573000000065804,2445.991604,2446.069177,0.07757300000002942,5.0,click_train_01148_start_2446.012s_ici_5.0.wav,/Users/nfot413/dolphin_project/official_click_features/segments/click_train_01148_start_2446.012s_ici_5.0.wav
1149,1150,2446.439276,2447.182682,0.74340600000005,2446.419276,2447.202682,0.7834060000000136,5.0,click_train_01149_start_2446.439s_ici_5.0.wav,/Users/nfot413/dolphin_project/official_click_features/segments/click_train_01149_start_2446.439s_ici_5.0.wav
1150,1151,2447.182682,2449.451385,2.268702999999732,2447.162682,2449.471385,2.3087029999996957,5.0,click_train_01150_start_2447.183s_ici_5.0.wav,/Users/nfot413/dolphin_project/official_click_features/segments/click_train_01150_start_2447.183s_ici_5.0.wav
1151,1152,2449.822349,2449.873646,0.05129699999997683,2449.802349,2449.893646,0.09129699999994045,10.0,click_train_01151_start_2449.822s_ici_10.0.wav,/Users/nfot413/dolphin_project/official_click_features/segments/click_train_01151_start_2449.822s_ici_10.0.wav
1152,1153,2450.418115,2450.482953,0.0648380000002362,2450.398115,2450.502953,0.10483800000019983,10.0,click_train_01152_start_2450.418s_ici_10.0.wav,/Users/nfot413/dolphin_project/official_click_features/segments/click_train_01152_start_2450.418s_ici_10.0.wav
1153,1154,2450.57912,2450.658099,0.07897900000034497,2450.55912,2450.678099,0.11897900000030859,10.0,click_train_01153_start_2450.579s_ici_10.0.wav,/Users/nfot413/dolphin_project/official_click_features/segments/click_train_01153_start_2450.579s_ici_10.0.wav
1154,1155,2450.93162,2454.212677,3.281057000000146,2450.91162,2454.232677,3.32105700000011,5.0,click_train_01154_start_2450.932s_ici_5.0.wav,/Users/nfot413/dolphin_project/official_click_features/segments/click_train_01154_start_2450.932s_ici_5.0.wav
1155,1156,2454.212677,2454.299583,0.08690599999999904,2454.192677,2454.319583,0.12690599999996266,15.0,click_train_01155_start_2454.213s_ici_15.0.wav,/Users/nfot413/dolphin_project/official_click_features/segments/click_train_01155_start_2454.213s_ici_15.0.wav
1156,1157,2454.882229,2455.402443,0.5202140000001236,2454.862229,2455.422443,0.5602140000000873,90.0,click_train_01156_start_2454.882s_ici_90.0.wav,/Users/nfot413/dolphin_project/official_click_features/segments/click_train_01156_start_2454.882s_ici_90.0.wav
1157,1158,2460.000432,2463.008708,3.0082760000000235,2459.980432,2463.028708,3.048275999999987,5.0,click_train_01157_start_2460.000s_ici_5.0.wav,/Users/nfot413/dolphin_project/official_click_features/segments/click_train_01157_start_2460.000s_ici_5.0.wav
1158,1159,2463.158318,2465.841958,2.683640000000196,2463.138318,2465.861958,2.7236400000001595,5.0,click_train_01158_start_2463.158s_ici_5.0.wav,/Users/nfot413/dolphin_project/official_click_features/segments/click_train_01158_start_2463.158s_ici_5.0.wav
1159,1160,2465.841958,2465.923031,0.08107299999983297,2465.821958,2465.943031,0.1210729999997966,10.0,click_train_01159_start_2465.842s_ici_10.0.wav,/Users/nfot413/dolphin_project/official_click_features/segments/click_train_01159_start_2465.842s_ici_10.0.wav
1160,1161,2465.923031,2470.53999,4.616959000000406,2465.903031,2470.55999,4.65695900000037,5.0,click_train_01160_start_2465.923s_ici_5.0.wav,/Users/nfot413/dolphin_project/official_click_features/segments/click_train_01160_start_2465.923s_ici_5.0.wav
1161,1162,2470.711406,2470.747495,0.036089000000174565,2470.691406,2470.767495,0.07608900000013818,5.0,click_train_01161_start_2470.711s_ici_5.0.wav,/Users/nfot413/dolphin_project/official_click_features/segments/click_train_01161_start_2470.711s_ici_5.0.wav
1162,1163,2470.800198,2471.483953,0.6837550000000192,2470.780198,2471.503953,0.7237549999999828,5.0,click_train_01162_start_2470.800s_ici_5.0.wav,/Users/nfot413/dolphin_project/official_click_features/segments/click_train_01162_start_2470.800s_ici_5.0.wav
1163,1164,2471.54488,2471.66125,0.11637000000018816,2471.52488,2471.68125,0.15637000000015178,5.0,click_train_01163_start_2471.545s_ici_5.0.wav,/Users/nfot413/dolphin_project/official_click_features/segments/click_train_01163_start_2471.545s_ici_5.0.wav
1164,1165,2471.66125,2471.749641,0.08839099999977407,2471.64125,2471.769641,0.1283909999997377,10.0,click_train_01164_start_2471.661s_ici_10.0.wav,/Users/nfot413/dolphin_project/official_click_features/segments/click_train_01164_start_2471.661s_ici_10.0.wav
1165,1166,2471.84287,2471.955547,0.11267700000007608,2471.82287,2471.975547,0.1526770000000397,10.0,click_train_01165_start_2471.843s_ici_10.0.wav,/Users/nfot413/dolphin_project/official_click_features/segments/click_train_01165_start_2471.843s_ici_10.0.wav
1166,1167,2472.117,2472.181906,0.06490599999960978,2472.097,2472.201906,0.1049059999995734,5.0,click_train_01166_start_2472.117s_ici_5.0.wav,/Users/nfot413/dolphin_project/official_click_features/segments/click_train_01166_start_2472.117s_ici_5.0.wav
1167,1168,2472.211599,2475.413995,3.2023959999996805,2472.191599,2475.433995,3.242395999999644,5.0,click_train_01167_start_2472.212s_ici_5.0.wav,/Users/nfot413/dolphin_project/official_click_features/segments/click_train_01167_start_2472.212s_ici_5.0.wav
1168,1169,2475.470526,2477.065339,1.5948130000001584,2475.450526,2477.085339,1.634813000000122,5.0,click_train_01168_start_2475.471s_ici_5.0.wav,/Users/nfot413/dolphin_project/official_click_features/segments/click_train_01168_start_2475.471s_ici_5.0.wav
1169,1170,2477.101583,2478.898854,1.7972709999999097,2477.081583,2478.918854,1.8372709999998733,5.0,click_train_01169_start_2477.102s_ici_5.0.wav,/Users/nfot413/dolphin_project/official_click_features/segments/click_train_01169_start_2477.102s_ici_5.0.wav
1170,1171,2478.898854,2479.713323,0.8144689999999173,2478.878854,2479.733323,0.8544689999998809,10.0,click_train_01170_start_2478.899s_ici_10.0.wav,/Users/nfot413/dolphin_project/official_click_features/segments/click_train_01170_start_2478.899s_ici_10.0.wav
1171,1172,2480.072333,2481.59863,1.5262969999998859,2480.052333,2481.61863,1.5662969999998495,5.0,click_train_01171_start_2480.072s_ici_5.0.wav,/Users/nfot413/dolphin_project/official_click_features/segments/click_train_01171_start_2480.072s_ici_5.0.wav
1172,1173,2483.531797,2483.722052,0.1902549999999792,2483.511797,2483.742052,0.2302549999999428,40.0,click_train_01172_start_2483.532s_ici_40.0.wav,/Users/nfot413/dolphin_project/official_click_features/segments/click_train_01172_start_2483.532s_ici_40.0.wav
1173,1174,2483.795026,2485.439854,1.644828000000416,2483.775026,2485.459854,1.6848280000003797,10.0,click_train_01173_start_2483.795s_ici_10.0.wav,/Users/nfot413/dolphin_project/official_click_features/segments/click_train_01173_start_2483.795s_ici_10.0.wav
1174,1175,2485.461786,2485.497151,0.0353650000001835,2485.441786,2485.517151,0.07536500000014712,5.0,click_train_01174_start_2485.462s_ici_5.0.wav,/Users/nfot413/dolphin_project/official_click_features/segments/click_train_01174_start_2485.462s_ici_5.0.wav
1175,1176,2485.520469,2485.559901,0.03943200000003344,2485.500469,2485.579901,0.07943199999999706,5.0,click_train_01175_start_2485.520s_ici_5.0.wav,/Users/nfot413/dolphin_project/official_click_features/segments/click_train_01175_start_2485.520s_ici_5.0.wav
1176,1177,2485.578323,2485.641818,0.06349499999987529,2485.558323,2485.661818,0.10349499999983891,5.0,click_train_01176_start_2485.578s_ici_5.0.wav,/Users/nfot413/dolphin_project/official_click_features/segments/click_train_01176_start_2485.578s_ici_5.0.wav
1177,1178,2485.692698,2486.128172,0.4354740000003403,2485.672698,2486.148172,0.47547400000030393,45.0,click_train_01177_start_2485.693s_ici_45.0.wav,/Users/nfot413/dolphin_project/official_click_features/segments/click_train_01177_start_2485.693s_ici_45.0.wav
1178,1179,2486.128172,2489.803464,3.6752919999998994,2486.108172,2489.823464,3.715291999999863,5.0,click_train_01178_start_2486.128s_ici_5.0.wav,/Users/nfot413/dolphin_project/official_click_features/segments/click_train_01178_start_2486.128s_ici_5.0.wav
1179,1180,2490.137182,2490.791307,0.6541250000000218,2490.117182,2490.811307,0.6941249999999854,10.0,click_train_01179_start_2490.137s_ici_10.0.wav,/Users/nfot413/dolphin_project/official_click_features/segments/click_train_01179_start_2490.137s_ici_10.0.wav
1180,1181,2490.970437,2491.309365,0.3389280000001236,2490.950437,2491.329365,0.3789280000000872,50.0,click_train_01180_start_2490.970s_ici_50.0.wav,/Users/nfot413/dolphin_project/official_click_features/segments/click_train_01180_start_2490.970s_ici_50.0.wav
1181,1182,2491.391182,2492.516396,1.1252140000001418,2491.371182,2492.536396,1.1652140000001054,5.0,click_train_01181_start_2491.391s_ici_5.0.wav,/Users/nfot413/dolphin_project/official_click_features/segments/click_train_01181_start_2491.391s_ici_5.0.wav
1182,1183,2492.610646,2492.717615,0.10696899999993548,2492.590646,2492.737615,0.1469689999998991,5.0,click_train_01182_start_2492.611s_ici_5.0.wav,/Users/nfot413/dolphin_project/official_click_features/segments/click_train_01182_start_2492.611s_ici_5.0.wav
1183,1184,2493.498042,2493.556901,0.058858999999756634,2493.478042,2493.576901,0.09885899999972025,10.0,click_train_01183_start_2493.498s_ici_10.0.wav,/Users/nfot413/dolphin_project/official_click_features/segments/click_train_01183_start_2493.498s_ici_10.0.wav
1184,1185,2494.81875,2496.410917,1.592167000000245,2494.79875,2496.430917,1.6321670000002086,5.0,click_train_01184_start_2494.819s_ici_5.0.wav,/Users/nfot413/dolphin_project/official_click_features/segments/click_train_01184_start_2494.819s_ici_5.0.wav
1185,1186,2496.504495,2496.620474,0.11597899999969741,2496.484495,2496.640474,0.15597899999966103,5.0,click_train_01185_start_2496.504s_ici_5.0.wav,/Users/nfot413/dolphin_project/official_click_features/segments/click_train_01185_start_2496.504s_ici_5.0.wav
1186,1187,2497.032839,2497.236573,0.20373400000016773,2497.012839,2497.256573,0.24373400000013135,10.0,click_train_01186_start_2497.033s_ici_10.0.wav,/Users/nfot413/dolphin_project/official_click_features/segments/click_train_01186_start_2497.033s_ici_10.0.wav
1187,1188,2497.295083,2497.332375,0.03729199999997945,2497.275083,2497.352375,0.07729199999994307,5.0,click_train_01187_start_2497.295s_ici_5.0.wav,/Users/nfot413/dolphin_project/official_click_features/segments/click_train_01187_start_2497.295s_ici_5.0.wav
1188,1189,2497.729974,2498.401974,0.6720000000000255,2497.709974,2498.421974,0.7119999999999891,10.0,click_train_01188_start_2497.730s_ici_10.0.wav,/Users/nfot413/dolphin_project/official_click_features/segments/click_train_01188_start_2497.730s_ici_10.0.wav
1189,1190,2498.93099,2499.294938,0.36394800000016403,2498.91099,2499.314938,0.40394800000012765,50.0,click_train_01189_start_2498.931s_ici_50.0.wav,/Users/nfot413/dolphin_project/official_click_features/segments/click_train_01189_start_2498.931s_ici_50.0.wav
1190,1191,2499.949661,2503.114854,3.1651929999998174,2499.929661,2503.134854,3.205192999999781,5.0,click_train_01190_start_2499.950s_ici_5.0.wav,/Users/nfot413/dolphin_project/official_click_features/segments/click_train_01190_start_2499.950s_ici_5.0.wav
1191,1192,2503.213531,2503.622604,0.40907300000026225,2503.193531,2503.642604,0.4490730000002259,10.0,click_train_01191_start_2503.214s_ici_10.0.wav,/Users/nfot413/dolphin_project/official_click_features/segments/click_train_01191_start_2503.214s_ici_10.0.wav
1192,1193,2504.991917,2505.461661,0.4697439999999915,2504.971917,2505.481661,0.5097439999999551,15.0,click_train_01192_start_2504.992s_ici_15.0.wav,/Users/nfot413/dolphin_project/official_click_features/segments/click_train_01192_start_2504.992s_ici_15.0.wav
1193,1194,2505.461661,2505.69362,0.2319590000001881,2505.441661,2505.71362,0.2719590000001517,30.0,click_train_01193_start_2505.462s_ici_30.0.wav,/Users/nfot413/dolphin_project/official_click_features/segments/click_train_01193_start_2505.462s_ici_30.0.wav
1194,1195,2506.332068,2506.5335,0.20143199999984063,2506.312068,2506.5535,0.24143199999980425,35.0,click_train_01194_start_2506.332s_ici_35.0.wav,/Users/nfot413/dolphin_project/official_click_features/segments/click_train_01194_start_2506.332s_ici_35.0.wav
1195,1196,2506.5335,2506.612057,0.0785569999998188,2506.5135,2506.632057,0.11855699999978242,10.0,click_train_01195_start_2506.534s_ici_10.0.wav,/Users/nfot413/dolphin_project/official_click_features/segments/click_train_01195_start_2506.534s_ici_10.0.wav
1196,1197,2506.967479,2507.025115,0.05763600000000224,2506.947479,2507.045115,0.09763599999996586,10.0,click_train_01196_start_2506.967s_ici_10.0.wav,/Users/nfot413/dolphin_project/official_click_features/segments/click_train_01196_start_2506.967s_ici_10.0.wav
1197,1198,2507.025115,2507.612786,0.5876710000002277,2507.005115,2507.632786,0.6276710000001913,45.0,click_train_01197_start_2507.025s_ici_45.0.wav,/Users/nfot413/dolphin_project/official_click_features/segments/click_train_01197_start_2507.025s_ici_45.0.wav
1198,1199,2507.612786,2507.711354,0.09856799999988652,2507.592786,2507.731354,0.13856799999985014,5.0,click_train_01198_start_2507.613s_ici_5.0.wav,/Users/nfot413/dolphin_project/official_click_features/segments/click_train_01198_start_2507.613s_ici_5.0.wav
1199,1200,2507.950474,2507.997682,0.047207999999955064,2507.9304740000002,2508.017682,0.08720799999991868,5.0,click_train_01199_start_2507.950s_ici_5.0.wav,/Users/nfot413/dolphin_project/official_click_features/segments/click_train_01199_start_2507.950s_ici_5.0.wav
1200,1201,2508.034427,2508.308089,0.27366200000005847,2508.014427,2508.328089,0.3136620000000221,45.0,click_train_01200_start_2508.034s_ici_45.0.wav,/Users/nfot413/dolphin_project/official_click_features/segments/click_train_01200_start_2508.034s_ici_45.0.wav
1201,1202,2508.308089,2508.442219,0.1341299999999137,2508.288089,2508.462219,0.17412999999987733,25.0,click_train_01201_start_2508.308s_ici_25.0.wav,/Users/nfot413/dolphin_project/official_click_features/segments/click_train_01201_start_2508.308s_ici_25.0.wav
1202,1203,2508.93976,2509.092417,0.15265699999963545,2508.91976,2509.112417,0.19265699999959907,30.0,click_train_01202_start_2508.940s_ici_30.0.wav,/Users/nfot413/dolphin_project/official_click_features/segments/click_train_01202_start_2508.940s_ici_30.0.wav
1203,1204,2509.092417,2509.146615,0.05419800000026953,2509.072417,2509.166615,0.09419800000023315,10.0,click_train_01203_start_2509.092s_ici_10.0.wav,/Users/nfot413/dolphin_project/official_click_features/segments/click_train_01203_start_2509.092s_ici_10.0.wav
1204,1205,2509.281083,2509.321448,0.04036500000029264,2509.261083,2509.341448,0.08036500000025626,5.0,click_train_01204_start_2509.281s_ici_5.0.wav,/Users/nfot413/dolphin_project/official_click_features/segments/click_train_01204_start_2509.281s_ici_5.0.wav
1205,1206,2510.012984,2510.216328,0.2033440000000155,2509.992984,2510.236328,0.24334399999997913,30.0,click_train_01205_start_2510.013s_ici_30.0.wav,/Users/nfot413/dolphin_project/official_click_features/segments/click_train_01205_start_2510.013s_ici_30.0.wav
1206,1207,2510.429979,2510.469594,0.039615000000139844,2510.409979,2510.489594,0.07961500000010346,5.0,click_train_01206_start_2510.430s_ici_5.0.wav,/Users/nfot413/dolphin_project/official_click_features/segments/click_train_01206_start_2510.430s_ici_5.0.wav
1207,1208,2510.469594,2510.514328,0.044734000000062224,2510.449594,2510.534328,0.08473400000002584,10.0,click_train_01207_start_2510.470s_ici_10.0.wav,/Users/nfot413/dolphin_project/official_click_features/segments/click_train_01207_start_2510.470s_ici_10.0.wav
1208,1209,2510.533365,2510.564307,0.030942000000322878,2510.513365,2510.584307,0.0709420000002865,5.0,click_train_01208_start_2510.533s_ici_5.0.wav,/Users/nfot413/dolphin_project/official_click_features/segments/click_train_01208_start_2510.533s_ici_5.0.wav
1209,1210,2510.640583,2510.763661,0.12307800000007774,2510.620583,2510.783661,0.16307800000004136,10.0,click_train_01209_start_2510.641s_ici_10.0.wav,/Users/nfot413/dolphin_project/official_click_features/segments/click_train_01209_start_2510.641s_ici_10.0.wav
1210,1211,2510.763661,2510.864224,0.10056299999996554,2510.743661,2510.884224,0.14056299999992916,25.0,click_train_01210_start_2510.764s_ici_25.0.wav,/Users/nfot413/dolphin_project/official_click_features/segments/click_train_01210_start_2510.764s_ici_25.0.wav
1211,1212,2510.864224,2513.68551,2.8212859999998727,2510.844224,2513.70551,2.8612859999998363,5.0,click_train_01211_start_2510.864s_ici_5.0.wav,/Users/nfot413/dolphin_project/official_click_features/segments/click_train_01211_start_2510.864s_ici_5.0.wav
1212,1213,2514.168411,2515.796432,1.6280209999999897,2514.148411,2515.816432,1.6680209999999533,5.0,click_train_01212_start_2514.168s_ici_5.0.wav,/Users/nfot413/dolphin_project/official_click_features/segments/click_train_01212_start_2514.168s_ici_5.0.wav
1213,1214,2515.8225,2516.190646,0.3681459999997969,2515.8025000000002,2516.210646,0.40814599999976053,5.0,click_train_01213_start_2515.823s_ici_5.0.wav,/Users/nfot413/dolphin_project/official_click_features/segments/click_train_01213_start_2515.823s_ici_5.0.wav
1214,1215,2517.132911,2517.161755,0.028843999999935477,2517.112911,2517.181755,0.0688439999998991,5.0,click_train_01214_start_2517.133s_ici_5.0.wav,/Users/nfot413/dolphin_project/official_click_features/segments/click_train_01214_start_2517.133s_ici_5.0.wav
1215,1216,2517.214937,2517.424563,0.20962599999984377,2517.194937,2517.444563,0.2496259999998074,45.0,click_train_01215_start_2517.215s_ici_45.0.wav,/Users/nfot413/dolphin_project/official_click_features/segments/click_train_01215_start_2517.215s_ici_45.0.wav
1216,1217,2517.637609,2517.673292,0.03568300000006275,2517.617609,2517.693292,0.07568300000002637,5.0,click_train_01216_start_2517.638s_ici_5.0.wav,/Users/nfot413/dolphin_project/official_click_features/segments/click_train_01216_start_2517.638s_ici_5.0.wav
1217,1218,2517.718719,2517.748547,0.0298280000001796,2517.698719,2517.768547,0.06982800000014322,5.0,click_train_01217_start_2517.719s_ici_5.0.wav,/Users/nfot413/dolphin_project/official_click_features/segments/click_train_01217_start_2517.719s_ici_5.0.wav
1218,1219,2517.969031,2519.173453,1.204421999999795,2517.949031,2519.193453,1.2444219999997586,5.0,click_train_01218_start_2517.969s_ici_5.0.wav,/Users/nfot413/dolphin_project/official_click_features/segments/click_train_01218_start_2517.969s_ici_5.0.wav
1219,1220,2519.173453,2519.543875,0.3704219999999623,2519.153453,2519.563875,0.4104219999999259,5.0,click_train_01219_start_2519.173s_ici_5.0.wav,/Users/nfot413/dolphin_project/official_click_features/segments/click_train_01219_start_2519.173s_ici_5.0.wav
1220,1221,2519.646667,2519.686292,0.03962499999988722,2519.626667,2519.706292,0.07962499999985084,5.0,click_train_01220_start_2519.647s_ici_5.0.wav,/Users/nfot413/dolphin_project/official_click_features/segments/click_train_01220_start_2519.647s_ici_5.0.wav
1221,1222,2520.031359,2520.166885,0.13552600000002712,2520.011359,2520.186885,0.17552599999999074,10.0,click_train_01221_start_2520.031s_ici_10.0.wav,/Users/nfot413/dolphin_project/official_click_features/segments/click_train_01221_start_2520.031s_ici_10.0.wav
1222,1223,2520.488292,2523.84026,3.3519679999999425,2520.468292,2523.86026,3.391967999999906,5.0,click_train_01222_start_2520.488s_ici_5.0.wav,/Users/nfot413/dolphin_project/official_click_features/segments/click_train_01222_start_2520.488s_ici_5.0.wav
1223,1224,2523.962937,2524.021677,0.05874000000039814,2523.942937,2524.041677,0.09874000000036176,5.0,click_train_01223_start_2523.963s_ici_5.0.wav,/Users/nfot413/dolphin_project/official_click_features/segments/click_train_01223_start_2523.963s_ici_5.0.wav
1224,1225,2524.162599,2529.791094,5.628495000000385,2524.142599,2529.811094,5.668495000000348,5.0,click_train_01224_start_2524.163s_ici_5.0.wav,/Users/nfot413/dolphin_project/official_click_features/segments/click_train_01224_start_2524.163s_ici_5.0.wav
1225,1226,2530.66426,2531.006302,0.3420419999997648,2530.64426,2531.0263019999998,0.38204199999972843,70.0,click_train_01225_start_2530.664s_ici_70.0.wav,/Users/nfot413/dolphin_project/official_click_features/segments/click_train_01225_start_2530.664s_ici_70.0.wav
1226,1227,2531.079245,2531.852594,0.7733490000000529,2531.059245,2531.872594,0.8133490000000165,10.0,click_train_01226_start_2531.079s_ici_10.0.wav,/Users/nfot413/dolphin_project/official_click_features/segments/click_train_01226_start_2531.079s_ici_10.0.wav
1227,1228,2532.077969,2532.589266,0.5112970000000132,2532.057969,2532.609266,0.5512969999999768,5.0,click_train_01227_start_2532.078s_ici_5.0.wav,/Users/nfot413/dolphin_project/official_click_features/segments/click_train_01227_start_2532.078s_ici_5.0.wav
1228,1229,2532.625484,2533.004062,0.378577999999834,2532.605484,2533.024062,0.4185779999997976,65.0,click_train_01228_start_2532.625s_ici_65.0.wav,/Users/nfot413/dolphin_project/official_click_features/segments/click_train_01228_start_2532.625s_ici_65.0.wav
1229,1230,2533.004062,2535.879432,2.8753700000002027,2532.984062,2535.899432,2.9153700000001663,5.0,click_train_01229_start_2533.004s_ici_5.0.wav,/Users/nfot413/dolphin_project/official_click_features/segments/click_train_01229_start_2533.004s_ici_5.0.wav
1230,1231,2535.879432,2537.915927,2.0364949999998316,2535.859432,2537.935927,2.0764949999997953,5.0,click_train_01230_start_2535.879s_ici_5.0.wav,/Users/nfot413/dolphin_project/official_click_features/segments/click_train_01230_start_2535.879s_ici_5.0.wav
1231,1232,2537.992318,2538.199307,0.20698899999979403,2537.972318,2538.219307,0.24698899999975765,25.0,click_train_01231_start_2537.992s_ici_25.0.wav,/Users/nfot413/dolphin_project/official_click_features/segments/click_train_01231_start_2537.992s_ici_25.0.wav
1232,1233,2538.199307,2543.590526,5.391219000000092,2538.179307,2543.610526,5.4312190000000555,5.0,click_train_01232_start_2538.199s_ici_5.0.wav,/Users/nfot413/dolphin_project/official_click_features/segments/click_train_01232_start_2538.199s_ici_5.0.wav
1233,1234,2543.609703,2544.256755,0.6470519999998032,2543.589703,2544.276755,0.6870519999997668,85.0,click_train_01233_start_2543.610s_ici_85.0.wav,/Users/nfot413/dolphin_project/official_click_features/segments/click_train_01233_start_2543.610s_ici_85.0.wav
1234,1235,2544.563854,2544.67899,0.1151359999998931,2544.543854,2544.69899,0.15513599999985672,10.0,click_train_01234_start_2544.564s_ici_10.0.wav,/Users/nfot413/dolphin_project/official_click_features/segments/click_train_01234_start_2544.564s_ici_10.0.wav
1235,1236,2544.839776,2545.060677,0.2209010000001399,2544.819776,2545.080677,0.2609010000001035,40.0,click_train_01235_start_2544.840s_ici_40.0.wav,/Users/nfot413/dolphin_project/official_click_features/segments/click_train_01235_start_2544.840s_ici_40.0.wav
1236,1237,2545.128312,2547.626677,2.4983650000003763,2545.108312,2547.646677,2.53836500000034,5.0,click_train_01236_start_2545.128s_ici_5.0.wav,/Users/nfot413/dolphin_project/official_click_features/segments/click_train_01236_start_2545.128s_ici_5.0.wav
1237,1238,2547.626677,2547.811219,0.1845419999999649,2547.606677,2547.831219,0.22454199999992852,15.0,click_train_01237_start_2547.627s_ici_15.0.wav,/Users/nfot413/dolphin_project/official_click_features/segments/click_train_01237_start_2547.627s_ici_15.0.wav
1238,1239,2547.811219,2548.771104,0.9598849999997583,2547.791219,2548.791104,0.9998849999997219,20.0,click_train_01238_start_2547.811s_ici_20.0.wav,/Users/nfot413/dolphin_project/official_click_features/segments/click_train_01238_start_2547.811s_ici_20.0.wav
1239,1240,2548.82726,2549.408339,0.5810790000000452,2548.80726,2549.428339,0.6210790000000088,75.0,click_train_01239_start_2548.827s_ici_75.0.wav,/Users/nfot413/dolphin_project/official_click_features/segments/click_train_01239_start_2548.827s_ici_75.0.wav
1240,1241,2549.476427,2549.998901,0.5224739999998746,2549.456427,2550.018901,0.5624739999998383,75.0,click_train_01240_start_2549.476s_ici_75.0.wav,/Users/nfot413/dolphin_project/official_click_features/segments/click_train_01240_start_2549.476s_ici_75.0.wav
1241,1242,2549.998901,2550.276245,0.27734400000008463,2549.978901,2550.296245,0.31734400000004825,30.0,click_train_01241_start_2549.999s_ici_30.0.wav,/Users/nfot413/dolphin_project/official_click_features/segments/click_train_01241_start_2549.999s_ici_30.0.wav
1242,1243,2550.591396,2550.890094,0.29869800000005853,2550.571396,2550.910094,0.33869800000002215,50.0,click_train_01242_start_2550.591s_ici_50.0.wav,/Users/nfot413/dolphin_project/official_click_features/segments/click_train_01242_start_2550.591s_ici_50.0.wav
1243,1244,2550.890094,2551.098703,0.2086090000002514,2550.870094,2551.118703,0.24860900000021502,30.0,click_train_01243_start_2550.890s_ici_30.0.wav,/Users/nfot413/dolphin_project/official_click_features/segments/click_train_01243_start_2550.890s_ici_30.0.wav
1244,1245,2551.098703,2551.635833,0.5371299999997063,2551.078703,2551.655833,0.57712999999967,35.0,click_train_01244_start_2551.099s_ici_35.0.wav,/Users/nfot413/dolphin_project/official_click_features/segments/click_train_01244_start_2551.099s_ici_35.0.wav
1245,1246,2551.666172,2551.937557,0.2713850000000093,2551.646172,2551.957557,0.31138499999997293,35.0,click_train_01245_start_2551.666s_ici_35.0.wav,/Users/nfot413/dolphin_project/official_click_features/segments/click_train_01245_start_2551.666s_ici_35.0.wav
1246,1247,2551.986682,2552.490161,0.5034789999999703,2551.966682,2552.510161,0.5434789999999339,40.0,click_train_01246_start_2551.987s_ici_40.0.wav,/Users/nfot413/dolphin_project/official_click_features/segments/click_train_01246_start_2551.987s_ici_40.0.wav
1247,1248,2552.490161,2552.650953,0.16079199999967386,2552.470161,2552.670953,0.20079199999963748,15.0,click_train_01247_start_2552.490s_ici_15.0.wav,/Users/nfot413/dolphin_project/official_click_features/segments/click_train_01247_start_2552.490s_ici_15.0.wav
1248,1249,2552.696188,2552.885047,0.18885900000032052,2552.676188,2552.905047,0.22885900000028414,15.0,click_train_01248_start_2552.696s_ici_15.0.wav,/Users/nfot413/dolphin_project/official_click_features/segments/click_train_01248_start_2552.696s_ici_15.0.wav
1249,1250,2553.039823,2553.217427,0.1776039999999739,2553.019823,2553.237427,0.21760399999993751,40.0,click_train_01249_start_2553.040s_ici_40.0.wav,/Users/nfot413/dolphin_project/official_click_features/segments/click_train_01249_start_2553.040s_ici_40.0.wav
1250,1251,2553.489,2553.824953,0.33595299999979034,2553.469,2553.844953,0.37595299999975396,5.0,click_train_01250_start_2553.489s_ici_5.0.wav,/Users/nfot413/dolphin_project/official_click_features/segments/click_train_01250_start_2553.489s_ici_5.0.wav
1251,1252,2554.445255,2554.777422,0.33216700000002675,2554.425255,2554.797422,0.37216699999999037,40.0,click_train_01251_start_2554.445s_ici_40.0.wav,/Users/nfot413/dolphin_project/official_click_features/segments/click_train_01251_start_2554.445s_ici_40.0.wav
1252,1253,2554.84712,2555.482911,0.6357910000001539,2554.82712,2555.502911,0.6757910000001175,30.0,click_train_01252_start_2554.847s_ici_30.0.wav,/Users/nfot413/dolphin_project/official_click_features/segments/click_train_01252_start_2554.847s_ici_30.0.wav
1253,1254,2555.512026,2556.030276,0.51825000000008,2555.492026,2556.050276,0.5582500000000437,35.0,click_train_01253_start_2555.512s_ici_35.0.wav,/Users/nfot413/dolphin_project/official_click_features/segments/click_train_01253_start_2555.512s_ici_35.0.wav
1254,1255,2556.287885,2556.412135,0.1242499999998472,2556.267885,2556.432135,0.16424999999981083,20.0,click_train_01254_start_2556.288s_ici_20.0.wav,/Users/nfot413/dolphin_project/official_click_features/segments/click_train_01254_start_2556.288s_ici_20.0.wav
1255,1256,2556.412135,2556.639781,0.22764599999982238,2556.392135,2556.659781,0.267645999999786,40.0,click_train_01255_start_2556.412s_ici_40.0.wav,/Users/nfot413/dolphin_project/official_click_features/segments/click_train_01255_start_2556.412s_ici_40.0.wav
1256,1257,2557.016604,2557.136781,0.12017700000023979,2556.996604,2557.156781,0.1601770000002034,25.0,click_train_01256_start_2557.017s_ici_25.0.wav,/Users/nfot413/dolphin_project/official_click_features/segments/click_train_01256_start_2557.017s_ici_25.0.wav
1257,1258,2557.518047,2557.56524,0.04719299999987925,2557.498047,2557.58524,0.08719299999984287,5.0,click_train_01257_start_2557.518s_ici_5.0.wav,/Users/nfot413/dolphin_project/official_click_features/segments/click_train_01257_start_2557.518s_ici_5.0.wav
1258,1259,2557.56524,2557.785583,0.2203429999999571,2557.54524,2557.805583,0.2603429999999207,5.0,click_train_01258_start_2557.565s_ici_5.0.wav,/Users/nfot413/dolphin_project/official_click_features/segments/click_train_01258_start_2557.565s_ici_5.0.wav
1259,1260,2557.86662,2558.027359,0.1607390000003761,2557.84662,2558.047359,0.20073900000033973,20.0,click_train_01259_start_2557.867s_ici_20.0.wav,/Users/nfot413/dolphin_project/official_click_features/segments/click_train_01259_start_2557.867s_ici_20.0.wav
1260,1261,2558.08388,2558.471422,0.38754199999993943,2558.06388,2558.491422,0.42754199999990306,70.0,click_train_01260_start_2558.084s_ici_70.0.wav,/Users/nfot413/dolphin_project/official_click_features/segments/click_train_01260_start_2558.084s_ici_70.0.wav
1261,1262,2558.742328,2559.088135,0.34580700000014986,2558.722328,2559.108135,0.3858070000001135,60.0,click_train_01261_start_2558.742s_ici_60.0.wav,/Users/nfot413/dolphin_project/official_click_features/segments/click_train_01261_start_2558.742s_ici_60.0.wav
1262,1263,2559.088135,2559.376234,0.28809899999987465,2559.068135,2559.396234,0.32809899999983827,35.0,click_train_01262_start_2559.088s_ici_35.0.wav,/Users/nfot413/dolphin_project/official_click_features/segments/click_train_01262_start_2559.088s_ici_35.0.wav
1263,1264,2559.376234,2559.679714,0.30348000000003594,2559.356234,2559.699714,0.34347999999999956,65.0,click_train_01263_start_2559.376s_ici_65.0.wav,/Users/nfot413/dolphin_project/official_click_features/segments/click_train_01263_start_2559.376s_ici_65.0.wav
1264,1265,2559.808021,2559.928245,0.12022400000023481,2559.788021,2559.948245,0.16022400000019843,25.0,click_train_01264_start_2559.808s_ici_25.0.wav,/Users/nfot413/dolphin_project/official_click_features/segments/click_train_01264_start_2559.808s_ici_25.0.wav
1265,1266,2559.971115,2560.210943,0.23982800000021598,2559.951115,2560.230943,0.2798280000001796,35.0,click_train_01265_start_2559.971s_ici_35.0.wav,/Users/nfot413/dolphin_project/official_click_features/segments/click_train_01265_start_2559.971s_ici_35.0.wav
1266,1267,2560.446833,2560.839271,0.3924379999998564,2560.426833,2560.859271,0.43243799999982,45.0,click_train_01266_start_2560.447s_ici_45.0.wav,/Users/nfot413/dolphin_project/official_click_features/segments/click_train_01266_start_2560.447s_ici_45.0.wav
1267,1268,2561.239771,2561.391036,0.15126499999996668,2561.219771,2561.411036,0.1912649999999303,35.0,click_train_01267_start_2561.240s_ici_35.0.wav,/Users/nfot413/dolphin_project/official_click_features/segments/click_train_01267_start_2561.240s_ici_35.0.wav
1268,1269,2561.654781,2561.909167,0.254385999999613,2561.634781,2561.929167,0.2943859999995766,35.0,click_train_01268_start_2561.655s_ici_35.0.wav,/Users/nfot413/dolphin_project/official_click_features/segments/click_train_01268_start_2561.655s_ici_35.0.wav
1269,1270,2561.924984,2562.440911,0.5159269999999196,2561.9049840000002,2562.460911,0.5559269999998833,40.0,click_train_01269_start_2561.925s_ici_40.0.wav,/Users/nfot413/dolphin_project/official_click_features/segments/click_train_01269_start_2561.925s_ici_40.0.wav
1270,1271,2562.770417,2563.237448,0.4670309999996789,2562.750417,2563.257448,0.5070309999996425,10.0,click_train_01270_start_2562.770s_ici_10.0.wav,/Users/nfot413/dolphin_project/official_click_features/segments/click_train_01270_start_2562.770s_ici_10.0.wav
1271,1272,2563.492937,2564.207286,0.7143489999998565,2563.472937,2564.227286,0.7543489999998201,40.0,click_train_01271_start_2563.493s_ici_40.0.wav,/Users/nfot413/dolphin_project/official_click_features/segments/click_train_01271_start_2563.493s_ici_40.0.wav
1272,1273,2564.23751,2564.507438,0.2699280000001636,2564.21751,2564.527438,0.3099280000001272,20.0,click_train_01272_start_2564.238s_ici_20.0.wav,/Users/nfot413/dolphin_project/official_click_features/segments/click_train_01272_start_2564.238s_ici_20.0.wav
1273,1274,2564.507438,2565.516833,1.0093950000000405,2564.487438,2565.536833,1.049395000000004,35.0,click_train_01273_start_2564.507s_ici_35.0.wav,/Users/nfot413/dolphin_project/official_click_features/segments/click_train_01273_start_2564.507s_ici_35.0.wav
1274,1275,2565.516833,2566.043703,0.5268699999996898,2565.496833,2566.063703,0.5668699999996534,5.0,click_train_01274_start_2565.517s_ici_5.0.wav,/Users/nfot413/dolphin_project/official_click_features/segments/click_train_01274_start_2565.517s_ici_5.0.wav
1275,1276,2566.05976,2566.356786,0.29702599999973245,2566.03976,2566.376786,0.33702599999969607,30.0,click_train_01275_start_2566.060s_ici_30.0.wav,/Users/nfot413/dolphin_project/official_click_features/segments/click_train_01275_start_2566.060s_ici_30.0.wav
1276,1277,2566.356786,2566.671177,0.3143910000003416,2566.336786,2566.691177,0.3543910000003052,65.0,click_train_01276_start_2566.357s_ici_65.0.wav,/Users/nfot413/dolphin_project/official_click_features/segments/click_train_01276_start_2566.357s_ici_65.0.wav
1277,1278,2566.671177,2566.791292,0.1201149999997142,2566.651177,2566.811292,0.16011499999967782,25.0,click_train_01277_start_2566.671s_ici_25.0.wav,/Users/nfot413/dolphin_project/official_click_features/segments/click_train_01277_start_2566.671s_ici_25.0.wav
1278,1279,2566.791292,2567.153099,0.36180700000022625,2566.771292,2567.173099,0.4018070000001899,55.0,click_train_01278_start_2566.791s_ici_55.0.wav,/Users/nfot413/dolphin_project/official_click_features/segments/click_train_01278_start_2566.791s_ici_55.0.wav
1279,1280,2567.24926,2567.554318,0.30505799999991723,2567.22926,2567.574318,0.34505799999988085,50.0,click_train_01279_start_2567.249s_ici_50.0.wav,/Users/nfot413/dolphin_project/official_click_features/segments/click_train_01279_start_2567.249s_ici_50.0.wav
1280,1281,2567.571964,2568.079745,0.5077809999997953,2567.551964,2568.099745,0.5477809999997589,55.0,click_train_01280_start_2567.572s_ici_55.0.wav,/Users/nfot413/dolphin_project/official_click_features/segments/click_train_01280_start_2567.572s_ici_55.0.wav
1281,1282,2569.118995,2569.550844,0.43184900000005655,2569.098995,2569.570844,0.47184900000002017,90.0,click_train_01281_start_2569.119s_ici_90.0.wav,/Users/nfot413/dolphin_project/official_click_features/segments/click_train_01281_start_2569.119s_ici_90.0.wav
1282,1283,2569.899271,2570.06301,0.16373899999962305,2569.8792710000002,2570.08301,0.20373899999958667,25.0,click_train_01282_start_2569.899s_ici_25.0.wav,/Users/nfot413/dolphin_project/official_click_features/segments/click_train_01282_start_2569.899s_ici_25.0.wav
1283,1284,2570.06301,2570.74612,0.6831099999999424,2570.04301,2570.76612,0.723109999999906,5.0,click_train_01283_start_2570.063s_ici_5.0.wav,/Users/nfot413/dolphin_project/official_click_features/segments/click_train_01283_start_2570.063s_ici_5.0.wav
1284,1285,2571.762281,2571.806979,0.044698000000153115,2571.742281,2571.826979,0.08469800000011674,5.0,click_train_01284_start_2571.762s_ici_5.0.wav,/Users/nfot413/dolphin_project/official_click_features/segments/click_train_01284_start_2571.762s_ici_5.0.wav
1285,1286,2571.885646,2572.236875,0.35122899999987567,2571.865646,2572.256875,0.3912289999998393,5.0,click_train_01285_start_2571.886s_ici_5.0.wav,/Users/nfot413/dolphin_project/official_click_features/segments/click_train_01285_start_2571.886s_ici_5.0.wav
1286,1287,2572.236875,2574.209458,1.9725829999997586,2572.216875,2574.229458,2.0125829999997222,10.0,click_train_01286_start_2572.237s_ici_10.0.wav,/Users/nfot413/dolphin_project/official_click_features/segments/click_train_01286_start_2572.237s_ici_10.0.wav
1287,1288,2574.609984,2575.750359,1.140374999999949,2574.589984,2575.770359,1.1803749999999127,5.0,click_train_01287_start_2574.610s_ici_5.0.wav,/Users/nfot413/dolphin_project/official_click_features/segments/click_train_01287_start_2574.610s_ici_5.0.wav
1288,1289,2575.750359,2576.192693,0.44233399999984613,2575.730359,2576.212693,0.48233399999980975,75.0,click_train_01288_start_2575.750s_ici_75.0.wav,/Users/nfot413/dolphin_project/official_click_features/segments/click_train_01288_start_2575.750s_ici_75.0.wav
1289,1290,2576.192693,2576.381766,0.1890730000000076,2576.172693,2576.401766,0.22907299999997122,35.0,click_train_01289_start_2576.193s_ici_35.0.wav,/Users/nfot413/dolphin_project/official_click_features/segments/click_train_01289_start_2576.193s_ici_35.0.wav
1290,1291,2576.381766,2578.833531,2.4517650000002504,2576.361766,2578.853531,2.491765000000214,5.0,click_train_01290_start_2576.382s_ici_5.0.wav,/Users/nfot413/dolphin_project/official_click_features/segments/click_train_01290_start_2576.382s_ici_5.0.wav
1291,1292,2578.833531,2578.998896,0.1653649999998379,2578.8135310000002,2579.018896,0.2053649999998015,25.0,click_train_01291_start_2578.834s_ici_25.0.wav,/Users/nfot413/dolphin_project/official_click_features/segments/click_train_01291_start_2578.834s_ici_25.0.wav
1292,1293,2579.185854,2579.75487,0.5690160000003743,2579.165854,2579.77487,0.609016000000338,10.0,click_train_01292_start_2579.186s_ici_10.0.wav,/Users/nfot413/dolphin_project/official_click_features/segments/click_train_01292_start_2579.186s_ici_10.0.wav
1293,1294,2580.224724,2580.369734,0.1450099999997292,2580.204724,2580.389734,0.1850099999996928,10.0,click_train_01293_start_2580.225s_ici_10.0.wav,/Users/nfot413/dolphin_project/official_click_features/segments/click_train_01293_start_2580.225s_ici_10.0.wav
1294,1295,2580.369734,2580.523901,0.15416700000014316,2580.349734,2580.543901,0.19416700000010678,25.0,click_train_01294_start_2580.370s_ici_25.0.wav,/Users/nfot413/dolphin_project/official_click_features/segments/click_train_01294_start_2580.370s_ici_25.0.wav
1295,1296,2580.523901,2580.699281,0.17538000000013199,2580.503901,2580.719281,0.2153800000000956,10.0,click_train_01295_start_2580.524s_ici_10.0.wav,/Users/nfot413/dolphin_project/official_click_features/segments/click_train_01295_start_2580.524s_ici_10.0.wav
1296,1297,2580.699281,2580.960125,0.2608439999999064,2580.679281,2580.980125,0.30084399999987,15.0,click_train_01296_start_2580.699s_ici_15.0.wav,/Users/nfot413/dolphin_project/official_click_features/segments/click_train_01296_start_2580.699s_ici_15.0.wav
1297,1298,2580.960125,2581.119281,0.15915599999971164,2580.940125,2581.1392809999998,0.19915599999967526,25.0,click_train_01297_start_2580.960s_ici_25.0.wav,/Users/nfot413/dolphin_project/official_click_features/segments/click_train_01297_start_2580.960s_ici_25.0.wav
1298,1299,2581.119281,2581.247677,0.12839600000006612,2581.099281,2581.267677,0.16839600000002974,10.0,click_train_01298_start_2581.119s_ici_10.0.wav,/Users/nfot413/dolphin_project/official_click_features/segments/click_train_01298_start_2581.119s_ici_10.0.wav
1299,1300,2581.260479,2581.545057,0.28457799999978306,2581.240479,2581.565057,0.3245779999997467,35.0,click_train_01299_start_2581.260s_ici_35.0.wav,/Users/nfot413/dolphin_project/official_click_features/segments/click_train_01299_start_2581.260s_ici_35.0.wav
1300,1301,2581.870469,2582.644771,0.7743020000002616,2581.850469,2582.664771,0.8143020000002252,10.0,click_train_01300_start_2581.870s_ici_10.0.wav,/Users/nfot413/dolphin_project/official_click_features/segments/click_train_01300_start_2581.870s_ici_10.0.wav
1301,1302,2582.644771,2582.81537,0.1705989999995836,2582.6247710000002,2582.83537,0.21059899999954723,20.0,click_train_01301_start_2582.645s_ici_20.0.wav,/Users/nfot413/dolphin_project/official_click_features/segments/click_train_01301_start_2582.645s_ici_20.0.wav
1302,1303,2583.459005,2585.523979,2.064973999999893,2583.439005,2585.543979,2.1049739999998565,5.0,click_train_01302_start_2583.459s_ici_5.0.wav,/Users/nfot413/dolphin_project/official_click_features/segments/click_train_01302_start_2583.459s_ici_5.0.wav
1303,1304,2585.523979,2586.035193,0.5112140000001091,2585.503979,2586.055193,0.5512140000000727,40.0,click_train_01303_start_2585.524s_ici_40.0.wav,/Users/nfot413/dolphin_project/official_click_features/segments/click_train_01303_start_2585.524s_ici_40.0.wav
1304,1305,2586.50888,2586.552078,0.04319800000030227,2586.48888,2586.572078,0.08319800000026589,10.0,click_train_01304_start_2586.509s_ici_10.0.wav,/Users/nfot413/dolphin_project/official_click_features/segments/click_train_01304_start_2586.509s_ici_10.0.wav
1305,1306,2587.521641,2588.345062,0.823421000000053,2587.501641,2588.365062,0.8634210000000166,5.0,click_train_01305_start_2587.522s_ici_5.0.wav,/Users/nfot413/dolphin_project/official_click_features/segments/click_train_01305_start_2587.522s_ici_5.0.wav
1306,1307,2588.766661,2589.036245,0.26958399999966787,2588.746661,2589.0562449999998,0.3095839999996315,15.0,click_train_01306_start_2588.767s_ici_15.0.wav,/Users/nfot413/dolphin_project/official_click_features/segments/click_train_01306_start_2588.767s_ici_15.0.wav
1307,1308,2589.877198,2590.503453,0.6262549999996736,2589.857198,2590.523453,0.6662549999996372,80.0,click_train_01307_start_2589.877s_ici_80.0.wav,/Users/nfot413/dolphin_project/official_click_features/segments/click_train_01307_start_2589.877s_ici_80.0.wav
1308,1309,2591.104443,2591.900359,0.7959160000000338,2591.084443,2591.920359,0.8359159999999974,5.0,click_train_01308_start_2591.104s_ici_5.0.wav,/Users/nfot413/dolphin_project/official_click_features/segments/click_train_01308_start_2591.104s_ici_5.0.wav
1309,1310,2591.903474,2592.29126,0.38778599999977814,2591.883474,2592.31126,0.42778599999974176,40.0,click_train_01309_start_2591.903s_ici_40.0.wav,/Users/nfot413/dolphin_project/official_click_features/segments/click_train_01309_start_2591.903s_ici_40.0.wav
1310,1311,2592.326661,2593.116151,0.7894900000001144,2592.306661,2593.136151,0.829490000000078,5.0,click_train_01310_start_2592.327s_ici_5.0.wav,/Users/nfot413/dolphin_project/official_click_features/segments/click_train_01310_start_2592.327s_ici_5.0.wav
1311,1312,2593.96551,2594.025505,0.05999500000007174,2593.94551,2594.045505,0.09999500000003536,10.0,click_train_01311_start_2593.966s_ici_10.0.wav,/Users/nfot413/dolphin_project/official_click_features/segments/click_train_01311_start_2593.966s_ici_10.0.wav
1312,1313,2594.025505,2594.174266,0.1487609999999222,2594.005505,2594.194266,0.18876099999988583,30.0,click_train_01312_start_2594.026s_ici_30.0.wav,/Users/nfot413/dolphin_project/official_click_features/segments/click_train_01312_start_2594.026s_ici_30.0.wav
1313,1314,2594.372672,2594.546901,0.1742290000001958,2594.352672,2594.566901,0.21422900000015943,40.0,click_train_01313_start_2594.373s_ici_40.0.wav,/Users/nfot413/dolphin_project/official_click_features/segments/click_train_01313_start_2594.373s_ici_40.0.wav
1314,1315,2595.434453,2595.46626,0.03180700000029901,2595.414453,2595.48626,0.07180700000026263,5.0,click_train_01314_start_2595.434s_ici_5.0.wav,/Users/nfot413/dolphin_project/official_click_features/segments/click_train_01314_start_2595.434s_ici_5.0.wav
1315,1316,2595.506948,2595.527609,0.020661000000018248,2595.486948,2595.547609,0.06066099999998187,5.0,click_train_01315_start_2595.507s_ici_5.0.wav,/Users/nfot413/dolphin_project/official_click_features/segments/click_train_01315_start_2595.507s_ici_5.0.wav
1316,1317,2595.645146,2596.830469,1.1853230000001531,2595.625146,2596.850469,1.2253230000001167,10.0,click_train_01316_start_2595.645s_ici_10.0.wav,/Users/nfot413/dolphin_project/official_click_features/segments/click_train_01316_start_2595.645s_ici_10.0.wav
1317,1318,2596.886849,2597.460344,0.5734950000000936,2596.866849,2597.480344,0.6134950000000572,75.0,click_train_01317_start_2596.887s_ici_75.0.wav,/Users/nfot413/dolphin_project/official_click_features/segments/click_train_01317_start_2596.887s_ici_75.0.wav
1318,1319,2597.460344,2597.921906,0.46156199999995806,2597.440344,2597.941906,0.5015619999999217,45.0,click_train_01318_start_2597.460s_ici_45.0.wav,/Users/nfot413/dolphin_project/official_click_features/segments/click_train_01318_start_2597.460s_ici_45.0.wav
1319,1320,2598.095339,2598.325068,0.22972900000013396,2598.075339,2598.345068,0.2697290000000976,40.0,click_train_01319_start_2598.095s_ici_40.0.wav,/Users/nfot413/dolphin_project/official_click_features/segments/click_train_01319_start_2598.095s_ici_40.0.wav
1320,1321,2598.736703,2598.846333,0.10962999999992462,2598.716703,2598.866333,0.14962999999988824,20.0,click_train_01320_start_2598.737s_ici_20.0.wav,/Users/nfot413/dolphin_project/official_click_features/segments/click_train_01320_start_2598.737s_ici_20.0.wav
1321,1322,2598.979661,2599.176828,0.19716700000026322,2598.959661,2599.196828,0.23716700000022684,40.0,click_train_01321_start_2598.980s_ici_40.0.wav,/Users/nfot413/dolphin_project/official_click_features/segments/click_train_01321_start_2598.980s_ici_40.0.wav
1322,1323,2599.176828,2599.266323,0.08949499999971522,2599.156828,2599.286323,0.12949499999967884,20.0,click_train_01322_start_2599.177s_ici_20.0.wav,/Users/nfot413/dolphin_project/official_click_features/segments/click_train_01322_start_2599.177s_ici_20.0.wav
1323,1324,2599.266323,2599.58975,0.32342700000026525,2599.246323,2599.60975,0.3634270000002289,75.0,click_train_01323_start_2599.266s_ici_75.0.wav,/Users/nfot413/dolphin_project/official_click_features/segments/click_train_01323_start_2599.266s_ici_75.0.wav
1324,1325,2599.58975,2600.191026,0.6012759999998707,2599.56975,2600.211026,0.6412759999998343,75.0,click_train_01324_start_2599.590s_ici_75.0.wav,/Users/nfot413/dolphin_project/official_click_features/segments/click_train_01324_start_2599.590s_ici_75.0.wav
1325,1326,2600.212604,2600.709375,0.4967710000000807,2600.192604,2600.729375,0.5367710000000443,65.0,click_train_01325_start_2600.213s_ici_65.0.wav,/Users/nfot413/dolphin_project/official_click_features/segments/click_train_01325_start_2600.213s_ici_65.0.wav
1326,1327,2600.990896,2601.213625,0.22272900000007212,2600.970896,2601.233625,0.26272900000003574,5.0,click_train_01326_start_2600.991s_ici_5.0.wav,/Users/nfot413/dolphin_project/official_click_features/segments/click_train_01326_start_2600.991s_ici_5.0.wav
1327,1328,2601.931833,2602.276552,0.34471899999971356,2601.911833,2602.296552,0.3847189999996772,70.0,click_train_01327_start_2601.932s_ici_70.0.wav,/Users/nfot413/dolphin_project/official_click_features/segments/click_train_01327_start_2601.932s_ici_70.0.wav
1328,1329,2603.390547,2603.763927,0.3733799999999974,2603.370547,2603.783927,0.413379999999961,50.0,click_train_01328_start_2603.391s_ici_50.0.wav,/Users/nfot413/dolphin_project/official_click_features/segments/click_train_01328_start_2603.391s_ici_50.0.wav
1329,1330,2603.890047,2604.308083,0.41803600000002916,2603.870047,2604.328083,0.4580359999999928,35.0,click_train_01329_start_2603.890s_ici_35.0.wav,/Users/nfot413/dolphin_project/official_click_features/segments/click_train_01329_start_2603.890s_ici_35.0.wav
1330,1331,2604.308083,2605.638427,1.3303439999999682,2604.288083,2605.658427,1.3703439999999318,5.0,click_train_01330_start_2604.308s_ici_5.0.wav,/Users/nfot413/dolphin_project/official_click_features/segments/click_train_01330_start_2604.308s_ici_5.0.wav
1331,1332,2605.638427,2605.750786,0.11235900000019683,2605.618427,2605.770786,0.15235900000016045,15.0,click_train_01331_start_2605.638s_ici_15.0.wav,/Users/nfot413/dolphin_project/official_click_features/segments/click_train_01331_start_2605.638s_ici_15.0.wav
1332,1333,2605.750786,2605.990604,0.23981800000001385,2605.730786,2606.010604,0.2798179999999775,45.0,click_train_01332_start_2605.751s_ici_45.0.wav,/Users/nfot413/dolphin_project/official_click_features/segments/click_train_01332_start_2605.751s_ici_45.0.wav
1333,1334,2606.109901,2606.236073,0.12617200000022422,2606.089901,2606.256073,0.16617200000018784,10.0,click_train_01333_start_2606.110s_ici_10.0.wav,/Users/nfot413/dolphin_project/official_click_features/segments/click_train_01333_start_2606.110s_ici_10.0.wav
1334,1335,2606.32012,2606.52312,0.20299999999997453,2606.30012,2606.54312,0.24299999999993815,15.0,click_train_01334_start_2606.320s_ici_15.0.wav,/Users/nfot413/dolphin_project/official_click_features/segments/click_train_01334_start_2606.320s_ici_15.0.wav
1335,1336,2606.562927,2606.626141,0.06321400000024369,2606.542927,2606.646141,0.1032140000002073,10.0,click_train_01335_start_2606.563s_ici_10.0.wav,/Users/nfot413/dolphin_project/official_click_features/segments/click_train_01335_start_2606.563s_ici_10.0.wav
1336,1337,2606.905708,2607.193531,0.28782300000011674,2606.885708,2607.213531,0.32782300000008036,45.0,click_train_01336_start_2606.906s_ici_45.0.wav,/Users/nfot413/dolphin_project/official_click_features/segments/click_train_01336_start_2606.906s_ici_45.0.wav
1337,1338,2607.241609,2607.331073,0.0894639999996798,2607.221609,2607.351073,0.12946399999964342,10.0,click_train_01337_start_2607.242s_ici_10.0.wav,/Users/nfot413/dolphin_project/official_click_features/segments/click_train_01337_start_2607.242s_ici_10.0.wav
1338,1339,2607.331073,2607.461026,0.12995300000011412,2607.311073,2607.481026,0.16995300000007774,25.0,click_train_01338_start_2607.331s_ici_25.0.wav,/Users/nfot413/dolphin_project/official_click_features/segments/click_train_01338_start_2607.331s_ici_25.0.wav
1339,1340,2607.574865,2607.628792,0.05392699999993056,2607.554865,2607.648792,0.09392699999989418,10.0,click_train_01339_start_2607.575s_ici_10.0.wav,/Users/nfot413/dolphin_project/official_click_features/segments/click_train_01339_start_2607.575s_ici_10.0.wav
1340,1341,2607.6865,2607.7655,0.07900000000017826,2607.6665,2607.7855,0.11900000000014188,10.0,click_train_01340_start_2607.686s_ici_10.0.wav,/Users/nfot413/dolphin_project/official_click_features/segments/click_train_01340_start_2607.686s_ici_10.0.wav
1341,1342,2607.786417,2607.861865,0.07544800000005125,2607.766417,2607.881865,0.11544800000001487,10.0,click_train_01341_start_2607.786s_ici_10.0.wav,/Users/nfot413/dolphin_project/official_click_features/segments/click_train_01341_start_2607.786s_ici_10.0.wav
1342,1343,2607.947292,2608.046766,0.0994740000001002,2607.927292,2608.066766,0.13947400000006382,10.0,click_train_01342_start_2607.947s_ici_10.0.wav,/Users/nfot413/dolphin_project/official_click_features/segments/click_train_01342_start_2607.947s_ici_10.0.wav
1343,1344,2608.046766,2608.860542,0.8137759999999616,2608.026766,2608.880542,0.8537759999999253,35.0,click_train_01343_start_2608.047s_ici_35.0.wav,/Users/nfot413/dolphin_project/official_click_features/segments/click_train_01343_start_2608.047s_ici_35.0.wav
1344,1345,2608.860542,2609.16212,0.3015780000000632,2608.840542,2609.18212,0.3415780000000268,15.0,click_train_01344_start_2608.861s_ici_15.0.wav,/Users/nfot413/dolphin_project/official_click_features/segments/click_train_01344_start_2608.861s_ici_15.0.wav
1345,1346,2609.16212,2609.596344,0.43422400000008565,2609.14212,2609.616344,0.4742240000000493,35.0,click_train_01345_start_2609.162s_ici_35.0.wav,/Users/nfot413/dolphin_project/official_click_features/segments/click_train_01345_start_2609.162s_ici_35.0.wav
1346,1347,2609.7265,2609.771776,0.045275999999830674,2609.7065000000002,2609.791776,0.0852759999997943,10.0,click_train_01346_start_2609.727s_ici_10.0.wav,/Users/nfot413/dolphin_project/official_click_features/segments/click_train_01346_start_2609.727s_ici_10.0.wav
1347,1348,2609.771776,2609.999099,0.22732300000006944,2609.751776,2610.019099,0.26732300000003306,45.0,click_train_01347_start_2609.772s_ici_45.0.wav,/Users/nfot413/dolphin_project/official_click_features/segments/click_train_01347_start_2609.772s_ici_45.0.wav
1348,1349,2610.366766,2610.417234,0.05046799999990981,2610.346766,2610.437234,0.09046799999987343,10.0,click_train_01348_start_2610.367s_ici_10.0.wav,/Users/nfot413/dolphin_project/official_click_features/segments/click_train_01348_start_2610.367s_ici_10.0.wav
1349,1350,2610.516646,2610.596208,0.07956199999989622,2610.496646,2610.616208,0.11956199999985984,10.0,click_train_01349_start_2610.517s_ici_10.0.wav,/Users/nfot413/dolphin_project/official_click_features/segments/click_train_01349_start_2610.517s_ici_10.0.wav
1350,1351,2610.691714,2610.791266,0.09955200000013065,2610.671714,2610.811266,0.13955200000009427,10.0,click_train_01350_start_2610.692s_ici_10.0.wav,/Users/nfot413/dolphin_project/official_click_features/segments/click_train_01350_start_2610.692s_ici_10.0.wav
1351,1352,2610.849187,2610.882354,0.033167000000048574,2610.829187,2610.902354,0.0731670000000122,5.0,click_train_01351_start_2610.849s_ici_5.0.wav,/Users/nfot413/dolphin_project/official_click_features/segments/click_train_01351_start_2610.849s_ici_5.0.wav
1352,1353,2610.909063,2624.088875,13.179811999999856,2610.889063,2624.108875,13.21981199999982,5.0,click_train_01352_start_2610.909s_ici_5.0.wav,/Users/nfot413/dolphin_project/official_click_features/segments/click_train_01352_start_2610.909s_ici_5.0.wav
1353,1354,2624.503979,2627.148089,2.6441099999997277,2624.483979,2627.168089,2.6841099999996914,5.0,click_train_01353_start_2624.504s_ici_5.0.wav,/Users/nfot413/dolphin_project/official_click_features/segments/click_train_01353_start_2624.504s_ici_5.0.wav
1354,1355,2627.148089,2627.276125,0.12803600000006554,2627.128089,2627.296125,0.16803600000002916,30.0,click_train_01354_start_2627.148s_ici_30.0.wav,/Users/nfot413/dolphin_project/official_click_features/segments/click_train_01354_start_2627.148s_ici_30.0.wav
1355,1356,2627.372255,2627.603344,0.23108899999988353,2627.3522550000002,2627.623344,0.27108899999984715,35.0,click_train_01355_start_2627.372s_ici_35.0.wav,/Users/nfot413/dolphin_project/official_click_features/segments/click_train_01355_start_2627.372s_ici_35.0.wav
1356,1357,2627.603344,2627.64151,0.03816599999981918,2627.583344,2627.66151,0.0781659999997828,5.0,click_train_01356_start_2627.603s_ici_5.0.wav,/Users/nfot413/dolphin_project/official_click_features/segments/click_train_01356_start_2627.603s_ici_5.0.wav
1357,1358,2627.64151,2627.88688,0.24537000000009357,2627.62151,2627.90688,0.2853700000000572,30.0,click_train_01357_start_2627.642s_ici_30.0.wav,/Users/nfot413/dolphin_project/official_click_features/segments/click_train_01357_start_2627.642s_ici_30.0.wav
1358,1359,2628.011083,2634.278505,6.2674220000003515,2627.991083,2634.298505,6.307422000000315,5.0,click_train_01358_start_2628.011s_ici_5.0.wav,/Users/nfot413/dolphin_project/official_click_features/segments/click_train_01358_start_2628.011s_ici_5.0.wav
1359,1360,2640.000068,2643.466714,3.46664600000031,2639.980068,2643.486714,3.5066460000002735,5.0,click_train_01359_start_2640.000s_ici_5.0.wav,/Users/nfot413/dolphin_project/official_click_features/segments/click_train_01359_start_2640.000s_ici_5.0.wav
1360,1361,2643.466714,2643.796042,0.3293279999998049,2643.446714,2643.816042,0.3693279999997685,10.0,click_train_01360_start_2643.467s_ici_10.0.wav,/Users/nfot413/dolphin_project/official_click_features/segments/click_train_01360_start_2643.467s_ici_10.0.wav
1361,1362,2643.890385,2644.099875,0.2094899999997324,2643.870385,2644.119875,0.249489999999696,30.0,click_train_01361_start_2643.890s_ici_30.0.wav,/Users/nfot413/dolphin_project/official_click_features/segments/click_train_01361_start_2643.890s_ici_30.0.wav
1362,1363,2644.359063,2651.947896,7.58883300000025,2644.339063,2651.967896,7.628833000000213,5.0,click_train_01362_start_2644.359s_ici_5.0.wav,/Users/nfot413/dolphin_project/official_click_features/segments/click_train_01362_start_2644.359s_ici_5.0.wav
1363,1364,2652.003438,2652.488214,0.4847759999997834,2651.983438,2652.508214,0.524775999999747,85.0,click_train_01363_start_2652.003s_ici_85.0.wav,/Users/nfot413/dolphin_project/official_click_features/segments/click_train_01363_start_2652.003s_ici_85.0.wav
1364,1365,2652.57475,2652.600141,0.025390999999672204,2652.5547500000002,2652.620141,0.06539099999963582,5.0,click_train_01364_start_2652.575s_ici_5.0.wav,/Users/nfot413/dolphin_project/official_click_features/segments/click_train_01364_start_2652.575s_ici_5.0.wav
1365,1366,2652.640797,2652.668682,0.027884999999969295,2652.620797,2652.688682,0.06788499999993292,5.0,click_train_01365_start_2652.641s_ici_5.0.wav,/Users/nfot413/dolphin_project/official_click_features/segments/click_train_01365_start_2652.641s_ici_5.0.wav
1366,1367,2652.699411,2652.731063,0.031652000000121916,2652.679411,2652.751063,0.07165200000008554,5.0,click_train_01366_start_2652.699s_ici_5.0.wav,/Users/nfot413/dolphin_project/official_click_features/segments/click_train_01366_start_2652.699s_ici_5.0.wav
1367,1368,2652.764641,2652.795896,0.03125499999987369,2652.7446410000002,2652.815896,0.07125499999983731,5.0,click_train_01367_start_2652.765s_ici_5.0.wav,/Users/nfot413/dolphin_project/official_click_features/segments/click_train_01367_start_2652.765s_ici_5.0.wav
1368,1369,2653.099365,2658.583484,5.484119000000192,2653.079365,2658.603484,5.524119000000155,5.0,click_train_01368_start_2653.099s_ici_5.0.wav,/Users/nfot413/dolphin_project/official_click_features/segments/click_train_01368_start_2653.099s_ici_5.0.wav
1369,1370,2659.009333,2660.394151,1.3848179999999957,2658.989333,2660.414151,1.4248179999999593,5.0,click_train_01369_start_2659.009s_ici_5.0.wav,/Users/nfot413/dolphin_project/official_click_features/segments/click_train_01369_start_2659.009s_ici_5.0.wav
1370,1371,2660.472453,2662.07726,1.6048070000001644,2660.452453,2662.09726,1.644807000000128,5.0,click_train_01370_start_2660.472s_ici_5.0.wav,/Users/nfot413/dolphin_project/official_click_features/segments/click_train_01370_start_2660.472s_ici_5.0.wav
1371,1372,2662.192854,2662.255552,0.06269800000018222,2662.172854,2662.275552,0.10269800000014584,5.0,click_train_01371_start_2662.193s_ici_5.0.wav,/Users/nfot413/dolphin_project/official_click_features/segments/click_train_01371_start_2662.193s_ici_5.0.wav
1372,1373,2662.255552,2662.679974,0.4244220000000496,2662.235552,2662.699974,0.4644220000000132,45.0,click_train_01372_start_2662.256s_ici_45.0.wav,/Users/nfot413/dolphin_project/official_click_features/segments/click_train_01372_start_2662.256s_ici_45.0.wav
1373,1374,2662.679974,2666.518542,3.8385679999996682,2662.659974,2666.538542,3.878567999999632,5.0,click_train_01373_start_2662.680s_ici_5.0.wav,/Users/nfot413/dolphin_project/official_click_features/segments/click_train_01373_start_2662.680s_ici_5.0.wav
1374,1375,2666.518542,2666.593104,0.07456200000024182,2666.498542,2666.613104,0.11456200000020544,5.0,click_train_01374_start_2666.519s_ici_5.0.wav,/Users/nfot413/dolphin_project/official_click_features/segments/click_train_01374_start_2666.519s_ici_5.0.wav
1375,1376,2666.829062,2666.925542,0.096480000000156,2666.809062,2666.945542,0.13648000000011962,10.0,click_train_01375_start_2666.829s_ici_10.0.wav,/Users/nfot413/dolphin_project/official_click_features/segments/click_train_01375_start_2666.829s_ici_10.0.wav
1376,1377,2667.094531,2668.963531,1.8689999999996871,2667.074531,2668.983531,1.9089999999996508,5.0,click_train_01376_start_2667.095s_ici_5.0.wav,/Users/nfot413/dolphin_project/official_click_features/segments/click_train_01376_start_2667.095s_ici_5.0.wav
1377,1378,2669.416083,2669.669167,0.25308399999994435,2669.396083,2669.689167,0.293083999999908,50.0,click_train_01377_start_2669.416s_ici_50.0.wav,/Users/nfot413/dolphin_project/official_click_features/segments/click_train_01377_start_2669.416s_ici_50.0.wav
1378,1379,2669.669167,2670.530698,0.8615310000000136,2669.649167,2670.550698,0.9015309999999772,10.0,click_train_01378_start_2669.669s_ici_10.0.wav,/Users/nfot413/dolphin_project/official_click_features/segments/click_train_01378_start_2669.669s_ici_10.0.wav
1379,1380,2670.587604,2670.835146,0.24754200000006676,2670.567604,2670.855146,0.2875420000000304,40.0,click_train_01379_start_2670.588s_ici_40.0.wav,/Users/nfot413/dolphin_project/official_click_features/segments/click_train_01379_start_2670.588s_ici_40.0.wav
1380,1381,2670.835146,2670.985932,0.15078600000015285,2670.815146,2671.005932,0.19078600000011647,10.0,click_train_01380_start_2670.835s_ici_10.0.wav,/Users/nfot413/dolphin_project/official_click_features/segments/click_train_01380_start_2670.835s_ici_10.0.wav
1381,1382,2671.085615,2671.808724,0.7231090000000222,2671.065615,2671.828724,0.7631089999999858,5.0,click_train_01381_start_2671.086s_ici_5.0.wav,/Users/nfot413/dolphin_project/official_click_features/segments/click_train_01381_start_2671.086s_ici_5.0.wav
1382,1383,2671.808724,2672.387745,0.5790210000000116,2671.788724,2672.407745,0.6190209999999752,5.0,click_train_01382_start_2671.809s_ici_5.0.wav,/Users/nfot413/dolphin_project/official_click_features/segments/click_train_01382_start_2671.809s_ici_5.0.wav
1383,1384,2672.387745,2672.44499,0.05724499999996624,2672.367745,2672.46499,0.09724499999992986,10.0,click_train_01383_start_2672.388s_ici_10.0.wav,/Users/nfot413/dolphin_project/official_click_features/segments/click_train_01383_start_2672.388s_ici_10.0.wav
1384,1385,2672.54749,2672.577505,0.030015000000275904,2672.52749,2672.597505,0.07001500000023952,5.0,click_train_01384_start_2672.547s_ici_5.0.wav,/Users/nfot413/dolphin_project/official_click_features/segments/click_train_01384_start_2672.547s_ici_5.0.wav
1385,1386,2672.818969,2676.881396,4.062427000000298,2672.798969,2676.901396,4.102427000000262,5.0,click_train_01385_start_2672.819s_ici_5.0.wav,/Users/nfot413/dolphin_project/official_click_features/segments/click_train_01385_start_2672.819s_ici_5.0.wav
1386,1387,2676.881396,2677.758417,0.877020999999786,2676.8613960000002,2677.778417,0.9170209999997496,5.0,click_train_01386_start_2676.881s_ici_5.0.wav,/Users/nfot413/dolphin_project/official_click_features/segments/click_train_01386_start_2676.881s_ici_5.0.wav
1387,1388,2677.758417,2677.919729,0.16131200000017998,2677.738417,2677.939729,0.2013120000001436,10.0,click_train_01387_start_2677.758s_ici_10.0.wav,/Users/nfot413/dolphin_project/official_click_features/segments/click_train_01387_start_2677.758s_ici_10.0.wav
1388,1389,2677.923339,2681.968016,4.044676999999865,2677.903339,2681.988016,4.084676999999829,5.0,click_train_01388_start_2677.923s_ici_5.0.wav,/Users/nfot413/dolphin_project/official_click_features/segments/click_train_01388_start_2677.923s_ici_5.0.wav
1389,1390,2681.999099,2682.052677,0.05357800000001589,2681.979099,2682.072677,0.09357799999997951,5.0,click_train_01389_start_2681.999s_ici_5.0.wav,/Users/nfot413/dolphin_project/official_click_features/segments/click_train_01389_start_2681.999s_ici_5.0.wav
1390,1391,2682.149823,2682.180255,0.03043200000001889,2682.129823,2682.200255,0.07043199999998251,5.0,click_train_01390_start_2682.150s_ici_5.0.wav,/Users/nfot413/dolphin_project/official_click_features/segments/click_train_01390_start_2682.150s_ici_5.0.wav
1391,1392,2682.242693,2682.276104,0.03341099999988728,2682.222693,2682.296104,0.0734109999998509,5.0,click_train_01391_start_2682.243s_ici_5.0.wav,/Users/nfot413/dolphin_project/official_click_features/segments/click_train_01391_start_2682.243s_ici_5.0.wav
1392,1393,2682.276104,2682.35951,0.08340599999974074,2682.256104,2682.3795099999998,0.12340599999970436,5.0,click_train_01392_start_2682.276s_ici_5.0.wav,/Users/nfot413/dolphin_project/official_click_features/segments/click_train_01392_start_2682.276s_ici_5.0.wav
1393,1394,2682.378859,2682.425812,0.04695300000003044,2682.358859,2682.445812,0.08695299999999406,5.0,click_train_01393_start_2682.379s_ici_5.0.wav,/Users/nfot413/dolphin_project/official_click_features/segments/click_train_01393_start_2682.379s_ici_5.0.wav
1394,1395,2682.425812,2682.47538,0.04956799999990835,2682.405812,2682.49538,0.08956799999987197,5.0,click_train_01394_start_2682.426s_ici_5.0.wav,/Users/nfot413/dolphin_project/official_click_features/segments/click_train_01394_start_2682.426s_ici_5.0.wav
1395,1396,2682.516693,2682.557859,0.04116599999997561,2682.496693,2682.577859,0.08116599999993923,5.0,click_train_01395_start_2682.517s_ici_5.0.wav,/Users/nfot413/dolphin_project/official_click_features/segments/click_train_01395_start_2682.517s_ici_5.0.wav
1396,1397,2682.557859,2682.612635,0.05477599999994709,2682.537859,2682.632635,0.09477599999991071,5.0,click_train_01396_start_2682.558s_ici_5.0.wav,/Users/nfot413/dolphin_project/official_click_features/segments/click_train_01396_start_2682.558s_ici_5.0.wav
1397,1398,2682.612635,2684.630797,2.0181619999998475,2682.592635,2684.650797,2.058161999999811,5.0,click_train_01397_start_2682.613s_ici_5.0.wav,/Users/nfot413/dolphin_project/official_click_features/segments/click_train_01397_start_2682.613s_ici_5.0.wav
1398,1399,2684.840359,2685.403656,0.5632970000001478,2684.820359,2685.423656,0.6032970000001114,60.0,click_train_01398_start_2684.840s_ici_60.0.wav,/Users/nfot413/dolphin_project/official_click_features/segments/click_train_01398_start_2684.840s_ici_60.0.wav
1399,1400,2685.72651,2685.898073,0.17156299999987823,2685.70651,2685.918073,0.21156299999984185,30.0,click_train_01399_start_2685.727s_ici_30.0.wav,/Users/nfot413/dolphin_project/official_click_features/segments/click_train_01399_start_2685.727s_ici_30.0.wav
1400,1401,2685.898073,2686.278792,0.3807190000002265,2685.878073,2686.298792,0.42071900000019014,15.0,click_train_01400_start_2685.898s_ici_15.0.wav,/Users/nfot413/dolphin_project/official_click_features/segments/click_train_01400_start_2685.898s_ici_15.0.wav
1401,1402,2686.278792,2694.930042,8.65124999999989,2686.258792,2694.950042,8.691249999999854,5.0,click_train_01401_start_2686.279s_ici_5.0.wav,/Users/nfot413/dolphin_project/official_click_features/segments/click_train_01401_start_2686.279s_ici_5.0.wav
1402,1403,2695.043641,2695.309349,0.26570799999990413,2695.023641,2695.329349,0.30570799999986775,10.0,click_train_01402_start_2695.044s_ici_10.0.wav,/Users/nfot413/dolphin_project/official_click_features/segments/click_train_01402_start_2695.044s_ici_10.0.wav
1403,1404,2695.366214,2696.479458,1.1132439999996677,2695.346214,2696.499458,1.1532439999996313,5.0,click_train_01403_start_2695.366s_ici_5.0.wav,/Users/nfot413/dolphin_project/official_click_features/segments/click_train_01403_start_2695.366s_ici_5.0.wav
1404,1405,2696.479458,2696.595635,0.11617700000033437,2696.459458,2696.615635,0.156177000000298,25.0,click_train_01404_start_2696.479s_ici_25.0.wav,/Users/nfot413/dolphin_project/official_click_features/segments/click_train_01404_start_2696.479s_ici_25.0.wav
1405,1406,2696.689641,2696.972313,0.28267200000027515,2696.669641,2696.992313,0.32267200000023877,55.0,click_train_01405_start_2696.690s_ici_55.0.wav,/Users/nfot413/dolphin_project/official_click_features/segments/click_train_01405_start_2696.690s_ici_55.0.wav
1406,1407,2697.104453,2697.203979,0.09952599999996892,2697.084453,2697.223979,0.13952599999993254,10.0,click_train_01406_start_2697.104s_ici_10.0.wav,/Users/nfot413/dolphin_project/official_click_features/segments/click_train_01406_start_2697.104s_ici_10.0.wav
1407,1408,2697.323125,2699.698224,2.3750990000003185,2697.303125,2699.718224,2.415099000000282,5.0,click_train_01407_start_2697.323s_ici_5.0.wav,/Users/nfot413/dolphin_project/official_click_features/segments/click_train_01407_start_2697.323s_ici_5.0.wav
1408,1409,2699.698224,2700.0,0.30177599999979066,2699.6782240000002,2700.02,0.3417759999997543,30.0,click_train_01408_start_2699.698s_ici_30.0.wav,/Users/nfot413/dolphin_project/official_click_features/segments/click_train_01408_start_2699.698s_ici_30.0.wav
1409,1410,2700.000552,2700.364839,0.36428699999987657,2699.980552,2700.384839,0.4042869999998402,5.0,click_train_01409_start_2700.001s_ici_5.0.wav,/Users/nfot413/dolphin_project/official_click_features/segments/click_train_01409_start_2700.001s_ici_5.0.wav
1410,1411,2700.364839,2706.555385,6.190546000000268,2700.344839,2706.575385,6.230546000000231,5.0,click_train_01410_start_2700.365s_ici_5.0.wav,/Users/nfot413/dolphin_project/official_click_features/segments/click_train_01410_start_2700.365s_ici_5.0.wav
1411,1412,2706.555385,2706.758938,0.2035529999998289,2706.535385,2706.778938,0.24355299999979252,40.0,click_train_01411_start_2706.555s_ici_40.0.wav,/Users/nfot413/dolphin_project/official_click_features/segments/click_train_01411_start_2706.555s_ici_40.0.wav
1412,1413,2706.888187,2706.976156,0.0879690000001574,2706.868187,2706.996156,0.127969000000121,10.0,click_train_01412_start_2706.888s_ici_10.0.wav,/Users/nfot413/dolphin_project/official_click_features/segments/click_train_01412_start_2706.888s_ici_10.0.wav
1413,1414,2707.038724,2707.532495,0.49377099999992424,2707.018724,2707.552495,0.5337709999998879,30.0,click_train_01413_start_2707.039s_ici_30.0.wav,/Users/nfot413/dolphin_project/official_click_features/segments/click_train_01413_start_2707.039s_ici_30.0.wav
1414,1415,2707.532495,2709.143089,1.6105940000002192,2707.512495,2709.163089,1.6505940000001829,5.0,click_train_01414_start_2707.532s_ici_5.0.wav,/Users/nfot413/dolphin_project/official_click_features/segments/click_train_01414_start_2707.532s_ici_5.0.wav
1415,1416,2709.160885,2709.192161,0.03127600000016173,2709.140885,2709.212161,0.07127600000012535,5.0,click_train_01415_start_2709.161s_ici_5.0.wav,/Users/nfot413/dolphin_project/official_click_features/segments/click_train_01415_start_2709.161s_ici_5.0.wav
1416,1417,2709.192161,2709.62912,0.43695900000011534,2709.172161,2709.64912,0.47695900000007896,35.0,click_train_01416_start_2709.192s_ici_35.0.wav,/Users/nfot413/dolphin_project/official_click_features/segments/click_train_01416_start_2709.192s_ici_35.0.wav
1417,1418,2709.777911,2712.70651,2.928598999999849,2709.757911,2712.72651,2.968598999999813,5.0,click_train_01417_start_2709.778s_ici_5.0.wav,/Users/nfot413/dolphin_project/official_click_features/segments/click_train_01417_start_2709.778s_ici_5.0.wav
1418,1419,2713.203219,2713.38574,0.1825210000001789,2713.183219,2713.40574,0.22252100000014252,15.0,click_train_01418_start_2713.203s_ici_15.0.wav,/Users/nfot413/dolphin_project/official_click_features/segments/click_train_01418_start_2713.203s_ici_15.0.wav
1419,1420,2713.606531,2713.917818,0.311286999999993,2713.586531,2713.937818,0.3512869999999566,45.0,click_train_01419_start_2713.607s_ici_45.0.wav,/Users/nfot413/dolphin_project/official_click_features/segments/click_train_01419_start_2713.607s_ici_45.0.wav
1420,1421,2713.917818,2714.121339,0.2035209999999097,2713.897818,2714.141339,0.2435209999998733,35.0,click_train_01420_start_2713.918s_ici_35.0.wav,/Users/nfot413/dolphin_project/official_click_features/segments/click_train_01420_start_2713.918s_ici_35.0.wav
1421,1422,2714.281115,2716.324443,2.0433279999997467,2714.2611150000002,2716.344443,2.0833279999997103,5.0,click_train_01421_start_2714.281s_ici_5.0.wav,/Users/nfot413/dolphin_project/official_click_features/segments/click_train_01421_start_2714.281s_ici_5.0.wav
1422,1423,2716.324443,2716.498115,0.1736719999998968,2716.304443,2716.518115,0.21367199999986042,10.0,click_train_01422_start_2716.324s_ici_10.0.wav,/Users/nfot413/dolphin_project/official_click_features/segments/click_train_01422_start_2716.324s_ici_10.0.wav
1423,1424,2716.60675,2716.77162,0.16487000000006446,2716.58675,2716.79162,0.20487000000002809,10.0,click_train_01423_start_2716.607s_ici_10.0.wav,/Users/nfot413/dolphin_project/official_click_features/segments/click_train_01423_start_2716.607s_ici_10.0.wav
1424,1425,2716.795448,2716.826495,0.03104699999994409,2716.775448,2716.846495,0.07104699999990771,5.0,click_train_01424_start_2716.795s_ici_5.0.wav,/Users/nfot413/dolphin_project/official_click_features/segments/click_train_01424_start_2716.795s_ici_5.0.wav
1425,1426,2716.866135,2716.898089,0.03195399999958681,2716.8461350000002,2716.918089,0.07195399999955043,5.0,click_train_01425_start_2716.866s_ici_5.0.wav,/Users/nfot413/dolphin_project/official_click_features/segments/click_train_01425_start_2716.866s_ici_5.0.wav
1426,1427,2716.898089,2716.956714,0.05862500000012005,2716.878089,2716.976714,0.09862500000008367,10.0,click_train_01426_start_2716.898s_ici_10.0.wav,/Users/nfot413/dolphin_project/official_click_features/segments/click_train_01426_start_2716.898s_ici_10.0.wav
1427,1428,2717.185859,2717.236937,0.05107799999996132,2717.165859,2717.256937,0.09107799999992494,10.0,click_train_01427_start_2717.186s_ici_10.0.wav,/Users/nfot413/dolphin_project/official_click_features/segments/click_train_01427_start_2717.186s_ici_10.0.wav
1428,1429,2717.265255,2717.305766,0.0405110000001514,2717.245255,2717.325766,0.08051100000011502,5.0,click_train_01428_start_2717.265s_ici_5.0.wav,/Users/nfot413/dolphin_project/official_click_features/segments/click_train_01428_start_2717.265s_ici_5.0.wav
1429,1430,2717.305766,2717.352875,0.04710900000009133,2717.285766,2717.372875,0.08710900000005495,10.0,click_train_01429_start_2717.306s_ici_10.0.wav,/Users/nfot413/dolphin_project/official_click_features/segments/click_train_01429_start_2717.306s_ici_10.0.wav
1430,1431,2717.530964,2717.577203,0.046238999999786756,2717.510964,2717.597203,0.08623899999975038,5.0,click_train_01430_start_2717.531s_ici_5.0.wav,/Users/nfot413/dolphin_project/official_click_features/segments/click_train_01430_start_2717.531s_ici_5.0.wav
1431,1432,2717.648057,2717.731771,0.08371400000032736,2717.628057,2717.751771,0.12371400000029098,5.0,click_train_01431_start_2717.648s_ici_5.0.wav,/Users/nfot413/dolphin_project/official_click_features/segments/click_train_01431_start_2717.648s_ici_5.0.wav
1432,1433,2717.731771,2717.818411,0.0866399999999885,2717.711771,2717.838411,0.12663999999995212,10.0,click_train_01432_start_2717.732s_ici_10.0.wav,/Users/nfot413/dolphin_project/official_click_features/segments/click_train_01432_start_2717.732s_ici_10.0.wav
1433,1434,2717.842354,2717.921635,0.07928100000026461,2717.822354,2717.941635,0.11928100000022823,10.0,click_train_01433_start_2717.842s_ici_10.0.wav,/Users/nfot413/dolphin_project/official_click_features/segments/click_train_01433_start_2717.842s_ici_10.0.wav
1434,1435,2718.01075,2722.036599,4.0258490000001075,2717.99075,2722.056599,4.065849000000071,5.0,click_train_01434_start_2718.011s_ici_5.0.wav,/Users/nfot413/dolphin_project/official_click_features/segments/click_train_01434_start_2718.011s_ici_5.0.wav
1435,1436,2722.036599,2722.672042,0.635443000000123,2722.016599,2722.692042,0.6754430000000866,40.0,click_train_01435_start_2722.037s_ici_40.0.wav,/Users/nfot413/dolphin_project/official_click_features/segments/click_train_01435_start_2722.037s_ici_40.0.wav
1436,1437,2722.672042,2723.830286,1.1582439999997405,2722.652042,2723.850286,1.198243999999704,5.0,click_train_01436_start_2722.672s_ici_5.0.wav,/Users/nfot413/dolphin_project/official_click_features/segments/click_train_01436_start_2722.672s_ici_5.0.wav
1437,1438,2723.999516,2724.069281,0.06976500000018859,2723.979516,2724.089281,0.10976500000015221,5.0,click_train_01437_start_2724.000s_ici_5.0.wav,/Users/nfot413/dolphin_project/official_click_features/segments/click_train_01437_start_2724.000s_ici_5.0.wav
1438,1439,2724.069281,2724.19288,0.12359900000001289,2724.049281,2724.21288,0.1635989999999765,25.0,click_train_01438_start_2724.069s_ici_25.0.wav,/Users/nfot413/dolphin_project/official_click_features/segments/click_train_01438_start_2724.069s_ici_25.0.wav
1439,1440,2724.19288,2724.349906,0.15702599999985978,2724.17288,2724.369906,0.1970259999998234,5.0,click_train_01439_start_2724.193s_ici_5.0.wav,/Users/nfot413/dolphin_project/official_click_features/segments/click_train_01439_start_2724.193s_ici_5.0.wav
1440,1441,2724.368375,2724.630875,0.2624999999998181,2724.348375,2724.650875,0.3024999999997817,5.0,click_train_01440_start_2724.368s_ici_5.0.wav,/Users/nfot413/dolphin_project/official_click_features/segments/click_train_01440_start_2724.368s_ici_5.0.wav
1441,1442,2724.686875,2724.750755,0.06388000000015381,2724.666875,2724.770755,0.10388000000011743,10.0,click_train_01441_start_2724.687s_ici_10.0.wav,/Users/nfot413/dolphin_project/official_click_features/segments/click_train_01441_start_2724.687s_ici_10.0.wav
1442,1443,2724.750755,2724.841333,0.09057799999982308,2724.730755,2724.861333,0.1305779999997867,10.0,click_train_01442_start_2724.751s_ici_10.0.wav,/Users/nfot413/dolphin_project/official_click_features/segments/click_train_01442_start_2724.751s_ici_10.0.wav
1443,1444,2724.900344,2724.93974,0.039395999999669584,2724.880344,2724.95974,0.0793959999996332,5.0,click_train_01443_start_2724.900s_ici_5.0.wav,/Users/nfot413/dolphin_project/official_click_features/segments/click_train_01443_start_2724.900s_ici_5.0.wav
1444,1445,2725.039708,2725.256516,0.21680800000012823,2725.019708,2725.276516,0.25680800000009185,5.0,click_train_01444_start_2725.040s_ici_5.0.wav,/Users/nfot413/dolphin_project/official_click_features/segments/click_train_01444_start_2725.040s_ici_5.0.wav
1445,1446,2725.344234,2725.474302,0.13006799999993746,2725.324234,2725.494302,0.17006799999990108,10.0,click_train_01445_start_2725.344s_ici_10.0.wav,/Users/nfot413/dolphin_project/official_click_features/segments/click_train_01445_start_2725.344s_ici_10.0.wav
1446,1447,2725.474302,2725.647078,0.17277599999988524,2725.454302,2725.667078,0.21277599999984886,30.0,click_train_01446_start_2725.474s_ici_30.0.wav,/Users/nfot413/dolphin_project/official_click_features/segments/click_train_01446_start_2725.474s_ici_30.0.wav
1447,1448,2725.647078,2725.739115,0.09203699999989112,2725.627078,2725.759115,0.13203699999985474,15.0,click_train_01447_start_2725.647s_ici_15.0.wav,/Users/nfot413/dolphin_project/official_click_features/segments/click_train_01447_start_2725.647s_ici_15.0.wav
1448,1449,2725.768031,2726.0515,0.2834689999999682,2725.748031,2726.0715,0.32346899999993184,40.0,click_train_01448_start_2725.768s_ici_40.0.wav,/Users/nfot413/dolphin_project/official_click_features/segments/click_train_01448_start_2725.768s_ici_40.0.wav
1449,1450,2726.0515,2726.107109,0.055609000000004016,2726.0315,2726.127109,0.09560899999996764,5.0,click_train_01449_start_2726.052s_ici_5.0.wav,/Users/nfot413/dolphin_project/official_click_features/segments/click_train_01449_start_2726.052s_ici_5.0.wav
1450,1451,2726.210839,2726.322437,0.11159799999995812,2726.190839,2726.342437,0.15159799999992174,25.0,click_train_01450_start_2726.211s_ici_25.0.wav,/Users/nfot413/dolphin_project/official_click_features/segments/click_train_01450_start_2726.211s_ici_25.0.wav
1451,1452,2726.51101,2726.678745,0.1677349999999933,2726.49101,2726.698745,0.20773499999995693,25.0,click_train_01451_start_2726.511s_ici_25.0.wav,/Users/nfot413/dolphin_project/official_click_features/segments/click_train_01451_start_2726.511s_ici_25.0.wav
1452,1453,2727.095125,2731.957812,4.862687000000278,2727.075125,2731.977812,4.902687000000242,5.0,click_train_01452_start_2727.095s_ici_5.0.wav,/Users/nfot413/dolphin_project/official_click_features/segments/click_train_01452_start_2727.095s_ici_5.0.wav
1453,1454,2731.970562,2732.266557,0.29599499999994805,2731.950562,2732.286557,0.33599499999991167,20.0,click_train_01453_start_2731.971s_ici_20.0.wav,/Users/nfot413/dolphin_project/official_click_features/segments/click_train_01453_start_2731.971s_ici_20.0.wav
1454,1455,2732.266557,2732.621224,0.3546670000000631,2732.246557,2732.641224,0.39466700000002675,55.0,click_train_01454_start_2732.267s_ici_55.0.wav,/Users/nfot413/dolphin_project/official_click_features/segments/click_train_01454_start_2732.267s_ici_55.0.wav
1455,1456,2732.682844,2732.763354,0.08051000000023123,2732.662844,2732.783354,0.12051000000019485,10.0,click_train_01455_start_2732.683s_ici_10.0.wav,/Users/nfot413/dolphin_project/official_click_features/segments/click_train_01455_start_2732.683s_ici_10.0.wav
1456,1457,2733.057734,2733.099854,0.0421200000000681,2733.037734,2733.119854,0.08212000000003172,5.0,click_train_01456_start_2733.058s_ici_5.0.wav,/Users/nfot413/dolphin_project/official_click_features/segments/click_train_01456_start_2733.058s_ici_5.0.wav
1457,1458,2733.355938,2733.463203,0.1072649999996429,2733.335938,2733.483203,0.14726499999960652,25.0,click_train_01457_start_2733.356s_ici_25.0.wav,/Users/nfot413/dolphin_project/official_click_features/segments/click_train_01457_start_2733.356s_ici_25.0.wav
1458,1459,2734.264688,2734.299766,0.03507799999988492,2734.244688,2734.319766,0.07507799999984854,5.0,click_train_01458_start_2734.265s_ici_5.0.wav,/Users/nfot413/dolphin_project/official_click_features/segments/click_train_01458_start_2734.265s_ici_5.0.wav
1459,1460,2734.330286,2734.377448,0.047162000000298576,2734.310286,2734.397448,0.0871620000002622,10.0,click_train_01459_start_2734.330s_ici_10.0.wav,/Users/nfot413/dolphin_project/official_click_features/segments/click_train_01459_start_2734.330s_ici_10.0.wav
1460,1461,2734.377448,2734.528635,0.15118699999993623,2734.357448,2734.548635,0.19118699999989985,30.0,click_train_01460_start_2734.377s_ici_30.0.wav,/Users/nfot413/dolphin_project/official_click_features/segments/click_train_01460_start_2734.377s_ici_30.0.wav
1461,1462,2734.767885,2734.89137,0.1234849999996186,2734.747885,2734.91137,0.16348499999958221,15.0,click_train_01461_start_2734.768s_ici_15.0.wav,/Users/nfot413/dolphin_project/official_click_features/segments/click_train_01461_start_2734.768s_ici_15.0.wav
1462,1463,2735.354536,2735.595474,0.24093800000036936,2735.334536,2735.615474,0.280938000000333,50.0,click_train_01462_start_2735.355s_ici_50.0.wav,/Users/nfot413/dolphin_project/official_click_features/segments/click_train_01462_start_2735.355s_ici_50.0.wav
1463,1464,2736.146161,2736.227615,0.08145399999966685,2736.126161,2736.2476149999998,0.12145399999963047,15.0,click_train_01463_start_2736.146s_ici_15.0.wav,/Users/nfot413/dolphin_project/official_click_features/segments/click_train_01463_start_2736.146s_ici_15.0.wav
1464,1465,2736.660609,2737.094813,0.43420400000013615,2736.640609,2737.114813,0.47420400000009977,50.0,click_train_01464_start_2736.661s_ici_50.0.wav,/Users/nfot413/dolphin_project/official_click_features/segments/click_train_01464_start_2736.661s_ici_50.0.wav
1465,1466,2737.362885,2737.486349,0.1234639999997853,2737.342885,2737.506349,0.16346399999974892,20.0,click_train_01465_start_2737.363s_ici_20.0.wav,/Users/nfot413/dolphin_project/official_click_features/segments/click_train_01465_start_2737.363s_ici_20.0.wav
1466,1467,2737.618542,2737.819573,0.20103100000005725,2737.598542,2737.839573,0.24103100000002087,10.0,click_train_01466_start_2737.619s_ici_10.0.wav,/Users/nfot413/dolphin_project/official_click_features/segments/click_train_01466_start_2737.619s_ici_10.0.wav
1467,1468,2737.819573,2737.940932,0.12135899999975663,2737.7995730000002,2737.960932,0.16135899999972025,30.0,click_train_01467_start_2737.820s_ici_30.0.wav,/Users/nfot413/dolphin_project/official_click_features/segments/click_train_01467_start_2737.820s_ici_30.0.wav
1468,1469,2738.175536,2738.675464,0.49992799999972704,2738.155536,2738.695464,0.5399279999996907,30.0,click_train_01468_start_2738.176s_ici_30.0.wav,/Users/nfot413/dolphin_project/official_click_features/segments/click_train_01468_start_2738.176s_ici_30.0.wav
1469,1470,2739.046995,2739.496318,0.44932299999982206,2739.026995,2739.516318,0.4893229999997857,30.0,click_train_01469_start_2739.047s_ici_30.0.wav,/Users/nfot413/dolphin_project/official_click_features/segments/click_train_01469_start_2739.047s_ici_30.0.wav
1470,1471,2739.566875,2739.962604,0.39572899999984656,2739.546875,2739.982604,0.4357289999998102,40.0,click_train_01470_start_2739.567s_ici_40.0.wav,/Users/nfot413/dolphin_project/official_click_features/segments/click_train_01470_start_2739.567s_ici_40.0.wav
1471,1472,2741.052792,2741.189385,0.13659300000017538,2741.032792,2741.209385,0.176593000000139,15.0,click_train_01471_start_2741.053s_ici_15.0.wav,/Users/nfot413/dolphin_project/official_click_features/segments/click_train_01471_start_2741.053s_ici_15.0.wav
1472,1473,2741.189385,2742.079729,0.8903439999999136,2741.169385,2742.099729,0.9303439999998773,40.0,click_train_01472_start_2741.189s_ici_40.0.wav,/Users/nfot413/dolphin_project/official_click_features/segments/click_train_01472_start_2741.189s_ici_40.0.wav
1473,1474,2742.079729,2742.185354,0.10562500000014552,2742.059729,2742.205354,0.14562500000010914,10.0,click_train_01473_start_2742.080s_ici_10.0.wav,/Users/nfot413/dolphin_project/official_click_features/segments/click_train_01473_start_2742.080s_ici_10.0.wav
1474,1475,2742.537167,2742.809552,0.27238500000021304,2742.517167,2742.829552,0.31238500000017666,10.0,click_train_01474_start_2742.537s_ici_10.0.wav,/Users/nfot413/dolphin_project/official_click_features/segments/click_train_01474_start_2742.537s_ici_10.0.wav
1475,1476,2742.883115,2742.960792,0.07767699999976685,2742.863115,2742.980792,0.11767699999973047,10.0,click_train_01475_start_2742.883s_ici_10.0.wav,/Users/nfot413/dolphin_project/official_click_features/segments/click_train_01475_start_2742.883s_ici_10.0.wav
1476,1477,2743.478125,2743.592745,0.11461999999983163,2743.458125,2743.612745,0.15461999999979525,15.0,click_train_01476_start_2743.478s_ici_15.0.wav,/Users/nfot413/dolphin_project/official_click_features/segments/click_train_01476_start_2743.478s_ici_15.0.wav
1477,1478,2743.592745,2743.825214,0.23246900000003734,2743.572745,2743.845214,0.27246900000000096,30.0,click_train_01477_start_2743.593s_ici_30.0.wav,/Users/nfot413/dolphin_project/official_click_features/segments/click_train_01477_start_2743.593s_ici_30.0.wav
1478,1479,2743.857312,2744.087094,0.22978199999988647,2743.837312,2744.107094,0.2697819999998501,30.0,click_train_01478_start_2743.857s_ici_30.0.wav,/Users/nfot413/dolphin_project/official_click_features/segments/click_train_01478_start_2743.857s_ici_30.0.wav
1479,1480,2744.624911,2744.895417,0.2705060000002959,2744.604911,2744.915417,0.3105060000002595,30.0,click_train_01479_start_2744.625s_ici_30.0.wav,/Users/nfot413/dolphin_project/official_click_features/segments/click_train_01479_start_2744.625s_ici_30.0.wav
1480,1481,2744.895417,2745.505901,0.6104839999998148,2744.875417,2745.525901,0.6504839999997785,10.0,click_train_01480_start_2744.895s_ici_10.0.wav,/Users/nfot413/dolphin_project/official_click_features/segments/click_train_01480_start_2744.895s_ici_10.0.wav
1481,1482,2745.505901,2745.634062,0.128161000000091,2745.485901,2745.654062,0.16816100000005463,15.0,click_train_01481_start_2745.506s_ici_15.0.wav,/Users/nfot413/dolphin_project/official_click_features/segments/click_train_01481_start_2745.506s_ici_15.0.wav
1482,1483,2745.634062,2745.938786,0.3047240000000784,2745.614062,2745.958786,0.344724000000042,30.0,click_train_01482_start_2745.634s_ici_30.0.wav,/Users/nfot413/dolphin_project/official_click_features/segments/click_train_01482_start_2745.634s_ici_30.0.wav
1483,1484,2746.119911,2746.306839,0.18692800000007992,2746.099911,2746.326839,0.22692800000004354,35.0,click_train_01483_start_2746.120s_ici_35.0.wav,/Users/nfot413/dolphin_project/official_click_features/segments/click_train_01483_start_2746.120s_ici_35.0.wav
1484,1485,2746.424771,2746.885964,0.4611930000000939,2746.404771,2746.905964,0.5011930000000575,5.0,click_train_01484_start_2746.425s_ici_5.0.wav,/Users/nfot413/dolphin_project/official_click_features/segments/click_train_01484_start_2746.425s_ici_5.0.wav
1485,1486,2747.673693,2747.824615,0.1509219999998095,2747.653693,2747.844615,0.1909219999997731,30.0,click_train_01485_start_2747.674s_ici_30.0.wav,/Users/nfot413/dolphin_project/official_click_features/segments/click_train_01485_start_2747.674s_ici_30.0.wav
1486,1487,2747.824615,2748.347583,0.522968000000219,2747.804615,2748.367583,0.5629680000001827,15.0,click_train_01486_start_2747.825s_ici_15.0.wav,/Users/nfot413/dolphin_project/official_click_features/segments/click_train_01486_start_2747.825s_ici_15.0.wav
1487,1488,2748.347583,2748.614219,0.2666359999998349,2748.3275830000002,2748.634219,0.3066359999997985,30.0,click_train_01487_start_2748.348s_ici_30.0.wav,/Users/nfot413/dolphin_project/official_click_features/segments/click_train_01487_start_2748.348s_ici_30.0.wav
1488,1489,2748.614219,2748.753219,0.1390000000001237,2748.594219,2748.773219,0.1790000000000873,10.0,click_train_01488_start_2748.614s_ici_10.0.wav,/Users/nfot413/dolphin_project/official_click_features/segments/click_train_01488_start_2748.614s_ici_10.0.wav
1489,1490,2748.798547,2749.348422,0.5498750000001564,2748.778547,2749.368422,0.58987500000012,25.0,click_train_01489_start_2748.799s_ici_25.0.wav,/Users/nfot413/dolphin_project/official_click_features/segments/click_train_01489_start_2748.799s_ici_25.0.wav
1490,1491,2749.503036,2749.806844,0.3038080000001173,2749.483036,2749.826844,0.34380800000008094,25.0,click_train_01490_start_2749.503s_ici_25.0.wav,/Users/nfot413/dolphin_project/official_click_features/segments/click_train_01490_start_2749.503s_ici_25.0.wav
1491,1492,2749.827552,2750.221318,0.39376599999968676,2749.807552,2750.241318,0.4337659999996504,30.0,click_train_01491_start_2749.828s_ici_30.0.wav,/Users/nfot413/dolphin_project/official_click_features/segments/click_train_01491_start_2749.828s_ici_30.0.wav
1492,1493,2750.255318,2750.788729,0.5334109999998873,2750.235318,2750.808729,0.5734109999998509,80.0,click_train_01492_start_2750.255s_ici_80.0.wav,/Users/nfot413/dolphin_project/official_click_features/segments/click_train_01492_start_2750.255s_ici_80.0.wav
1493,1494,2751.52551,2751.676214,0.1507040000001325,2751.50551,2751.696214,0.19070400000009613,25.0,click_train_01493_start_2751.526s_ici_25.0.wav,/Users/nfot413/dolphin_project/official_click_features/segments/click_train_01493_start_2751.526s_ici_25.0.wav
1494,1495,2751.704031,2752.176125,0.47209399999974266,2751.6840310000002,2752.196125,0.5120939999997063,10.0,click_train_01494_start_2751.704s_ici_10.0.wav,/Users/nfot413/dolphin_project/official_click_features/segments/click_train_01494_start_2751.704s_ici_10.0.wav
1495,1496,2752.176125,2752.41176,0.23563500000000204,2752.156125,2752.43176,0.27563499999996566,20.0,click_train_01495_start_2752.176s_ici_20.0.wav,/Users/nfot413/dolphin_project/official_click_features/segments/click_train_01495_start_2752.176s_ici_20.0.wav
1496,1497,2752.811453,2752.849068,0.03761500000018714,2752.791453,2752.869068,0.07761500000015076,5.0,click_train_01496_start_2752.811s_ici_5.0.wav,/Users/nfot413/dolphin_project/official_click_features/segments/click_train_01496_start_2752.811s_ici_5.0.wav
1497,1498,2753.318063,2753.380766,0.06270300000005591,2753.298063,2753.400766,0.10270300000001953,10.0,click_train_01497_start_2753.318s_ici_10.0.wav,/Users/nfot413/dolphin_project/official_click_features/segments/click_train_01497_start_2753.318s_ici_10.0.wav
1498,1499,2753.876943,2757.769417,3.8924739999997655,2753.8569430000002,2757.789417,3.932473999999729,5.0,click_train_01498_start_2753.877s_ici_5.0.wav,/Users/nfot413/dolphin_project/official_click_features/segments/click_train_01498_start_2753.877s_ici_5.0.wav
1499,1500,2757.769417,2758.087479,0.3180619999998271,2757.749417,2758.107479,0.3580619999997907,55.0,click_train_01499_start_2757.769s_ici_55.0.wav,/Users/nfot413/dolphin_project/official_click_features/segments/click_train_01499_start_2757.769s_ici_55.0.wav
1500,1501,2758.21049,2759.743167,1.5326770000001488,2758.19049,2759.763167,1.5726770000001125,5.0,click_train_01500_start_2758.210s_ici_5.0.wav,/Users/nfot413/dolphin_project/official_click_features/segments/click_train_01500_start_2758.210s_ici_5.0.wav
1501,1502,2760.058698,2760.380422,0.3217240000003585,2760.038698,2760.400422,0.3617240000003221,40.0,click_train_01501_start_2760.059s_ici_40.0.wav,/Users/nfot413/dolphin_project/official_click_features/segments/click_train_01501_start_2760.059s_ici_40.0.wav
1502,1503,2760.380422,2760.870521,0.49009899999964546,2760.360422,2760.890521,0.5300989999996091,10.0,click_train_01502_start_2760.380s_ici_10.0.wav,/Users/nfot413/dolphin_project/official_click_features/segments/click_train_01502_start_2760.380s_ici_10.0.wav
1503,1504,2760.903724,2761.244078,0.3403540000003886,2760.883724,2761.264078,0.38035400000035224,35.0,click_train_01503_start_2760.904s_ici_35.0.wav,/Users/nfot413/dolphin_project/official_click_features/segments/click_train_01503_start_2760.904s_ici_35.0.wav
1504,1505,2761.278437,2761.925599,0.6471620000002076,2761.258437,2761.945599,0.6871620000001712,35.0,click_train_01504_start_2761.278s_ici_35.0.wav,/Users/nfot413/dolphin_project/official_click_features/segments/click_train_01504_start_2761.278s_ici_35.0.wav
1505,1506,2762.572057,2762.614297,0.04224000000021988,2762.552057,2762.634297,0.0822400000001835,5.0,click_train_01505_start_2762.572s_ici_5.0.wav,/Users/nfot413/dolphin_project/official_click_features/segments/click_train_01505_start_2762.572s_ici_5.0.wav
1506,1507,2762.645474,2762.883089,0.23761500000000524,2762.625474,2762.903089,0.27761499999996886,40.0,click_train_01506_start_2762.645s_ici_40.0.wav,/Users/nfot413/dolphin_project/official_click_features/segments/click_train_01506_start_2762.645s_ici_40.0.wav
1507,1508,2762.883089,2762.943339,0.06024999999999636,2762.863089,2762.963339,0.10024999999995998,10.0,click_train_01507_start_2762.883s_ici_10.0.wav,/Users/nfot413/dolphin_project/official_click_features/segments/click_train_01507_start_2762.883s_ici_10.0.wav
1508,1509,2763.068656,2763.119615,0.05095900000014808,2763.048656,2763.139615,0.0909590000001117,10.0,click_train_01508_start_2763.069s_ici_10.0.wav,/Users/nfot413/dolphin_project/official_click_features/segments/click_train_01508_start_2763.069s_ici_10.0.wav
1509,1510,2763.119615,2763.933453,0.8138380000000325,2763.099615,2763.953453,0.8538379999999961,35.0,click_train_01509_start_2763.120s_ici_35.0.wav,/Users/nfot413/dolphin_project/official_click_features/segments/click_train_01509_start_2763.120s_ici_35.0.wav
1510,1511,2763.933453,2763.972016,0.038563000000067404,2763.913453,2763.992016,0.07856300000003102,5.0,click_train_01510_start_2763.933s_ici_5.0.wav,/Users/nfot413/dolphin_project/official_click_features/segments/click_train_01510_start_2763.933s_ici_5.0.wav
1511,1512,2763.972016,2764.294495,0.32247899999993024,2763.952016,2764.314495,0.36247899999989386,30.0,click_train_01511_start_2763.972s_ici_30.0.wav,/Users/nfot413/dolphin_project/official_click_features/segments/click_train_01511_start_2763.972s_ici_30.0.wav
1512,1513,2764.294495,2764.57201,0.2775149999997666,2764.274495,2764.59201,0.3175149999997302,10.0,click_train_01512_start_2764.294s_ici_10.0.wav,/Users/nfot413/dolphin_project/official_click_features/segments/click_train_01512_start_2764.294s_ici_10.0.wav
1513,1514,2764.57201,2764.729938,0.15792800000008356,2764.55201,2764.749938,0.19792800000004718,25.0,click_train_01513_start_2764.572s_ici_25.0.wav,/Users/nfot413/dolphin_project/official_click_features/segments/click_train_01513_start_2764.572s_ici_25.0.wav
1514,1515,2764.803599,2772.198302,7.394702999999936,2764.783599,2772.2183019999998,7.4347029999998995,5.0,click_train_01514_start_2764.804s_ici_5.0.wav,/Users/nfot413/dolphin_project/official_click_features/segments/click_train_01514_start_2764.804s_ici_5.0.wav
1515,1516,2772.248188,2776.219026,3.9708380000001853,2772.228188,2776.239026,4.010838000000149,5.0,click_train_01515_start_2772.248s_ici_5.0.wav,/Users/nfot413/dolphin_project/official_click_features/segments/click_train_01515_start_2772.248s_ici_5.0.wav
1516,1517,2776.219026,2776.521313,0.30228699999997843,2776.1990260000002,2776.541313,0.34228699999994205,55.0,click_train_01516_start_2776.219s_ici_55.0.wav,/Users/nfot413/dolphin_project/official_click_features/segments/click_train_01516_start_2776.219s_ici_55.0.wav
1517,1518,2776.760891,2777.201896,0.441005000000132,2776.740891,2777.221896,0.4810050000000956,50.0,click_train_01517_start_2776.761s_ici_50.0.wav,/Users/nfot413/dolphin_project/official_click_features/segments/click_train_01517_start_2776.761s_ici_50.0.wav
1518,1519,2777.201896,2778.917292,1.7153960000000552,2777.181896,2778.937292,1.7553960000000188,5.0,click_train_01518_start_2777.202s_ici_5.0.wav,/Users/nfot413/dolphin_project/official_click_features/segments/click_train_01518_start_2777.202s_ici_5.0.wav
1519,1520,2778.917292,2779.167828,0.25053600000001097,2778.897292,2779.187828,0.2905359999999746,30.0,click_train_01519_start_2778.917s_ici_30.0.wav,/Users/nfot413/dolphin_project/official_click_features/segments/click_train_01519_start_2778.917s_ici_30.0.wav
1520,1521,2779.167828,2779.442042,0.27421400000002905,2779.147828,2779.462042,0.31421399999999267,35.0,click_train_01520_start_2779.168s_ici_35.0.wav,/Users/nfot413/dolphin_project/official_click_features/segments/click_train_01520_start_2779.168s_ici_35.0.wav
1521,1522,2779.442042,2782.978302,3.5362599999998565,2779.422042,2782.998302,3.57625999999982,5.0,click_train_01521_start_2779.442s_ici_5.0.wav,/Users/nfot413/dolphin_project/official_click_features/segments/click_train_01521_start_2779.442s_ici_5.0.wav
1522,1523,2782.978302,2783.723536,0.7452339999999822,2782.958302,2783.743536,0.7852339999999458,75.0,click_train_01522_start_2782.978s_ici_75.0.wav,/Users/nfot413/dolphin_project/official_click_features/segments/click_train_01522_start_2782.978s_ici_75.0.wav
1523,1524,2783.830031,2788.918583,5.088552000000163,2783.810031,2788.938583,5.128552000000127,5.0,click_train_01523_start_2783.830s_ici_5.0.wav,/Users/nfot413/dolphin_project/official_click_features/segments/click_train_01523_start_2783.830s_ici_5.0.wav
1524,1525,2788.918583,2789.179745,0.2611619999997856,2788.898583,2789.199745,0.30116199999974924,15.0,click_train_01524_start_2788.919s_ici_15.0.wav,/Users/nfot413/dolphin_project/official_click_features/segments/click_train_01524_start_2788.919s_ici_15.0.wav
1525,1526,2789.31774,2790.431078,1.1133380000001125,2789.29774,2790.451078,1.1533380000000761,10.0,click_train_01525_start_2789.318s_ici_10.0.wav,/Users/nfot413/dolphin_project/official_click_features/segments/click_train_01525_start_2789.318s_ici_10.0.wav
1526,1527,2790.431078,2790.909354,0.4782759999998234,2790.411078,2790.929354,0.518275999999787,10.0,click_train_01526_start_2790.431s_ici_10.0.wav,/Users/nfot413/dolphin_project/official_click_features/segments/click_train_01526_start_2790.431s_ici_10.0.wav
1527,1528,2791.455828,2791.693922,0.23809399999981906,2791.435828,2791.713922,0.2780939999997827,5.0,click_train_01527_start_2791.456s_ici_5.0.wav,/Users/nfot413/dolphin_project/official_click_features/segments/click_train_01527_start_2791.456s_ici_5.0.wav
1528,1529,2791.784865,2791.837771,0.05290599999989354,2791.764865,2791.857771,0.09290599999985716,10.0,click_train_01528_start_2791.785s_ici_10.0.wav,/Users/nfot413/dolphin_project/official_click_features/segments/click_train_01528_start_2791.785s_ici_10.0.wav
1529,1530,2791.837771,2793.395401,1.5576300000002448,2791.817771,2793.415401,1.5976300000002084,10.0,click_train_01529_start_2791.838s_ici_10.0.wav,/Users/nfot413/dolphin_project/official_click_features/segments/click_train_01529_start_2791.838s_ici_10.0.wav
1530,1531,2793.411964,2793.809885,0.397921000000224,2793.391964,2793.829885,0.43792100000018763,40.0,click_train_01530_start_2793.412s_ici_40.0.wav,/Users/nfot413/dolphin_project/official_click_features/segments/click_train_01530_start_2793.412s_ici_40.0.wav
1531,1532,2793.840932,2794.016208,0.1752759999999398,2793.820932,2794.036208,0.21527599999990343,20.0,click_train_01531_start_2793.841s_ici_20.0.wav,/Users/nfot413/dolphin_project/official_click_features/segments/click_train_01531_start_2793.841s_ici_20.0.wav
1532,1533,2794.016208,2798.799682,4.783473999999842,2793.996208,2798.819682,4.8234739999998055,5.0,click_train_01532_start_2794.016s_ici_5.0.wav,/Users/nfot413/dolphin_project/official_click_features/segments/click_train_01532_start_2794.016s_ici_5.0.wav
1533,1534,2799.263865,2804.406495,5.142630000000281,2799.243865,2804.426495,5.182630000000245,10.0,click_train_01533_start_2799.264s_ici_10.0.wav,/Users/nfot413/dolphin_project/official_click_features/segments/click_train_01533_start_2799.264s_ici_10.0.wav
1534,1535,2804.786891,2805.809255,1.022363999999925,2804.766891,2805.829255,1.0623639999998886,5.0,click_train_01534_start_2804.787s_ici_5.0.wav,/Users/nfot413/dolphin_project/official_click_features/segments/click_train_01534_start_2804.787s_ici_5.0.wav
1535,1536,2805.942229,2806.481807,0.5395779999998922,2805.9222290000002,2806.501807,0.5795779999998558,70.0,click_train_01535_start_2805.942s_ici_70.0.wav,/Users/nfot413/dolphin_project/official_click_features/segments/click_train_01535_start_2805.942s_ici_70.0.wav
1536,1537,2806.602172,2806.818109,0.21593699999993987,2806.582172,2806.838109,0.2559369999999035,10.0,click_train_01536_start_2806.602s_ici_10.0.wav,/Users/nfot413/dolphin_project/official_click_features/segments/click_train_01536_start_2806.602s_ici_10.0.wav
1537,1538,2806.83963,2807.487604,0.6479739999999765,2806.81963,2807.507604,0.6879739999999401,30.0,click_train_01537_start_2806.840s_ici_30.0.wav,/Users/nfot413/dolphin_project/official_click_features/segments/click_train_01537_start_2806.840s_ici_30.0.wav
1538,1539,2807.487604,2809.613531,2.125927000000047,2807.467604,2809.633531,2.1659270000000106,5.0,click_train_01538_start_2807.488s_ici_5.0.wav,/Users/nfot413/dolphin_project/official_click_features/segments/click_train_01538_start_2807.488s_ici_5.0.wav
1539,1540,2809.613531,2809.80537,0.1918390000000727,2809.593531,2809.82537,0.23183900000003632,10.0,click_train_01539_start_2809.614s_ici_10.0.wav,/Users/nfot413/dolphin_project/official_click_features/segments/click_train_01539_start_2809.614s_ici_10.0.wav
1540,1541,2809.953349,2810.210469,0.2571200000002136,2809.933349,2810.230469,0.29712000000017724,30.0,click_train_01540_start_2809.953s_ici_30.0.wav,/Users/nfot413/dolphin_project/official_click_features/segments/click_train_01540_start_2809.953s_ici_30.0.wav
1541,1542,2810.210469,2810.737323,0.5268539999997301,2810.190469,2810.757323,0.5668539999996938,45.0,click_train_01541_start_2810.210s_ici_45.0.wav,/Users/nfot413/dolphin_project/official_click_features/segments/click_train_01541_start_2810.210s_ici_45.0.wav
1542,1543,2810.783906,2811.004937,0.22103100000003906,2810.763906,2811.024937,0.2610310000000027,45.0,click_train_01542_start_2810.784s_ici_45.0.wav,/Users/nfot413/dolphin_project/official_click_features/segments/click_train_01542_start_2810.784s_ici_45.0.wav
1543,1544,2811.004937,2811.16901,0.16407299999991665,2810.984937,2811.18901,0.20407299999988027,25.0,click_train_01543_start_2811.005s_ici_25.0.wav,/Users/nfot413/dolphin_project/official_click_features/segments/click_train_01543_start_2811.005s_ici_25.0.wav
1544,1545,2811.16901,2811.489562,0.3205520000001343,2811.14901,2811.509562,0.3605520000000979,55.0,click_train_01544_start_2811.169s_ici_55.0.wav,/Users/nfot413/dolphin_project/official_click_features/segments/click_train_01544_start_2811.169s_ici_55.0.wav
1545,1546,2811.610318,2812.02775,0.4174320000001899,2811.590318,2812.04775,0.4574320000001535,70.0,click_train_01545_start_2811.610s_ici_70.0.wav,/Users/nfot413/dolphin_project/official_click_features/segments/click_train_01545_start_2811.610s_ici_70.0.wav
1546,1547,2812.201495,2812.308109,0.10661400000026333,2812.181495,2812.328109,0.14661400000022695,5.0,click_train_01546_start_2812.201s_ici_5.0.wav,/Users/nfot413/dolphin_project/official_click_features/segments/click_train_01546_start_2812.201s_ici_5.0.wav
1547,1548,2812.626125,2812.990401,0.3642760000002454,2812.606125,2813.010401,0.404276000000209,50.0,click_train_01547_start_2812.626s_ici_50.0.wav,/Users/nfot413/dolphin_project/official_click_features/segments/click_train_01547_start_2812.626s_ici_50.0.wav
1548,1549,2813.012911,2813.404682,0.3917710000000625,2812.992911,2813.424682,0.4317710000000261,70.0,click_train_01548_start_2813.013s_ici_70.0.wav,/Users/nfot413/dolphin_project/official_click_features/segments/click_train_01548_start_2813.013s_ici_70.0.wav
1549,1550,2813.404682,2813.610792,0.20611000000008062,2813.384682,2813.630792,0.24611000000004424,15.0,click_train_01549_start_2813.405s_ici_15.0.wav,/Users/nfot413/dolphin_project/official_click_features/segments/click_train_01549_start_2813.405s_ici_15.0.wav
1550,1551,2813.715849,2813.991823,0.2759739999996782,2813.695849,2814.011823,0.3159739999996418,30.0,click_train_01550_start_2813.716s_ici_30.0.wav,/Users/nfot413/dolphin_project/official_click_features/segments/click_train_01550_start_2813.716s_ici_30.0.wav
1551,1552,2814.236823,2814.461823,0.22499999999990905,2814.216823,2814.481823,0.26499999999987267,40.0,click_train_01551_start_2814.237s_ici_40.0.wav,/Users/nfot413/dolphin_project/official_click_features/segments/click_train_01551_start_2814.237s_ici_40.0.wav
1552,1553,2814.483766,2814.772057,0.2882910000002994,2814.463766,2814.792057,0.328291000000263,45.0,click_train_01552_start_2814.484s_ici_45.0.wav,/Users/nfot413/dolphin_project/official_click_features/segments/click_train_01552_start_2814.484s_ici_45.0.wav
1553,1554,2814.982859,2815.370292,0.3874329999998736,2814.962859,2815.390292,0.4274329999998372,45.0,click_train_01553_start_2814.983s_ici_45.0.wav,/Users/nfot413/dolphin_project/official_click_features/segments/click_train_01553_start_2814.983s_ici_45.0.wav
1554,1555,2815.419318,2815.684339,0.26502099999970596,2815.399318,2815.704339,0.3050209999996696,45.0,click_train_01554_start_2815.419s_ici_45.0.wav,/Users/nfot413/dolphin_project/official_click_features/segments/click_train_01554_start_2815.419s_ici_45.0.wav
1555,1556,2815.911344,2816.49151,0.5801659999997355,2815.891344,2816.51151,0.6201659999996991,40.0,click_train_01555_start_2815.911s_ici_40.0.wav,/Users/nfot413/dolphin_project/official_click_features/segments/click_train_01555_start_2815.911s_ici_40.0.wav
1556,1557,2816.528766,2816.818318,0.2895520000001852,2816.508766,2816.838318,0.32955200000014884,40.0,click_train_01556_start_2816.529s_ici_40.0.wav,/Users/nfot413/dolphin_project/official_click_features/segments/click_train_01556_start_2816.529s_ici_40.0.wav
1557,1558,2816.818318,2817.096115,0.2777969999997367,2816.798318,2817.116115,0.31779699999970035,15.0,click_train_01557_start_2816.818s_ici_15.0.wav,/Users/nfot413/dolphin_project/official_click_features/segments/click_train_01557_start_2816.818s_ici_15.0.wav
1558,1559,2817.275005,2817.401453,0.12644799999998213,2817.255005,2817.421453,0.16644799999994575,15.0,click_train_01558_start_2817.275s_ici_15.0.wav,/Users/nfot413/dolphin_project/official_click_features/segments/click_train_01558_start_2817.275s_ici_15.0.wav
1559,1560,2817.401453,2818.125635,0.7241819999999279,2817.381453,2818.145635,0.7641819999998916,30.0,click_train_01559_start_2817.401s_ici_30.0.wav,/Users/nfot413/dolphin_project/official_click_features/segments/click_train_01559_start_2817.401s_ici_30.0.wav
1560,1561,2818.331115,2818.67874,0.34762499999987995,2818.311115,2818.69874,0.38762499999984357,30.0,click_train_01560_start_2818.331s_ici_30.0.wav,/Users/nfot413/dolphin_project/official_click_features/segments/click_train_01560_start_2818.331s_ici_30.0.wav
1561,1562,2818.67874,2819.111214,0.4324740000001839,2818.65874,2819.131214,0.4724740000001475,5.0,click_train_01561_start_2818.679s_ici_5.0.wav,/Users/nfot413/dolphin_project/official_click_features/segments/click_train_01561_start_2818.679s_ici_5.0.wav
1562,1563,2819.254708,2820.0,0.7452920000000631,2819.234708,2820.02,0.7852920000000267,25.0,click_train_01562_start_2819.255s_ici_25.0.wav,/Users/nfot413/dolphin_project/official_click_features/segments/click_train_01562_start_2819.255s_ici_25.0.wav
1563,1564,2820.027271,2820.3115,0.2842289999998684,2820.007271,2820.3315,0.324228999999832,35.0,click_train_01563_start_2820.027s_ici_35.0.wav,/Users/nfot413/dolphin_project/official_click_features/segments/click_train_01563_start_2820.027s_ici_35.0.wav
1564,1565,2820.343302,2820.573031,0.22972899999967922,2820.3233020000002,2820.593031,0.26972899999964284,35.0,click_train_01564_start_2820.343s_ici_35.0.wav,/Users/nfot413/dolphin_project/official_click_features/segments/click_train_01564_start_2820.343s_ici_35.0.wav
1565,1566,2820.606161,2821.204813,0.5986519999996744,2820.586161,2821.224813,0.6386519999996381,45.0,click_train_01565_start_2820.606s_ici_45.0.wav,/Users/nfot413/dolphin_project/official_click_features/segments/click_train_01565_start_2820.606s_ici_45.0.wav
1566,1567,2821.204813,2821.750302,0.5454890000000887,2821.184813,2821.770302,0.5854890000000523,50.0,click_train_01566_start_2821.205s_ici_50.0.wav,/Users/nfot413/dolphin_project/official_click_features/segments/click_train_01566_start_2821.205s_ici_50.0.wav
1567,1568,2821.750302,2822.014385,0.2640830000000278,2821.730302,2822.034385,0.30408299999999144,35.0,click_train_01567_start_2821.750s_ici_35.0.wav,/Users/nfot413/dolphin_project/official_click_features/segments/click_train_01567_start_2821.750s_ici_35.0.wav
1568,1569,2822.041344,2822.63162,0.5902759999999034,2822.021344,2822.65162,0.630275999999867,25.0,click_train_01568_start_2822.041s_ici_25.0.wav,/Users/nfot413/dolphin_project/official_click_features/segments/click_train_01568_start_2822.041s_ici_25.0.wav
1569,1570,2822.63162,2823.570703,0.939082999999755,2822.61162,2823.590703,0.9790829999997186,10.0,click_train_01569_start_2822.632s_ici_10.0.wav,/Users/nfot413/dolphin_project/official_click_features/segments/click_train_01569_start_2822.632s_ici_10.0.wav
1570,1571,2823.818286,2823.918443,0.10015699999985372,2823.798286,2823.938443,0.14015699999981734,10.0,click_train_01570_start_2823.818s_ici_10.0.wav,/Users/nfot413/dolphin_project/official_click_features/segments/click_train_01570_start_2823.818s_ici_10.0.wav
1571,1572,2824.105052,2824.874693,0.7696410000003198,2824.085052,2824.894693,0.8096410000002834,25.0,click_train_01571_start_2824.105s_ici_25.0.wav,/Users/nfot413/dolphin_project/official_click_features/segments/click_train_01571_start_2824.105s_ici_25.0.wav
1572,1573,2825.00813,2825.148036,0.13990599999988262,2824.98813,2825.168036,0.17990599999984624,10.0,click_train_01572_start_2825.008s_ici_10.0.wav,/Users/nfot413/dolphin_project/official_click_features/segments/click_train_01572_start_2825.008s_ici_10.0.wav
1573,1574,2825.148036,2825.532849,0.384813000000122,2825.128036,2825.552849,0.4248130000000856,30.0,click_train_01573_start_2825.148s_ici_30.0.wav,/Users/nfot413/dolphin_project/official_click_features/segments/click_train_01573_start_2825.148s_ici_30.0.wav
1574,1575,2826.837469,2833.824177,6.986707999999908,2826.817469,2833.844177,7.026707999999871,5.0,click_train_01574_start_2826.837s_ici_5.0.wav,/Users/nfot413/dolphin_project/official_click_features/segments/click_train_01574_start_2826.837s_ici_5.0.wav
1575,1576,2834.554724,2835.658089,1.1033649999999398,2834.534724,2835.678089,1.1433649999999034,10.0,click_train_01575_start_2834.555s_ici_10.0.wav,/Users/nfot413/dolphin_project/official_click_features/segments/click_train_01575_start_2834.555s_ici_10.0.wav
1576,1577,2835.93925,2836.77174,0.8324900000002344,2835.91925,2836.79174,0.872490000000198,5.0,click_train_01576_start_2835.939s_ici_5.0.wav,/Users/nfot413/dolphin_project/official_click_features/segments/click_train_01576_start_2835.939s_ici_5.0.wav
1577,1578,2836.77388,2837.116797,0.3429169999999431,2836.75388,2837.136797,0.3829169999999067,30.0,click_train_01577_start_2836.774s_ici_30.0.wav,/Users/nfot413/dolphin_project/official_click_features/segments/click_train_01577_start_2836.774s_ici_30.0.wav
1578,1579,2837.466328,2839.463547,1.997218999999859,2837.446328,2839.483547,2.0372189999998227,10.0,click_train_01578_start_2837.466s_ici_10.0.wav,/Users/nfot413/dolphin_project/official_click_features/segments/click_train_01578_start_2837.466s_ici_10.0.wav
1579,1580,2840.199464,2840.341495,0.14203100000031554,2840.179464,2840.361495,0.18203100000027916,25.0,click_train_01579_start_2840.199s_ici_25.0.wav,/Users/nfot413/dolphin_project/official_click_features/segments/click_train_01579_start_2840.199s_ici_25.0.wav
1580,1581,2840.905172,2841.116182,0.21100999999998749,2840.8851720000002,2841.136182,0.2510099999999511,35.0,click_train_01580_start_2840.905s_ici_35.0.wav,/Users/nfot413/dolphin_project/official_click_features/segments/click_train_01580_start_2840.905s_ici_35.0.wav
1581,1582,2841.418297,2841.658724,0.24042699999972683,2841.398297,2841.678724,0.28042699999969045,50.0,click_train_01581_start_2841.418s_ici_50.0.wav,/Users/nfot413/dolphin_project/official_click_features/segments/click_train_01581_start_2841.418s_ici_50.0.wav
1582,1583,2841.759745,2842.144943,0.38519799999994575,2841.739745,2842.1649429999998,0.42519799999990937,70.0,click_train_01582_start_2841.760s_ici_70.0.wav,/Users/nfot413/dolphin_project/official_click_features/segments/click_train_01582_start_2841.760s_ici_70.0.wav
1583,1584,2842.414516,2842.715125,0.3006090000003496,2842.394516,2842.735125,0.34060900000031324,10.0,click_train_01583_start_2842.415s_ici_10.0.wav,/Users/nfot413/dolphin_project/official_click_features/segments/click_train_01583_start_2842.415s_ici_10.0.wav
1584,1585,2842.715125,2842.858552,0.14342699999997421,2842.695125,2842.878552,0.18342699999993783,25.0,click_train_01584_start_2842.715s_ici_25.0.wav,/Users/nfot413/dolphin_project/official_click_features/segments/click_train_01584_start_2842.715s_ici_25.0.wav
1585,1586,2842.858552,2844.859615,2.0010629999997036,2842.838552,2844.879615,2.0410629999996672,5.0,click_train_01585_start_2842.859s_ici_5.0.wav,/Users/nfot413/dolphin_project/official_click_features/segments/click_train_01585_start_2842.859s_ici_5.0.wav
1586,1587,2845.085094,2845.610536,0.5254420000001119,2845.065094,2845.630536,0.5654420000000755,5.0,click_train_01586_start_2845.085s_ici_5.0.wav,/Users/nfot413/dolphin_project/official_click_features/segments/click_train_01586_start_2845.085s_ici_5.0.wav
1587,1588,2846.084323,2847.593635,1.5093120000001363,2846.064323,2847.613635,1.5493120000001,10.0,click_train_01587_start_2846.084s_ici_10.0.wav,/Users/nfot413/dolphin_project/official_click_features/segments/click_train_01587_start_2846.084s_ici_10.0.wav
1588,1589,2847.593635,2847.703047,0.1094119999997929,2847.573635,2847.723047,0.14941199999975652,25.0,click_train_01588_start_2847.594s_ici_25.0.wav,/Users/nfot413/dolphin_project/official_click_features/segments/click_train_01588_start_2847.594s_ici_25.0.wav
1589,1590,2847.703047,2853.406312,5.703265000000101,2847.683047,2853.426312,5.743265000000065,5.0,click_train_01589_start_2847.703s_ici_5.0.wav,/Users/nfot413/dolphin_project/official_click_features/segments/click_train_01589_start_2847.703s_ici_5.0.wav
1590,1591,2853.406312,2853.853172,0.44686000000001513,2853.386312,2853.873172,0.48685999999997875,45.0,click_train_01590_start_2853.406s_ici_45.0.wav,/Users/nfot413/dolphin_project/official_click_features/segments/click_train_01590_start_2853.406s_ici_45.0.wav
1591,1592,2853.853172,2854.042677,0.1895049999998264,2853.833172,2854.062677,0.22950499999979002,30.0,click_train_01591_start_2853.853s_ici_30.0.wav,/Users/nfot413/dolphin_project/official_click_features/segments/click_train_01591_start_2853.853s_ici_30.0.wav
1592,1593,2854.042677,2854.552995,0.5103180000000975,2854.022677,2854.572995,0.5503180000000611,5.0,click_train_01592_start_2854.043s_ici_5.0.wav,/Users/nfot413/dolphin_project/official_click_features/segments/click_train_01592_start_2854.043s_ici_5.0.wav
1593,1594,2854.552995,2854.648823,0.09582799999998315,2854.532995,2854.668823,0.13582799999994677,10.0,click_train_01593_start_2854.553s_ici_10.0.wav,/Users/nfot413/dolphin_project/official_click_features/segments/click_train_01593_start_2854.553s_ici_10.0.wav
1594,1595,2854.674984,2855.549219,0.8742349999997714,2854.6549840000002,2855.569219,0.914234999999735,10.0,click_train_01594_start_2854.675s_ici_10.0.wav,/Users/nfot413/dolphin_project/official_click_features/segments/click_train_01594_start_2854.675s_ici_10.0.wav
1595,1596,2855.549219,2857.095677,1.5464579999998023,2855.529219,2857.115677,1.5864579999997659,5.0,click_train_01595_start_2855.549s_ici_5.0.wav,/Users/nfot413/dolphin_project/official_click_features/segments/click_train_01595_start_2855.549s_ici_5.0.wav
1596,1597,2857.220089,2857.353255,0.13316600000007384,2857.200089,2857.373255,0.17316600000003746,30.0,click_train_01596_start_2857.220s_ici_30.0.wav,/Users/nfot413/dolphin_project/official_click_features/segments/click_train_01596_start_2857.220s_ici_30.0.wav
1597,1598,2857.353255,2859.672156,2.3189010000000962,2857.333255,2859.692156,2.35890100000006,5.0,click_train_01597_start_2857.353s_ici_5.0.wav,/Users/nfot413/dolphin_project/official_click_features/segments/click_train_01597_start_2857.353s_ici_5.0.wav
1598,1599,2859.729932,2860.197521,0.4675889999998617,2859.709932,2860.217521,0.5075889999998253,85.0,click_train_01598_start_2859.730s_ici_85.0.wav,/Users/nfot413/dolphin_project/official_click_features/segments/click_train_01598_start_2859.730s_ici_85.0.wav
1599,1600,2860.197521,2860.545234,0.3477130000001125,2860.177521,2860.565234,0.38771300000007614,45.0,click_train_01599_start_2860.198s_ici_45.0.wav,/Users/nfot413/dolphin_project/official_click_features/segments/click_train_01599_start_2860.198s_ici_45.0.wav
1600,1601,2860.872995,2860.960292,0.08729700000003504,2860.852995,2860.980292,0.12729699999999866,5.0,click_train_01600_start_2860.873s_ici_5.0.wav,/Users/nfot413/dolphin_project/official_click_features/segments/click_train_01600_start_2860.873s_ici_5.0.wav
1601,1602,2861.03975,2861.557604,0.5178540000001703,2861.01975,2861.577604,0.557854000000134,5.0,click_train_01601_start_2861.040s_ici_5.0.wav,/Users/nfot413/dolphin_project/official_click_features/segments/click_train_01601_start_2861.040s_ici_5.0.wav
1602,1603,2861.557604,2864.68313,3.125525999999809,2861.537604,2864.70313,3.1655259999997725,5.0,click_train_01602_start_2861.558s_ici_5.0.wav,/Users/nfot413/dolphin_project/official_click_features/segments/click_train_01602_start_2861.558s_ici_5.0.wav
1603,1604,2864.68313,2868.52325,3.8401200000002973,2864.66313,2868.54325,3.880120000000261,5.0,click_train_01603_start_2864.683s_ici_5.0.wav,/Users/nfot413/dolphin_project/official_click_features/segments/click_train_01603_start_2864.683s_ici_5.0.wav
1604,1605,2868.929443,2869.291156,0.36171299999978146,2868.909443,2869.3111559999998,0.4017129999997451,5.0,click_train_01604_start_2868.929s_ici_5.0.wav,/Users/nfot413/dolphin_project/official_click_features/segments/click_train_01604_start_2868.929s_ici_5.0.wav
1605,1606,2869.790354,2869.918734,0.12837999999965177,2869.770354,2869.938734,0.1683799999996154,20.0,click_train_01605_start_2869.790s_ici_20.0.wav,/Users/nfot413/dolphin_project/official_click_features/segments/click_train_01605_start_2869.790s_ici_20.0.wav
1606,1607,2869.918734,2870.66013,0.7413960000003499,2869.898734,2870.68013,0.7813960000003135,5.0,click_train_01606_start_2869.919s_ici_5.0.wav,/Users/nfot413/dolphin_project/official_click_features/segments/click_train_01606_start_2869.919s_ici_5.0.wav
1607,1608,2870.66013,2870.72638,0.06624999999985448,2870.64013,2870.74638,0.1062499999998181,10.0,click_train_01607_start_2870.660s_ici_10.0.wav,/Users/nfot413/dolphin_project/official_click_features/segments/click_train_01607_start_2870.660s_ici_10.0.wav
1608,1609,2870.830146,2870.969026,0.13888000000042666,2870.810146,2870.989026,0.17888000000039028,20.0,click_train_01608_start_2870.830s_ici_20.0.wav,/Users/nfot413/dolphin_project/official_click_features/segments/click_train_01608_start_2870.830s_ici_20.0.wav
1609,1610,2870.969026,2871.639646,0.6706199999998717,2870.9490260000002,2871.659646,0.7106199999998353,5.0,click_train_01609_start_2870.969s_ici_5.0.wav,/Users/nfot413/dolphin_project/official_click_features/segments/click_train_01609_start_2870.969s_ici_5.0.wav
1610,1611,2871.639646,2875.872297,4.232650999999805,2871.619646,2875.892297,4.272650999999769,5.0,click_train_01610_start_2871.640s_ici_5.0.wav,/Users/nfot413/dolphin_project/official_click_features/segments/click_train_01610_start_2871.640s_ici_5.0.wav
1611,1612,2875.872297,2876.190672,0.3183750000002874,2875.852297,2876.210672,0.358375000000251,10.0,click_train_01611_start_2875.872s_ici_10.0.wav,/Users/nfot413/dolphin_project/official_click_features/segments/click_train_01611_start_2875.872s_ici_10.0.wav
1612,1613,2876.214297,2876.27476,0.06046299999979965,2876.194297,2876.2947599999998,0.10046299999976327,5.0,click_train_01612_start_2876.214s_ici_5.0.wav,/Users/nfot413/dolphin_project/official_click_features/segments/click_train_01612_start_2876.214s_ici_5.0.wav
1613,1614,2876.320797,2876.405854,0.08505700000023353,2876.300797,2876.425854,0.12505700000019715,10.0,click_train_01613_start_2876.321s_ici_10.0.wav,/Users/nfot413/dolphin_project/official_click_features/segments/click_train_01613_start_2876.321s_ici_10.0.wav
1614,1615,2876.405854,2876.545812,0.13995799999975134,2876.385854,2876.565812,0.17995799999971496,10.0,click_train_01614_start_2876.406s_ici_10.0.wav,/Users/nfot413/dolphin_project/official_click_features/segments/click_train_01614_start_2876.406s_ici_10.0.wav
1615,1616,2876.545812,2876.673057,0.12724500000012995,2876.525812,2876.693057,0.16724500000009357,30.0,click_train_01615_start_2876.546s_ici_30.0.wav,/Users/nfot413/dolphin_project/official_click_features/segments/click_train_01615_start_2876.546s_ici_30.0.wav
1616,1617,2876.673057,2879.757516,3.0844590000001517,2876.653057,2879.777516,3.1244590000001153,5.0,click_train_01616_start_2876.673s_ici_5.0.wav,/Users/nfot413/dolphin_project/official_click_features/segments/click_train_01616_start_2876.673s_ici_5.0.wav
1617,1618,2880.000078,2880.366719,0.3666410000000724,2879.980078,2880.386719,0.406641000000036,5.0,click_train_01617_start_2880.000s_ici_5.0.wav,/Users/nfot413/dolphin_project/official_click_features/segments/click_train_01617_start_2880.000s_ici_5.0.wav
1618,1619,2880.468453,2880.567995,0.09954199999992852,2880.448453,2880.587995,0.13954199999989214,5.0,click_train_01618_start_2880.468s_ici_5.0.wav,/Users/nfot413/dolphin_project/official_click_features/segments/click_train_01618_start_2880.468s_ici_5.0.wav
1619,1620,2880.610948,2880.643745,0.032796999999845866,2880.590948,2880.663745,0.07279699999980949,5.0,click_train_01619_start_2880.611s_ici_5.0.wav,/Users/nfot413/dolphin_project/official_click_features/segments/click_train_01619_start_2880.611s_ici_5.0.wav
1620,1621,2880.643745,2881.172849,0.5291040000001885,2880.623745,2881.192849,0.5691040000001522,5.0,click_train_01620_start_2880.644s_ici_5.0.wav,/Users/nfot413/dolphin_project/official_click_features/segments/click_train_01620_start_2880.644s_ici_5.0.wav
1621,1622,2881.368146,2886.063469,4.695323000000371,2881.348146,2886.083469,4.735323000000335,5.0,click_train_01621_start_2881.368s_ici_5.0.wav,/Users/nfot413/dolphin_project/official_click_features/segments/click_train_01621_start_2881.368s_ici_5.0.wav
1622,1623,2886.167328,2893.5875,7.420172000000093,2886.147328,2893.6075,7.460172000000057,5.0,click_train_01622_start_2886.167s_ici_5.0.wav,/Users/nfot413/dolphin_project/official_click_features/segments/click_train_01622_start_2886.167s_ici_5.0.wav
1623,1624,2893.637208,2893.704141,0.06693300000006275,2893.617208,2893.724141,0.10693300000002637,5.0,click_train_01623_start_2893.637s_ici_5.0.wav,/Users/nfot413/dolphin_project/official_click_features/segments/click_train_01623_start_2893.637s_ici_5.0.wav
1624,1625,2893.704141,2893.874031,0.16988999999966836,2893.684141,2893.894031,0.20988999999963198,5.0,click_train_01624_start_2893.704s_ici_5.0.wav,/Users/nfot413/dolphin_project/official_click_features/segments/click_train_01624_start_2893.704s_ici_5.0.wav
1625,1626,2893.874031,2902.685182,8.811151000000336,2893.854031,2902.705182,8.8511510000003,5.0,click_train_01625_start_2893.874s_ici_5.0.wav,/Users/nfot413/dolphin_project/official_click_features/segments/click_train_01625_start_2893.874s_ici_5.0.wav
1626,1627,2902.685182,2907.27963,4.594447999999829,2902.665182,2907.29963,4.634447999999793,5.0,click_train_01626_start_2902.685s_ici_5.0.wav,/Users/nfot413/dolphin_project/official_click_features/segments/click_train_01626_start_2902.685s_ici_5.0.wav
1627,1628,2907.313531,2921.587146,14.273615000000063,2907.293531,2921.607146,14.313615000000027,5.0,click_train_01627_start_2907.314s_ici_5.0.wav,/Users/nfot413/dolphin_project/official_click_features/segments/click_train_01627_start_2907.314s_ici_5.0.wav
1628,1629,2921.625703,2921.65162,0.025916999999935797,2921.605703,2921.67162,0.06591699999989942,5.0,click_train_01628_start_2921.626s_ici_5.0.wav,/Users/nfot413/dolphin_project/official_click_features/segments/click_train_01628_start_2921.626s_ici_5.0.wav
1629,1630,2921.794453,2921.819083,0.02462999999988824,2921.774453,2921.839083,0.06462999999985186,5.0,click_train_01629_start_2921.794s_ici_5.0.wav,/Users/nfot413/dolphin_project/official_click_features/segments/click_train_01629_start_2921.794s_ici_5.0.wav
1630,1631,2922.017234,2922.063917,0.046683000000030006,2921.997234,2922.083917,0.08668299999999363,5.0,click_train_01630_start_2922.017s_ici_5.0.wav,/Users/nfot413/dolphin_project/official_click_features/segments/click_train_01630_start_2922.017s_ici_5.0.wav
1631,1632,2922.097104,2922.144417,0.047313000000031025,2922.077104,2922.164417,0.08731299999999464,5.0,click_train_01631_start_2922.097s_ici_5.0.wav,/Users/nfot413/dolphin_project/official_click_features/segments/click_train_01631_start_2922.097s_ici_5.0.wav
1632,1633,2922.144417,2922.331818,0.18740100000013626,2922.124417,2922.351818,0.22740100000009988,35.0,click_train_01632_start_2922.144s_ici_35.0.wav,/Users/nfot413/dolphin_project/official_click_features/segments/click_train_01632_start_2922.144s_ici_35.0.wav
1633,1634,2922.331818,2926.295776,3.9639579999998205,2922.311818,2926.315776,4.003957999999784,5.0,click_train_01633_start_2922.332s_ici_5.0.wav,/Users/nfot413/dolphin_project/official_click_features/segments/click_train_01633_start_2922.332s_ici_5.0.wav
1634,1635,2926.478005,2926.736792,0.25878700000021126,2926.458005,2926.756792,0.2987870000001749,25.0,click_train_01634_start_2926.478s_ici_25.0.wav,/Users/nfot413/dolphin_project/official_click_features/segments/click_train_01634_start_2926.478s_ici_25.0.wav
1635,1636,2926.736792,2929.436292,2.6994999999997162,2926.716792,2929.456292,2.73949999999968,5.0,click_train_01635_start_2926.737s_ici_5.0.wav,/Users/nfot413/dolphin_project/official_click_features/segments/click_train_01635_start_2926.737s_ici_5.0.wav
1636,1637,2929.436292,2930.912885,1.476593000000321,2929.416292,2930.932885,1.5165930000002845,5.0,click_train_01636_start_2929.436s_ici_5.0.wav,/Users/nfot413/dolphin_project/official_click_features/segments/click_train_01636_start_2929.436s_ici_5.0.wav
1637,1638,2931.100766,2936.174698,5.073931999999786,2931.080766,2936.194698,5.11393199999975,5.0,click_train_01637_start_2931.101s_ici_5.0.wav,/Users/nfot413/dolphin_project/official_click_features/segments/click_train_01637_start_2931.101s_ici_5.0.wav
1638,1639,2936.196552,2936.467776,0.27122400000007474,2936.176552,2936.487776,0.31122400000003836,5.0,click_train_01638_start_2936.197s_ici_5.0.wav,/Users/nfot413/dolphin_project/official_click_features/segments/click_train_01638_start_2936.197s_ici_5.0.wav
1639,1640,2936.539531,2936.604443,0.06491200000027675,2936.519531,2936.624443,0.10491200000024037,10.0,click_train_01639_start_2936.540s_ici_10.0.wav,/Users/nfot413/dolphin_project/official_click_features/segments/click_train_01639_start_2936.540s_ici_10.0.wav
1640,1641,2936.660005,2939.183615,2.523609999999735,2936.640005,2939.203615,2.5636099999996986,5.0,click_train_01640_start_2936.660s_ici_5.0.wav,/Users/nfot413/dolphin_project/official_click_features/segments/click_train_01640_start_2936.660s_ici_5.0.wav
1641,1642,2940.002078,2940.586823,0.5847450000001118,2939.982078,2940.606823,0.6247450000000754,5.0,click_train_01641_start_2940.002s_ici_5.0.wav,/Users/nfot413/dolphin_project/official_click_features/segments/click_train_01641_start_2940.002s_ici_5.0.wav
1642,1643,2940.586823,2940.627198,0.04037500000004002,2940.566823,2940.647198,0.08037500000000364,10.0,click_train_01642_start_2940.587s_ici_10.0.wav,/Users/nfot413/dolphin_project/official_click_features/segments/click_train_01642_start_2940.587s_ici_10.0.wav
1643,1644,2940.627198,2941.819089,1.1918909999999414,2940.607198,2941.839089,1.231890999999905,5.0,click_train_01643_start_2940.627s_ici_5.0.wav,/Users/nfot413/dolphin_project/official_click_features/segments/click_train_01643_start_2940.627s_ici_5.0.wav
1644,1645,2941.819089,2941.916068,0.09697899999991932,2941.799089,2941.936068,0.13697899999988294,10.0,click_train_01644_start_2941.819s_ici_10.0.wav,/Users/nfot413/dolphin_project/official_click_features/segments/click_train_01644_start_2941.819s_ici_10.0.wav
1645,1646,2941.916068,2942.082771,0.16670299999987037,2941.896068,2942.102771,0.206702999999834,25.0,click_train_01645_start_2941.916s_ici_25.0.wav,/Users/nfot413/dolphin_project/official_click_features/segments/click_train_01645_start_2941.916s_ici_25.0.wav
1646,1647,2942.082771,2945.20376,3.1209890000000087,2942.062771,2945.22376,3.1609889999999723,5.0,click_train_01646_start_2942.083s_ici_5.0.wav,/Users/nfot413/dolphin_project/official_click_features/segments/click_train_01646_start_2942.083s_ici_5.0.wav
1647,1648,2945.20376,2949.735833,4.5320730000003095,2945.18376,2949.755833,4.572073000000273,5.0,click_train_01647_start_2945.204s_ici_5.0.wav,/Users/nfot413/dolphin_project/official_click_features/segments/click_train_01647_start_2945.204s_ici_5.0.wav
1648,1649,2949.735833,2951.319437,1.583603999999923,2949.715833,2951.339437,1.6236039999998866,5.0,click_train_01648_start_2949.736s_ici_5.0.wav,/Users/nfot413/dolphin_project/official_click_features/segments/click_train_01648_start_2949.736s_ici_5.0.wav
1649,1650,2951.319437,2957.855307,6.535869999999704,2951.299437,2957.875307,6.575869999999668,5.0,click_train_01649_start_2951.319s_ici_5.0.wav,/Users/nfot413/dolphin_project/official_click_features/segments/click_train_01649_start_2951.319s_ici_5.0.wav
1650,1651,2957.855307,2958.154333,0.2990260000001399,2957.835307,2958.174333,0.3390260000001035,55.0,click_train_01650_start_2957.855s_ici_55.0.wav,/Users/nfot413/dolphin_project/official_click_features/segments/click_train_01650_start_2957.855s_ici_55.0.wav
1651,1652,2958.779849,2958.948177,0.16832800000020143,2958.759849,2958.968177,0.20832800000016505,30.0,click_train_01651_start_2958.780s_ici_30.0.wav,/Users/nfot413/dolphin_project/official_click_features/segments/click_train_01651_start_2958.780s_ici_30.0.wav
1652,1653,2959.157833,2962.590953,3.4331199999996898,2959.1378330000002,2962.610953,3.4731199999996534,5.0,click_train_01652_start_2959.158s_ici_5.0.wav,/Users/nfot413/dolphin_project/official_click_features/segments/click_train_01652_start_2959.158s_ici_5.0.wav
1653,1654,2962.690161,2962.756516,0.06635499999993044,2962.670161,2962.776516,0.10635499999989406,10.0,click_train_01653_start_2962.690s_ici_10.0.wav,/Users/nfot413/dolphin_project/official_click_features/segments/click_train_01653_start_2962.690s_ici_10.0.wav
1654,1655,2962.756516,2963.02888,0.272363999999925,2962.736516,2963.04888,0.3123639999998886,50.0,click_train_01654_start_2962.757s_ici_50.0.wav,/Users/nfot413/dolphin_project/official_click_features/segments/click_train_01654_start_2962.757s_ici_50.0.wav
1655,1656,2963.344583,2963.433505,0.08892199999991135,2963.324583,2963.453505,0.12892199999987497,10.0,click_train_01655_start_2963.345s_ici_10.0.wav,/Users/nfot413/dolphin_project/official_click_features/segments/click_train_01655_start_2963.345s_ici_10.0.wav
1656,1657,2963.467635,2963.687891,0.22025600000006307,2963.447635,2963.707891,0.2602560000000267,25.0,click_train_01656_start_2963.468s_ici_25.0.wav,/Users/nfot413/dolphin_project/official_click_features/segments/click_train_01656_start_2963.468s_ici_25.0.wav
1657,1658,2963.687891,2969.44763,5.759739000000081,2963.667891,2969.46763,5.799739000000045,5.0,click_train_01657_start_2963.688s_ici_5.0.wav,/Users/nfot413/dolphin_project/official_click_features/segments/click_train_01657_start_2963.688s_ici_5.0.wav
1658,1659,2969.872698,2970.319526,0.4468280000000959,2969.852698,2970.339526,0.48682800000005955,10.0,click_train_01658_start_2969.873s_ici_10.0.wav,/Users/nfot413/dolphin_project/official_click_features/segments/click_train_01658_start_2969.873s_ici_10.0.wav
1659,1660,2970.70875,2970.943266,0.23451600000043982,2970.68875,2970.963266,0.27451600000040344,40.0,click_train_01659_start_2970.709s_ici_40.0.wav,/Users/nfot413/dolphin_project/official_click_features/segments/click_train_01659_start_2970.709s_ici_40.0.wav
1660,1661,2971.0825,2973.561568,2.4790680000000975,2971.0625,2973.581568,2.519068000000061,5.0,click_train_01660_start_2971.082s_ici_5.0.wav,/Users/nfot413/dolphin_project/official_click_features/segments/click_train_01660_start_2971.082s_ici_5.0.wav
1661,1662,2973.561568,2975.529542,1.9679740000001402,2973.541568,2975.549542,2.007974000000104,5.0,click_train_01661_start_2973.562s_ici_5.0.wav,/Users/nfot413/dolphin_project/official_click_features/segments/click_train_01661_start_2973.562s_ici_5.0.wav
1662,1663,2975.529542,2978.598698,3.069155999999566,2975.5095420000002,2978.6186979999998,3.1091559999995297,5.0,click_train_01662_start_2975.530s_ici_5.0.wav,/Users/nfot413/dolphin_project/official_click_features/segments/click_train_01662_start_2975.530s_ici_5.0.wav
1663,1664,2978.598698,2982.391177,3.792479000000185,2978.578698,2982.411177,3.8324790000001485,5.0,click_train_01663_start_2978.599s_ici_5.0.wav,/Users/nfot413/dolphin_project/official_click_features/segments/click_train_01663_start_2978.599s_ici_5.0.wav
1664,1665,2982.664234,2984.028068,1.3638340000002245,2982.644234,2984.048068,1.403834000000188,5.0,click_train_01664_start_2982.664s_ici_5.0.wav,/Users/nfot413/dolphin_project/official_click_features/segments/click_train_01664_start_2982.664s_ici_5.0.wav
1665,1666,2984.043349,2984.265229,0.2218800000000556,2984.023349,2984.285229,0.2618800000000192,30.0,click_train_01665_start_2984.043s_ici_30.0.wav,/Users/nfot413/dolphin_project/official_click_features/segments/click_train_01665_start_2984.043s_ici_30.0.wav
1666,1667,2984.265229,2984.360609,0.09537999999975,2984.245229,2984.380609,0.13537999999971362,10.0,click_train_01666_start_2984.265s_ici_10.0.wav,/Users/nfot413/dolphin_project/official_click_features/segments/click_train_01666_start_2984.265s_ici_10.0.wav
1667,1668,2984.403589,2996.443729,12.040140000000065,2984.383589,2996.463729,12.080140000000029,5.0,click_train_01667_start_2984.404s_ici_5.0.wav,/Users/nfot413/dolphin_project/official_click_features/segments/click_train_01667_start_2984.404s_ici_5.0.wav
1668,1669,2996.443729,2997.078656,0.6349270000000615,2996.423729,2997.098656,0.6749270000000251,5.0,click_train_01668_start_2996.444s_ici_5.0.wav,/Users/nfot413/dolphin_project/official_click_features/segments/click_train_01668_start_2996.444s_ici_5.0.wav
1669,1670,2997.517047,2998.854328,1.3372810000000754,2997.497047,2998.874328,1.377281000000039,5.0,click_train_01669_start_2997.517s_ici_5.0.wav,/Users/nfot413/dolphin_project/official_click_features/segments/click_train_01669_start_2997.517s_ici_5.0.wav
1670,1671,2998.854328,2999.146594,0.29226599999992686,2998.834328,2999.166594,0.3322659999998905,5.0,click_train_01670_start_2998.854s_ici_5.0.wav,/Users/nfot413/dolphin_project/official_click_features/segments/click_train_01670_start_2998.854s_ici_5.0.wav
1671,1672,2999.203615,2999.547406,0.34379100000023755,2999.183615,2999.567406,0.38379100000020117,5.0,click_train_01671_start_2999.204s_ici_5.0.wav,/Users/nfot413/dolphin_project/official_click_features/segments/click_train_01671_start_2999.204s_ici_5.0.wav
1672,1673,2999.665276,2999.726385,0.06110899999976027,2999.645276,2999.746385,0.10110899999972389,10.0,click_train_01672_start_2999.665s_ici_10.0.wav,/Users/nfot413/dolphin_project/official_click_features/segments/click_train_01672_start_2999.665s_ici_10.0.wav
1673,1674,2999.775891,2999.809693,0.03380200000037803,2999.755891,2999.829693,0.07380200000034165,5.0,click_train_01673_start_2999.776s_ici_5.0.wav,/Users/nfot413/dolphin_project/official_click_features/segments/click_train_01673_start_2999.776s_ici_5.0.wav
1674,1675,2999.809693,2999.907172,0.09747900000002119,2999.789693,2999.927172,0.1374789999999848,10.0,click_train_01674_start_2999.810s_ici_10.0.wav,/Users/nfot413/dolphin_project/official_click_features/segments/click_train_01674_start_2999.810s_ici_10.0.wav
1675,1676,3000.001349,3000.117552,0.11620300000004136,2999.981349,3000.137552,0.15620300000000498,10.0,click_train_01675_start_3000.001s_ici_10.0.wav,/Users/nfot413/dolphin_project/official_click_features/segments/click_train_01675_start_3000.001s_ici_10.0.wav
1676,1677,3000.217302,3000.314437,0.09713499999998021,3000.197302,3000.334437,0.13713499999994383,5.0,click_train_01676_start_3000.217s_ici_5.0.wav,/Users/nfot413/dolphin_project/official_click_features/segments/click_train_01676_start_3000.217s_ici_5.0.wav
1677,1678,3000.364536,3001.225786,0.8612499999999272,3000.344536,3001.245786,0.9012499999998909,5.0,click_train_01677_start_3000.365s_ici_5.0.wav,/Users/nfot413/dolphin_project/official_click_features/segments/click_train_01677_start_3000.365s_ici_5.0.wav
1678,1679,3001.389057,3005.872844,4.48378700000012,3001.369057,3005.892844,4.523787000000084,5.0,click_train_01678_start_3001.389s_ici_5.0.wav,/Users/nfot413/dolphin_project/official_click_features/segments/click_train_01678_start_3001.389s_ici_5.0.wav
1679,1680,3005.928094,3005.962969,0.03487500000028376,3005.908094,3005.982969,0.07487500000024738,5.0,click_train_01679_start_3005.928s_ici_5.0.wav,/Users/nfot413/dolphin_project/official_click_features/segments/click_train_01679_start_3005.928s_ici_5.0.wav
1680,1681,3005.962969,3006.208422,0.2454529999999977,3005.942969,3006.228422,0.2854529999999613,40.0,click_train_01680_start_3005.963s_ici_40.0.wav,/Users/nfot413/dolphin_project/official_click_features/segments/click_train_01680_start_3005.963s_ici_40.0.wav
1681,1682,3006.208422,3006.276557,0.06813499999998385,3006.188422,3006.296557,0.10813499999994747,10.0,click_train_01681_start_3006.208s_ici_10.0.wav,/Users/nfot413/dolphin_project/official_click_features/segments/click_train_01681_start_3006.208s_ici_10.0.wav
1682,1683,3006.546875,3006.630917,0.08404199999995399,3006.526875,3006.650917,0.12404199999991761,10.0,click_train_01682_start_3006.547s_ici_10.0.wav,/Users/nfot413/dolphin_project/official_click_features/segments/click_train_01682_start_3006.547s_ici_10.0.wav
1683,1684,3006.630917,3006.738422,0.10750499999994645,3006.610917,3006.758422,0.14750499999991007,25.0,click_train_01683_start_3006.631s_ici_25.0.wav,/Users/nfot413/dolphin_project/official_click_features/segments/click_train_01683_start_3006.631s_ici_25.0.wav
1684,1685,3006.759057,3006.841099,0.08204200000000128,3006.7390570000002,3006.861099,0.1220419999999649,10.0,click_train_01684_start_3006.759s_ici_10.0.wav,/Users/nfot413/dolphin_project/official_click_features/segments/click_train_01684_start_3006.759s_ici_10.0.wav
1685,1686,3006.841099,3007.11726,0.2761609999997745,3006.8210990000002,3007.13726,0.3161609999997381,10.0,click_train_01685_start_3006.841s_ici_10.0.wav,/Users/nfot413/dolphin_project/official_click_features/segments/click_train_01685_start_3006.841s_ici_10.0.wav
1686,1687,3007.11726,3007.192589,0.07532900000023801,3007.09726,3007.212589,0.11532900000020163,10.0,click_train_01686_start_3007.117s_ici_10.0.wav,/Users/nfot413/dolphin_project/official_click_features/segments/click_train_01686_start_3007.117s_ici_10.0.wav
1687,1688,3007.236797,3010.302281,3.065484000000197,3007.216797,3010.322281,3.1054840000001604,5.0,click_train_01687_start_3007.237s_ici_5.0.wav,/Users/nfot413/dolphin_project/official_click_features/segments/click_train_01687_start_3007.237s_ici_5.0.wav
1688,1689,3010.395484,3010.817417,0.42193300000008094,3010.375484,3010.837417,0.46193300000004456,45.0,click_train_01688_start_3010.395s_ici_45.0.wav,/Users/nfot413/dolphin_project/official_click_features/segments/click_train_01688_start_3010.395s_ici_45.0.wav
1689,1690,3010.817417,3010.946995,0.12957799999958297,3010.797417,3010.9669949999998,0.1695779999995466,10.0,click_train_01689_start_3010.817s_ici_10.0.wav,/Users/nfot413/dolphin_project/official_click_features/segments/click_train_01689_start_3010.817s_ici_10.0.wav
1690,1691,3010.987099,3011.248448,0.2613489999998819,3010.967099,3011.268448,0.30134899999984555,5.0,click_train_01690_start_3010.987s_ici_5.0.wav,/Users/nfot413/dolphin_project/official_click_features/segments/click_train_01690_start_3010.987s_ici_5.0.wav
1691,1692,3011.248448,3011.357719,0.10927100000026257,3011.228448,3011.377719,0.1492710000002262,10.0,click_train_01691_start_3011.248s_ici_10.0.wav,/Users/nfot413/dolphin_project/official_click_features/segments/click_train_01691_start_3011.248s_ici_10.0.wav
1692,1693,3011.357719,3011.493953,0.13623400000005859,3011.337719,3011.513953,0.1762340000000222,30.0,click_train_01692_start_3011.358s_ici_30.0.wav,/Users/nfot413/dolphin_project/official_click_features/segments/click_train_01692_start_3011.358s_ici_30.0.wav
1693,1694,3011.493953,3011.54087,0.046916999999666587,3011.473953,3011.56087,0.0869169999996302,5.0,click_train_01693_start_3011.494s_ici_5.0.wav,/Users/nfot413/dolphin_project/official_click_features/segments/click_train_01693_start_3011.494s_ici_5.0.wav
1694,1695,3011.560771,3011.654177,0.09340599999995902,3011.540771,3011.674177,0.13340599999992264,10.0,click_train_01694_start_3011.561s_ici_10.0.wav,/Users/nfot413/dolphin_project/official_click_features/segments/click_train_01694_start_3011.561s_ici_10.0.wav
1695,1696,3011.980859,3012.159042,0.17818300000044474,3011.960859,3012.179042,0.21818300000040836,30.0,click_train_01695_start_3011.981s_ici_30.0.wav,/Users/nfot413/dolphin_project/official_click_features/segments/click_train_01695_start_3011.981s_ici_30.0.wav
1696,1697,3012.159042,3017.450776,5.291733999999906,3012.1390420000002,3017.470776,5.331733999999869,5.0,click_train_01696_start_3012.159s_ici_5.0.wav,/Users/nfot413/dolphin_project/official_click_features/segments/click_train_01696_start_3012.159s_ici_5.0.wav
1697,1698,3017.450776,3025.998333,8.54755699999987,3017.430776,3026.018333,8.587556999999833,5.0,click_train_01697_start_3017.451s_ici_5.0.wav,/Users/nfot413/dolphin_project/official_click_features/segments/click_train_01697_start_3017.451s_ici_5.0.wav
1698,1699,3027.785891,3028.346901,0.5610099999998965,3027.765891,3028.366901,0.6010099999998602,5.0,click_train_01698_start_3027.786s_ici_5.0.wav,/Users/nfot413/dolphin_project/official_click_features/segments/click_train_01698_start_3027.786s_ici_5.0.wav
1699,1700,3028.440823,3029.817698,1.3768749999999272,3028.420823,3029.837698,1.4168749999998909,70.0,click_train_01699_start_3028.441s_ici_70.0.wav,/Users/nfot413/dolphin_project/official_click_features/segments/click_train_01699_start_3028.441s_ici_70.0.wav
1700,1701,3030.057521,3034.756297,4.698775999999725,3030.037521,3034.776297,4.738775999999689,5.0,click_train_01700_start_3030.058s_ici_5.0.wav,/Users/nfot413/dolphin_project/official_click_features/segments/click_train_01700_start_3030.058s_ici_5.0.wav
1701,1702,3035.275224,3035.347958,0.07273399999985486,3035.255224,3035.367958,0.11273399999981848,10.0,click_train_01701_start_3035.275s_ici_10.0.wav,/Users/nfot413/dolphin_project/official_click_features/segments/click_train_01701_start_3035.275s_ici_10.0.wav
1702,1703,3035.622849,3041.144339,5.521490000000085,3035.602849,3041.164339,5.561490000000049,5.0,click_train_01702_start_3035.623s_ici_5.0.wav,/Users/nfot413/dolphin_project/official_click_features/segments/click_train_01702_start_3035.623s_ici_5.0.wav
1703,1704,3041.144339,3041.251547,0.1072079999999005,3041.124339,3041.271547,0.14720799999986411,20.0,click_train_01703_start_3041.144s_ici_20.0.wav,/Users/nfot413/dolphin_project/official_click_features/segments/click_train_01703_start_3041.144s_ici_20.0.wav
1704,1705,3043.654599,3046.915484,3.260885000000144,3043.634599,3046.935484,3.3008850000001075,5.0,click_train_01704_start_3043.655s_ici_5.0.wav,/Users/nfot413/dolphin_project/official_click_features/segments/click_train_01704_start_3043.655s_ici_5.0.wav
1705,1706,3046.915484,3047.07687,0.16138599999976577,3046.895484,3047.09687,0.2013859999997294,10.0,click_train_01705_start_3046.915s_ici_10.0.wav,/Users/nfot413/dolphin_project/official_click_features/segments/click_train_01705_start_3046.915s_ici_10.0.wav
1706,1707,3047.340396,3047.540359,0.1999630000000252,3047.320396,3047.560359,0.23996299999998882,20.0,click_train_01706_start_3047.340s_ici_20.0.wav,/Users/nfot413/dolphin_project/official_click_features/segments/click_train_01706_start_3047.340s_ici_20.0.wav
1707,1708,3047.615656,3048.30649,0.6908339999999953,3047.595656,3048.32649,0.7308339999999589,35.0,click_train_01707_start_3047.616s_ici_35.0.wav,/Users/nfot413/dolphin_project/official_click_features/segments/click_train_01707_start_3047.616s_ici_35.0.wav
1708,1709,3048.30649,3051.097344,2.790853999999854,3048.28649,3051.117344,2.8308539999998175,5.0,click_train_01708_start_3048.306s_ici_5.0.wav,/Users/nfot413/dolphin_project/official_click_features/segments/click_train_01708_start_3048.306s_ici_5.0.wav
1709,1710,3051.097344,3060.0,8.902656000000206,3051.077344,3060.02,8.94265600000017,5.0,click_train_01709_start_3051.097s_ici_5.0.wav,/Users/nfot413/dolphin_project/official_click_features/segments/click_train_01709_start_3051.097s_ici_5.0.wav
1710,1711,3060.000063,3060.927828,0.9277649999999085,3059.980063,3060.947828,0.9677649999998721,5.0,click_train_01710_start_3060.000s_ici_5.0.wav,/Users/nfot413/dolphin_project/official_click_features/segments/click_train_01710_start_3060.000s_ici_5.0.wav
1711,1712,3060.927828,3060.994333,0.06650500000023385,3060.907828,3061.014333,0.10650500000019747,10.0,click_train_01711_start_3060.928s_ici_10.0.wav,/Users/nfot413/dolphin_project/official_click_features/segments/click_train_01711_start_3060.928s_ici_10.0.wav
1712,1713,3060.994333,3061.241865,0.24753199999986464,3060.974333,3061.261865,0.28753199999982826,40.0,click_train_01712_start_3060.994s_ici_40.0.wav,/Users/nfot413/dolphin_project/official_click_features/segments/click_train_01712_start_3060.994s_ici_40.0.wav
1713,1714,3061.647984,3069.798891,8.150906999999734,3061.627984,3069.818891,8.190906999999697,5.0,click_train_01713_start_3061.648s_ici_5.0.wav,/Users/nfot413/dolphin_project/official_click_features/segments/click_train_01713_start_3061.648s_ici_5.0.wav
1714,1715,3069.798891,3070.003448,0.20455700000002253,3069.778891,3070.023448,0.24455699999998615,10.0,click_train_01714_start_3069.799s_ici_10.0.wav,/Users/nfot413/dolphin_project/official_click_features/segments/click_train_01714_start_3069.799s_ici_10.0.wav
1715,1716,3070.198068,3070.906714,0.7086460000000443,3070.178068,3070.926714,0.7486460000000079,5.0,click_train_01715_start_3070.198s_ici_5.0.wav,/Users/nfot413/dolphin_project/official_click_features/segments/click_train_01715_start_3070.198s_ici_5.0.wav
1716,1717,3070.906714,3071.034036,0.12732199999982186,3070.886714,3071.054036,0.16732199999978548,25.0,click_train_01716_start_3070.907s_ici_25.0.wav,/Users/nfot413/dolphin_project/official_click_features/segments/click_train_01716_start_3070.907s_ici_25.0.wav
1717,1718,3071.034036,3071.059625,0.025588999999854423,3071.014036,3071.079625,0.06558899999981804,5.0,click_train_01717_start_3071.034s_ici_5.0.wav,/Users/nfot413/dolphin_project/official_click_features/segments/click_train_01717_start_3071.034s_ici_5.0.wav
1718,1719,3071.059625,3093.869109,22.80948400000034,3071.039625,3093.889109,22.849484000000302,5.0,click_train_01718_start_3071.060s_ici_5.0.wav,/Users/nfot413/dolphin_project/official_click_features/segments/click_train_01718_start_3071.060s_ici_5.0.wav
1719,1720,3093.869109,3093.96737,0.09826099999963844,3093.849109,3093.98737,0.13826099999960206,10.0,click_train_01719_start_3093.869s_ici_10.0.wav,/Users/nfot413/dolphin_project/official_click_features/segments/click_train_01719_start_3093.869s_ici_10.0.wav
1720,1721,3093.96737,3094.21224,0.2448699999999917,3093.94737,3094.23224,0.2848699999999553,35.0,click_train_01720_start_3093.967s_ici_35.0.wav,/Users/nfot413/dolphin_project/official_click_features/segments/click_train_01720_start_3093.967s_ici_35.0.wav
1721,1722,3094.261307,3104.849656,10.588348999999653,3094.2413070000002,3104.869656,10.628348999999616,5.0,click_train_01721_start_3094.261s_ici_5.0.wav,/Users/nfot413/dolphin_project/official_click_features/segments/click_train_01721_start_3094.261s_ici_5.0.wav
1722,1723,3104.849656,3105.202703,0.3530470000000605,3104.829656,3105.222703,0.3930470000000241,75.0,click_train_01722_start_3104.850s_ici_75.0.wav,/Users/nfot413/dolphin_project/official_click_features/segments/click_train_01722_start_3104.850s_ici_75.0.wav
1723,1724,3105.345661,3109.883203,4.53754200000003,3105.325661,3109.903203,4.577541999999994,5.0,click_train_01723_start_3105.346s_ici_5.0.wav,/Users/nfot413/dolphin_project/official_click_features/segments/click_train_01723_start_3105.346s_ici_5.0.wav
1724,1725,3109.883203,3110.077026,0.1938230000000658,3109.863203,3110.097026,0.23382300000002942,10.0,click_train_01724_start_3109.883s_ici_10.0.wav,/Users/nfot413/dolphin_project/official_click_features/segments/click_train_01724_start_3109.883s_ici_10.0.wav
1725,1726,3110.116365,3113.80126,3.684895000000324,3110.096365,3113.82126,3.724895000000288,5.0,click_train_01725_start_3110.116s_ici_5.0.wav,/Users/nfot413/dolphin_project/official_click_features/segments/click_train_01725_start_3110.116s_ici_5.0.wav
1726,1727,3113.80126,3114.079396,0.278135999999904,3113.78126,3114.099396,0.31813599999986764,60.0,click_train_01726_start_3113.801s_ici_60.0.wav,/Users/nfot413/dolphin_project/official_click_features/segments/click_train_01726_start_3113.801s_ici_60.0.wav
1727,1728,3114.186573,3120.0,5.813427000000047,3114.166573,3120.02,5.853427000000011,5.0,click_train_01727_start_3114.187s_ici_5.0.wav,/Users/nfot413/dolphin_project/official_click_features/segments/click_train_01727_start_3114.187s_ici_5.0.wav
1728,1729,3120.000927,3121.145094,1.1441669999999249,3119.980927,3121.165094,1.1841669999998885,5.0,click_train_01728_start_3120.001s_ici_5.0.wav,/Users/nfot413/dolphin_project/official_click_features/segments/click_train_01728_start_3120.001s_ici_5.0.wav
1729,1730,3121.617052,3122.186307,0.5692549999998846,3121.597052,3122.206307,0.6092549999998482,85.0,click_train_01729_start_3121.617s_ici_85.0.wav,/Users/nfot413/dolphin_project/official_click_features/segments/click_train_01729_start_3121.617s_ici_85.0.wav
1730,1731,3122.339984,3132.72287,10.382885999999871,3122.319984,3132.74287,10.422885999999835,5.0,click_train_01730_start_3122.340s_ici_5.0.wav,/Users/nfot413/dolphin_project/official_click_features/segments/click_train_01730_start_3122.340s_ici_5.0.wav
1731,1732,3132.79026,3132.872448,0.08218799999986004,3132.7702600000002,3132.892448,0.12218799999982366,5.0,click_train_01731_start_3132.790s_ici_5.0.wav,/Users/nfot413/dolphin_project/official_click_features/segments/click_train_01731_start_3132.790s_ici_5.0.wav
1732,1733,3132.872448,3133.140682,0.26823400000012043,3132.852448,3133.160682,0.30823400000008405,5.0,click_train_01732_start_3132.872s_ici_5.0.wav,/Users/nfot413/dolphin_project/official_click_features/segments/click_train_01732_start_3132.872s_ici_5.0.wav
1733,1734,3133.140682,3133.255177,0.11449499999980617,3133.120682,3133.275177,0.1544949999997698,10.0,click_train_01733_start_3133.141s_ici_10.0.wav,/Users/nfot413/dolphin_project/official_click_features/segments/click_train_01733_start_3133.141s_ici_10.0.wav
1734,1735,3133.255177,3133.417563,0.1623859999999695,3133.235177,3133.437563,0.20238599999993312,30.0,click_train_01734_start_3133.255s_ici_30.0.wav,/Users/nfot413/dolphin_project/official_click_features/segments/click_train_01734_start_3133.255s_ici_30.0.wav
1735,1736,3133.417563,3144.290104,10.872541000000183,3133.397563,3144.310104,10.912541000000147,5.0,click_train_01735_start_3133.418s_ici_5.0.wav,/Users/nfot413/dolphin_project/official_click_features/segments/click_train_01735_start_3133.418s_ici_5.0.wav
1736,1737,3144.53562,3152.308151,7.772531000000072,3144.51562,3152.328151,7.812531000000035,5.0,click_train_01736_start_3144.536s_ici_5.0.wav,/Users/nfot413/dolphin_project/official_click_features/segments/click_train_01736_start_3144.536s_ici_5.0.wav
1737,1738,3152.308151,3152.489396,0.1812449999997625,3152.288151,3152.509396,0.22124499999972613,35.0,click_train_01737_start_3152.308s_ici_35.0.wav,/Users/nfot413/dolphin_project/official_click_features/segments/click_train_01737_start_3152.308s_ici_35.0.wav
1738,1739,3152.489396,3156.333818,3.8444220000001224,3152.469396,3156.353818,3.884422000000086,5.0,click_train_01738_start_3152.489s_ici_5.0.wav,/Users/nfot413/dolphin_project/official_click_features/segments/click_train_01738_start_3152.489s_ici_5.0.wav
1739,1740,3156.576667,3156.937677,0.36101000000007843,3156.556667,3156.957677,0.40101000000004206,5.0,click_train_01739_start_3156.577s_ici_5.0.wav,/Users/nfot413/dolphin_project/official_click_features/segments/click_train_01739_start_3156.577s_ici_5.0.wav
1740,1741,3157.397391,3167.189526,9.792135000000144,3157.377391,3167.209526,9.832135000000108,5.0,click_train_01740_start_3157.397s_ici_5.0.wav,/Users/nfot413/dolphin_project/official_click_features/segments/click_train_01740_start_3157.397s_ici_5.0.wav
1741,1742,3167.477609,3167.571901,0.09429199999976845,3167.457609,3167.591901,0.13429199999973207,15.0,click_train_01741_start_3167.478s_ici_15.0.wav,/Users/nfot413/dolphin_project/official_click_features/segments/click_train_01741_start_3167.478s_ici_15.0.wav
1742,1743,3167.571901,3167.96449,0.3925890000000436,3167.551901,3167.98449,0.4325890000000072,85.0,click_train_01742_start_3167.572s_ici_85.0.wav,/Users/nfot413/dolphin_project/official_click_features/segments/click_train_01742_start_3167.572s_ici_85.0.wav
1743,1744,3168.012776,3172.44813,4.4353540000001885,3167.992776,3172.46813,4.475354000000152,5.0,click_train_01743_start_3168.013s_ici_5.0.wav,/Users/nfot413/dolphin_project/official_click_features/segments/click_train_01743_start_3168.013s_ici_5.0.wav
1744,1745,3173.339766,3178.072776,4.733009999999922,3173.319766,3178.092776,4.773009999999886,5.0,click_train_01744_start_3173.340s_ici_5.0.wav,/Users/nfot413/dolphin_project/official_click_features/segments/click_train_01744_start_3173.340s_ici_5.0.wav
1745,1746,3178.075052,3178.290552,0.21549999999979264,3178.055052,3178.310552,0.25549999999975626,35.0,click_train_01745_start_3178.075s_ici_35.0.wav,/Users/nfot413/dolphin_project/official_click_features/segments/click_train_01745_start_3178.075s_ici_35.0.wav
1746,1747,3179.843297,3179.874109,0.030811999999968975,3179.823297,3179.894109,0.0708119999999326,5.0,click_train_01746_start_3179.843s_ici_5.0.wav,/Users/nfot413/dolphin_project/official_click_features/segments/click_train_01746_start_3179.843s_ici_5.0.wav
1747,1748,3180.001667,3182.730359,2.7286920000001373,3179.981667,3182.750359,2.768692000000101,5.0,click_train_01747_start_3180.002s_ici_5.0.wav,/Users/nfot413/dolphin_project/official_click_features/segments/click_train_01747_start_3180.002s_ici_5.0.wav
1748,1749,3182.730359,3182.897807,0.16744799999969473,3182.710359,3182.917807,0.20744799999965835,10.0,click_train_01748_start_3182.730s_ici_10.0.wav,/Users/nfot413/dolphin_project/official_click_features/segments/click_train_01748_start_3182.730s_ici_10.0.wav
1749,1750,3182.897807,3183.035344,0.13753700000006575,3182.877807,3183.055344,0.17753700000002937,30.0,click_train_01749_start_3182.898s_ici_30.0.wav,/Users/nfot413/dolphin_project/official_click_features/segments/click_train_01749_start_3182.898s_ici_30.0.wav
1750,1751,3183.196953,3183.426344,0.22939099999985046,3183.176953,3183.446344,0.2693909999998141,40.0,click_train_01750_start_3183.197s_ici_40.0.wav,/Users/nfot413/dolphin_project/official_click_features/segments/click_train_01750_start_3183.197s_ici_40.0.wav
1751,1752,3184.984964,3185.007057,0.022092999999586027,3184.9649640000002,3185.027057,0.06209299999954965,5.0,click_train_01751_start_3184.985s_ici_5.0.wav,/Users/nfot413/dolphin_project/official_click_features/segments/click_train_01751_start_3184.985s_ici_5.0.wav
1752,1753,3185.298271,3186.036365,0.7380939999998191,3185.278271,3186.056365,0.7780939999997827,40.0,click_train_01752_start_3185.298s_ici_40.0.wav,/Users/nfot413/dolphin_project/official_click_features/segments/click_train_01752_start_3185.298s_ici_40.0.wav
1753,1754,3186.036365,3186.119958,0.0835930000002918,3186.016365,3186.139958,0.12359300000025542,10.0,click_train_01753_start_3186.036s_ici_10.0.wav,/Users/nfot413/dolphin_project/official_click_features/segments/click_train_01753_start_3186.036s_ici_10.0.wav
1754,1755,3186.611187,3186.663057,0.05187000000023545,3186.591187,3186.683057,0.09187000000019907,5.0,click_train_01754_start_3186.611s_ici_5.0.wav,/Users/nfot413/dolphin_project/official_click_features/segments/click_train_01754_start_3186.611s_ici_5.0.wav
1755,1756,3186.895839,3188.419214,1.5233750000002146,3186.875839,3188.439214,1.5633750000001783,5.0,click_train_01755_start_3186.896s_ici_5.0.wav,/Users/nfot413/dolphin_project/official_click_features/segments/click_train_01755_start_3186.896s_ici_5.0.wav
1756,1757,3188.419214,3188.775,0.3557860000000801,3188.399214,3188.795,0.3957860000000437,45.0,click_train_01756_start_3188.419s_ici_45.0.wav,/Users/nfot413/dolphin_project/official_click_features/segments/click_train_01756_start_3188.419s_ici_45.0.wav
1757,1758,3188.971651,3189.789573,0.8179220000001806,3188.951651,3189.809573,0.8579220000001442,5.0,click_train_01757_start_3188.972s_ici_5.0.wav,/Users/nfot413/dolphin_project/official_click_features/segments/click_train_01757_start_3188.972s_ici_5.0.wav
1758,1759,3189.789573,3192.625922,2.8363490000001548,3189.769573,3192.645922,2.8763490000001184,5.0,click_train_01758_start_3189.790s_ici_5.0.wav,/Users/nfot413/dolphin_project/official_click_features/segments/click_train_01758_start_3189.790s_ici_5.0.wav
1759,1760,3192.646328,3192.691688,0.04536000000007334,3192.626328,3192.711688,0.08536000000003696,5.0,click_train_01759_start_3192.646s_ici_5.0.wav,/Users/nfot413/dolphin_project/official_click_features/segments/click_train_01759_start_3192.646s_ici_5.0.wav
1760,1761,3192.691688,3192.742266,0.050578000000314205,3192.671688,3192.762266,0.09057800000027783,5.0,click_train_01760_start_3192.692s_ici_5.0.wav,/Users/nfot413/dolphin_project/official_click_features/segments/click_train_01760_start_3192.692s_ici_5.0.wav
1761,1762,3193.241167,3193.279583,0.03841599999987011,3193.221167,3193.299583,0.07841599999983373,5.0,click_train_01761_start_3193.241s_ici_5.0.wav,/Users/nfot413/dolphin_project/official_click_features/segments/click_train_01761_start_3193.241s_ici_5.0.wav
1762,1763,3193.279583,3193.348099,0.06851599999981772,3193.259583,3193.368099,0.10851599999978134,5.0,click_train_01762_start_3193.280s_ici_5.0.wav,/Users/nfot413/dolphin_project/official_click_features/segments/click_train_01762_start_3193.280s_ici_5.0.wav
1763,1764,3193.378609,3193.415839,0.037229999999908614,3193.358609,3193.4358389999998,0.07722999999987223,5.0,click_train_01763_start_3193.379s_ici_5.0.wav,/Users/nfot413/dolphin_project/official_click_features/segments/click_train_01763_start_3193.379s_ici_5.0.wav
1764,1765,3193.469099,3193.493932,0.02483299999994415,3193.449099,3193.513932,0.06483299999990777,5.0,click_train_01764_start_3193.469s_ici_5.0.wav,/Users/nfot413/dolphin_project/official_click_features/segments/click_train_01764_start_3193.469s_ici_5.0.wav
1765,1766,3193.493932,3193.853563,0.35963100000026316,3193.473932,3193.873563,0.3996310000002268,40.0,click_train_01765_start_3193.494s_ici_40.0.wav,/Users/nfot413/dolphin_project/official_click_features/segments/click_train_01765_start_3193.494s_ici_40.0.wav
1766,1767,3194.12062,3194.797677,0.677056999999877,3194.10062,3194.817677,0.7170569999998406,5.0,click_train_01766_start_3194.121s_ici_5.0.wav,/Users/nfot413/dolphin_project/official_click_features/segments/click_train_01766_start_3194.121s_ici_5.0.wav
1767,1768,3194.797677,3196.465354,1.6676769999999124,3194.777677,3196.485354,1.707676999999876,5.0,click_train_01767_start_3194.798s_ici_5.0.wav,/Users/nfot413/dolphin_project/official_click_features/segments/click_train_01767_start_3194.798s_ici_5.0.wav
1768,1769,3196.614026,3196.83562,0.2215939999996408,3196.594026,3196.85562,0.2615939999996044,35.0,click_train_01768_start_3196.614s_ici_35.0.wav,/Users/nfot413/dolphin_project/official_click_features/segments/click_train_01768_start_3196.614s_ici_35.0.wav
1769,1770,3196.83562,3196.913078,0.07745800000020608,3196.81562,3196.933078,0.1174580000001697,5.0,click_train_01769_start_3196.836s_ici_5.0.wav,/Users/nfot413/dolphin_project/official_click_features/segments/click_train_01769_start_3196.836s_ici_5.0.wav
1770,1771,3196.913078,3197.124776,0.21169800000006944,3196.893078,3197.144776,0.25169800000003306,40.0,click_train_01770_start_3196.913s_ici_40.0.wav,/Users/nfot413/dolphin_project/official_click_features/segments/click_train_01770_start_3196.913s_ici_40.0.wav
1771,1772,3197.217156,3197.282203,0.06504700000004959,3197.197156,3197.302203,0.10504700000001321,10.0,click_train_01771_start_3197.217s_ici_10.0.wav,/Users/nfot413/dolphin_project/official_click_features/segments/click_train_01771_start_3197.217s_ici_10.0.wav
1772,1773,3197.71799,3197.813849,0.09585900000001857,3197.69799,3197.833849,0.1358589999999822,10.0,click_train_01772_start_3197.718s_ici_10.0.wav,/Users/nfot413/dolphin_project/official_click_features/segments/click_train_01772_start_3197.718s_ici_10.0.wav
1773,1774,3198.310073,3199.087417,0.7773440000000846,3198.290073,3199.107417,0.8173440000000483,90.0,click_train_01773_start_3198.310s_ici_90.0.wav,/Users/nfot413/dolphin_project/official_click_features/segments/click_train_01773_start_3198.310s_ici_90.0.wav
1774,1775,3199.408661,3200.039479,0.6308180000000903,3199.388661,3200.059479,0.6708180000000539,30.0,click_train_01774_start_3199.409s_ici_30.0.wav,/Users/nfot413/dolphin_project/official_click_features/segments/click_train_01774_start_3199.409s_ici_30.0.wav
1775,1776,3200.039479,3201.784417,1.74493799999982,3200.019479,3201.804417,1.7849379999997836,5.0,click_train_01775_start_3200.039s_ici_5.0.wav,/Users/nfot413/dolphin_project/official_click_features/segments/click_train_01775_start_3200.039s_ici_5.0.wav
1776,1777,3201.784417,3202.314656,0.5302390000001651,3201.764417,3202.334656,0.5702390000001287,30.0,click_train_01776_start_3201.784s_ici_30.0.wav,/Users/nfot413/dolphin_project/official_click_features/segments/click_train_01776_start_3201.784s_ici_30.0.wav
1777,1778,3202.314656,3203.565729,1.2510729999999057,3202.294656,3203.585729,1.2910729999998694,10.0,click_train_01777_start_3202.315s_ici_10.0.wav,/Users/nfot413/dolphin_project/official_click_features/segments/click_train_01777_start_3202.315s_ici_10.0.wav
1778,1779,3205.158797,3206.370771,1.2119739999998274,3205.138797,3206.390771,1.251973999999791,5.0,click_train_01778_start_3205.159s_ici_5.0.wav,/Users/nfot413/dolphin_project/official_click_features/segments/click_train_01778_start_3205.159s_ici_5.0.wav
1779,1780,3210.072359,3210.719979,0.6476200000001882,3210.052359,3210.739979,0.6876200000001518,95.0,click_train_01779_start_3210.072s_ici_95.0.wav,/Users/nfot413/dolphin_project/official_click_features/segments/click_train_01779_start_3210.072s_ici_95.0.wav
1780,1781,3239.713042,3239.763229,0.050187000000278204,3239.693042,3239.783229,0.09018700000024182,10.0,click_train_01780_start_3239.713s_ici_10.0.wav,/Users/nfot413/dolphin_project/official_click_features/segments/click_train_01780_start_3239.713s_ici_10.0.wav
1781,1782,3258.904896,3259.094109,0.18921300000010888,3258.884896,3259.114109,0.2292130000000725,25.0,click_train_01781_start_3258.905s_ici_25.0.wav,/Users/nfot413/dolphin_project/official_click_features/segments/click_train_01781_start_3258.905s_ici_25.0.wav
1782,1783,3259.424719,3259.60437,0.17965099999992162,3259.404719,3259.62437,0.21965099999988524,30.0,click_train_01782_start_3259.425s_ici_30.0.wav,/Users/nfot413/dolphin_project/official_click_features/segments/click_train_01782_start_3259.425s_ici_30.0.wav
1783,1784,3259.651458,3259.748667,0.09720900000002075,3259.631458,3259.768667,0.13720899999998437,20.0,click_train_01783_start_3259.651s_ici_20.0.wav,/Users/nfot413/dolphin_project/official_click_features/segments/click_train_01783_start_3259.651s_ici_20.0.wav
1784,1785,3278.98174,3279.63875,0.6570099999999002,3278.96174,3279.65875,0.6970099999998638,110.0,click_train_01784_start_3278.982s_ici_110.0.wav,/Users/nfot413/dolphin_project/official_click_features/segments/click_train_01784_start_3278.982s_ici_110.0.wav
1785,1786,3279.849359,3280.086479,0.2371200000002318,3279.829359,3280.106479,0.27712000000019543,40.0,click_train_01785_start_3279.849s_ici_40.0.wav,/Users/nfot413/dolphin_project/official_click_features/segments/click_train_01785_start_3279.849s_ici_40.0.wav
1786,1787,3282.022167,3282.343,0.3208329999997659,3282.002167,3282.363,0.3608329999997295,65.0,click_train_01786_start_3282.022s_ici_65.0.wav,/Users/nfot413/dolphin_project/official_click_features/segments/click_train_01786_start_3282.022s_ici_65.0.wav
1787,1788,3282.647682,3283.243974,0.5962920000001759,3282.627682,3283.263974,0.6362920000001395,100.0,click_train_01787_start_3282.648s_ici_100.0.wav,/Users/nfot413/dolphin_project/official_click_features/segments/click_train_01787_start_3282.648s_ici_100.0.wav
1788,1789,3290.280604,3290.65199,0.37138599999980215,3290.260604,3290.67199,0.4113859999997658,75.0,click_train_01788_start_3290.281s_ici_75.0.wav,/Users/nfot413/dolphin_project/official_click_features/segments/click_train_01788_start_3290.281s_ici_75.0.wav
1789,1790,3291.400818,3291.620948,0.2201300000001538,3291.380818,3291.640948,0.26013000000011743,45.0,click_train_01789_start_3291.401s_ici_45.0.wav,/Users/nfot413/dolphin_project/official_click_features/segments/click_train_01789_start_3291.401s_ici_45.0.wav
1790,1791,3291.691917,3291.955693,0.26377599999977974,3291.671917,3291.975693,0.30377599999974336,50.0,click_train_01790_start_3291.692s_ici_50.0.wav,/Users/nfot413/dolphin_project/official_click_features/segments/click_train_01790_start_3291.692s_ici_50.0.wav
1791,1792,3292.701714,3293.472505,0.7707910000003722,3292.681714,3293.492505,0.8107910000003358,95.0,click_train_01791_start_3292.702s_ici_95.0.wav,/Users/nfot413/dolphin_project/official_click_features/segments/click_train_01791_start_3292.702s_ici_95.0.wav
1792,1793,3294.365943,3294.612917,0.24697400000013658,3294.345943,3294.632917,0.2869740000001002,40.0,click_train_01792_start_3294.366s_ici_40.0.wav,/Users/nfot413/dolphin_project/official_click_features/segments/click_train_01792_start_3294.366s_ici_40.0.wav
1793,1794,3295.463313,3295.773016,0.3097029999998995,3295.443313,3295.793016,0.3497029999998631,20.0,click_train_01793_start_3295.463s_ici_20.0.wav,/Users/nfot413/dolphin_project/official_click_features/segments/click_train_01793_start_3295.463s_ici_20.0.wav
1794,1795,3295.773016,3296.146734,0.37371799999982613,3295.753016,3296.166734,0.41371799999978975,20.0,click_train_01794_start_3295.773s_ici_20.0.wav,/Users/nfot413/dolphin_project/official_click_features/segments/click_train_01794_start_3295.773s_ici_20.0.wav
1795,1796,3296.19126,3296.705354,0.5140940000001137,3296.17126,3296.725354,0.5540940000000774,15.0,click_train_01795_start_3296.191s_ici_15.0.wav,/Users/nfot413/dolphin_project/official_click_features/segments/click_train_01795_start_3296.191s_ici_15.0.wav
1796,1797,3297.446307,3297.690219,0.2439119999999093,3297.426307,3297.710219,0.28391199999987293,45.0,click_train_01796_start_3297.446s_ici_45.0.wav,/Users/nfot413/dolphin_project/official_click_features/segments/click_train_01796_start_3297.446s_ici_45.0.wav
1797,1798,3297.817464,3298.263312,0.4458479999998417,3297.797464,3298.283312,0.4858479999998053,90.0,click_train_01797_start_3297.817s_ici_90.0.wav,/Users/nfot413/dolphin_project/official_click_features/segments/click_train_01797_start_3297.817s_ici_90.0.wav
1798,1799,3303.604047,3304.340495,0.7364480000001095,3303.584047,3304.360495,0.7764480000000731,85.0,click_train_01798_start_3303.604s_ici_85.0.wav,/Users/nfot413/dolphin_project/official_click_features/segments/click_train_01798_start_3303.604s_ici_85.0.wav
1799,1800,3304.968714,3305.197938,0.22922399999970366,3304.948714,3305.217938,0.2692239999996673,50.0,click_train_01799_start_3304.969s_ici_50.0.wav,/Users/nfot413/dolphin_project/official_click_features/segments/click_train_01799_start_3304.969s_ici_50.0.wav
1800,1801,3305.197938,3305.570938,0.3730000000000473,3305.177938,3305.590938,0.4130000000000109,80.0,click_train_01800_start_3305.198s_ici_80.0.wav,/Users/nfot413/dolphin_project/official_click_features/segments/click_train_01800_start_3305.198s_ici_80.0.wav
1801,1802,3308.15437,3308.522469,0.3680989999998019,3308.13437,3308.542469,0.4080989999997655,50.0,click_train_01801_start_3308.154s_ici_50.0.wav,/Users/nfot413/dolphin_project/official_click_features/segments/click_train_01801_start_3308.154s_ici_50.0.wav
1802,1803,3309.338443,3309.600964,0.26252100000010614,3309.318443,3309.620964,0.30252100000006976,45.0,click_train_01802_start_3309.338s_ici_45.0.wav,/Users/nfot413/dolphin_project/official_click_features/segments/click_train_01802_start_3309.338s_ici_45.0.wav
1803,1804,3311.868646,3312.333073,0.4644269999998869,3311.848646,3312.3530729999998,0.5044269999998505,80.0,click_train_01803_start_3311.869s_ici_80.0.wav,/Users/nfot413/dolphin_project/official_click_features/segments/click_train_01803_start_3311.869s_ici_80.0.wav
1804,1805,3314.230214,3314.927594,0.6973800000000665,3314.210214,3314.947594,0.7373800000000301,65.0,click_train_01804_start_3314.230s_ici_65.0.wav,/Users/nfot413/dolphin_project/official_click_features/segments/click_train_01804_start_3314.230s_ici_65.0.wav
1805,1806,3318.326547,3319.705427,1.3788799999997536,3318.306547,3319.725427,1.4188799999997173,75.0,click_train_01805_start_3318.327s_ici_75.0.wav,/Users/nfot413/dolphin_project/official_click_features/segments/click_train_01805_start_3318.327s_ici_75.0.wav
1806,1807,3319.705427,3320.290208,0.5847810000000209,3319.685427,3320.310208,0.6247809999999845,65.0,click_train_01806_start_3319.705s_ici_65.0.wav,/Users/nfot413/dolphin_project/official_click_features/segments/click_train_01806_start_3319.705s_ici_65.0.wav
1807,1808,3320.52763,3321.07601,0.5483800000001793,3320.50763,3321.09601,0.5883800000001429,55.0,click_train_01807_start_3320.528s_ici_55.0.wav,/Users/nfot413/dolphin_project/official_click_features/segments/click_train_01807_start_3320.528s_ici_55.0.wav
1808,1809,3321.07601,3322.112891,1.036880999999994,3321.0560100000002,3322.132891,1.0768809999999576,40.0,click_train_01808_start_3321.076s_ici_40.0.wav,/Users/nfot413/dolphin_project/official_click_features/segments/click_train_01808_start_3321.076s_ici_40.0.wav
1809,1810,3322.618552,3323.15649,0.5379379999999401,3322.598552,3323.17649,0.5779379999999037,35.0,click_train_01809_start_3322.619s_ici_35.0.wav,/Users/nfot413/dolphin_project/official_click_features/segments/click_train_01809_start_3322.619s_ici_35.0.wav
1810,1811,3323.182036,3323.475229,0.29319299999997384,3323.162036,3323.495229,0.33319299999993746,25.0,click_train_01810_start_3323.182s_ici_25.0.wav,/Users/nfot413/dolphin_project/official_click_features/segments/click_train_01810_start_3323.182s_ici_25.0.wav
1811,1812,3323.694026,3323.832859,0.1388329999999769,3323.674026,3323.852859,0.1788329999999405,30.0,click_train_01811_start_3323.694s_ici_30.0.wav,/Users/nfot413/dolphin_project/official_click_features/segments/click_train_01811_start_3323.694s_ici_30.0.wav
1812,1813,3324.027266,3324.099583,0.07231700000011188,3324.007266,3324.119583,0.1123170000000755,10.0,click_train_01812_start_3324.027s_ici_10.0.wav,/Users/nfot413/dolphin_project/official_click_features/segments/click_train_01812_start_3324.027s_ici_10.0.wav
1813,1814,3324.143396,3324.367562,0.22416599999996834,3324.123396,3324.387562,0.26416599999993196,15.0,click_train_01813_start_3324.143s_ici_15.0.wav,/Users/nfot413/dolphin_project/official_click_features/segments/click_train_01813_start_3324.143s_ici_15.0.wav
1814,1815,3324.885099,3325.16312,0.2780210000000807,3324.865099,3325.18312,0.3180210000000443,35.0,click_train_01814_start_3324.885s_ici_35.0.wav,/Users/nfot413/dolphin_project/official_click_features/segments/click_train_01814_start_3324.885s_ici_35.0.wav
1815,1816,3325.26613,3325.447057,0.18092699999988326,3325.24613,3325.467057,0.22092699999984688,15.0,click_train_01815_start_3325.266s_ici_15.0.wav,/Users/nfot413/dolphin_project/official_click_features/segments/click_train_01815_start_3325.266s_ici_15.0.wav
1816,1817,3325.629062,3325.844797,0.2157350000002225,3325.609062,3325.864797,0.2557350000001861,30.0,click_train_01816_start_3325.629s_ici_30.0.wav,/Users/nfot413/dolphin_project/official_click_features/segments/click_train_01816_start_3325.629s_ici_30.0.wav
1817,1818,3326.407844,3326.69975,0.291906000000381,3326.387844,3326.71975,0.33190600000034465,35.0,click_train_01817_start_3326.408s_ici_35.0.wav,/Users/nfot413/dolphin_project/official_click_features/segments/click_train_01817_start_3326.408s_ici_35.0.wav
1818,1819,3326.733891,3327.055104,0.3212130000001707,3326.713891,3327.075104,0.36121300000013434,25.0,click_train_01818_start_3326.734s_ici_25.0.wav,/Users/nfot413/dolphin_project/official_click_features/segments/click_train_01818_start_3326.734s_ici_25.0.wav
1819,1820,3327.35699,3328.111865,0.7548749999996289,3327.3369900000002,3328.131865,0.7948749999995925,40.0,click_train_01819_start_3327.357s_ici_40.0.wav,/Users/nfot413/dolphin_project/official_click_features/segments/click_train_01819_start_3327.357s_ici_40.0.wav
1820,1821,3330.598208,3331.062833,0.4646250000000691,3330.578208,3331.082833,0.5046250000000327,80.0,click_train_01820_start_3330.598s_ici_80.0.wav,/Users/nfot413/dolphin_project/official_click_features/segments/click_train_01820_start_3330.598s_ici_80.0.wav
1821,1822,3332.271536,3334.49112,2.2195839999999407,3332.251536,3334.51112,2.2595839999999043,5.0,click_train_01821_start_3332.272s_ici_5.0.wav,/Users/nfot413/dolphin_project/official_click_features/segments/click_train_01821_start_3332.272s_ici_5.0.wav
1822,1823,3335.091344,3338.839271,3.7479269999998905,3335.071344,3338.859271,3.787926999999854,5.0,click_train_01822_start_3335.091s_ici_5.0.wav,/Users/nfot413/dolphin_project/official_click_features/segments/click_train_01822_start_3335.091s_ici_5.0.wav
1823,1824,3339.419484,3339.804641,0.38515700000016295,3339.399484,3339.824641,0.4251570000001266,5.0,click_train_01823_start_3339.419s_ici_5.0.wav,/Users/nfot413/dolphin_project/official_click_features/segments/click_train_01823_start_3339.419s_ici_5.0.wav
1824,1825,3339.804641,3340.010438,0.2057969999996203,3339.784641,3340.030438,0.24579699999958393,10.0,click_train_01824_start_3339.805s_ici_10.0.wav,/Users/nfot413/dolphin_project/official_click_features/segments/click_train_01824_start_3339.805s_ici_10.0.wav
1825,1826,3340.15674,3340.279339,0.12259900000026391,3340.13674,3340.299339,0.16259900000022753,25.0,click_train_01825_start_3340.157s_ici_25.0.wav,/Users/nfot413/dolphin_project/official_click_features/segments/click_train_01825_start_3340.157s_ici_25.0.wav
1826,1827,3340.543552,3340.748453,0.2049010000000635,3340.523552,3340.768453,0.24490100000002712,10.0,click_train_01826_start_3340.544s_ici_10.0.wav,/Users/nfot413/dolphin_project/official_click_features/segments/click_train_01826_start_3340.544s_ici_10.0.wav
1827,1828,3340.970615,3341.028875,0.058259999999791034,3340.950615,3341.048875,0.09825999999975465,5.0,click_train_01827_start_3340.971s_ici_5.0.wav,/Users/nfot413/dolphin_project/official_click_features/segments/click_train_01827_start_3340.971s_ici_5.0.wav
1828,1829,3341.24375,3341.747042,0.503291999999874,3341.22375,3341.767042,0.5432919999998376,10.0,click_train_01828_start_3341.244s_ici_10.0.wav,/Users/nfot413/dolphin_project/official_click_features/segments/click_train_01828_start_3341.244s_ici_10.0.wav
1829,1830,3343.375927,3346.97799,3.6020629999998164,3343.355927,3346.99799,3.64206299999978,10.0,click_train_01829_start_3343.376s_ici_10.0.wav,/Users/nfot413/dolphin_project/official_click_features/segments/click_train_01829_start_3343.376s_ici_10.0.wav
1830,1831,3347.346896,3347.804042,0.45714600000019345,3347.326896,3347.824042,0.4971460000001571,95.0,click_train_01830_start_3347.347s_ici_95.0.wav,/Users/nfot413/dolphin_project/official_click_features/segments/click_train_01830_start_3347.347s_ici_95.0.wav
1831,1832,3348.006786,3348.065443,0.05865700000003926,3347.986786,3348.085443,0.09865700000000288,10.0,click_train_01831_start_3348.007s_ici_10.0.wav,/Users/nfot413/dolphin_project/official_click_features/segments/click_train_01831_start_3348.007s_ici_10.0.wav
1832,1833,3348.362266,3348.776365,0.4140990000000784,3348.342266,3348.796365,0.454099000000042,80.0,click_train_01832_start_3348.362s_ici_80.0.wav,/Users/nfot413/dolphin_project/official_click_features/segments/click_train_01832_start_3348.362s_ici_80.0.wav
1833,1834,3348.776365,3349.154812,0.37844700000005105,3348.756365,3349.174812,0.41844700000001467,75.0,click_train_01833_start_3348.776s_ici_75.0.wav,/Users/nfot413/dolphin_project/official_click_features/segments/click_train_01833_start_3348.776s_ici_75.0.wav
1834,1835,3349.154812,3349.276391,0.12157899999965593,3349.1348120000002,3349.296391,0.16157899999961955,25.0,click_train_01834_start_3349.155s_ici_25.0.wav,/Users/nfot413/dolphin_project/official_click_features/segments/click_train_01834_start_3349.155s_ici_25.0.wav
1835,1836,3349.276391,3350.746698,1.470307000000048,3349.256391,3350.766698,1.5103070000000116,5.0,click_train_01835_start_3349.276s_ici_5.0.wav,/Users/nfot413/dolphin_project/official_click_features/segments/click_train_01835_start_3349.276s_ici_5.0.wav
1836,1837,3351.047969,3351.347958,0.29998899999964124,3351.027969,3351.367958,0.33998899999960486,5.0,click_train_01836_start_3351.048s_ici_5.0.wav,/Users/nfot413/dolphin_project/official_click_features/segments/click_train_01836_start_3351.048s_ici_5.0.wav
1837,1838,3352.034182,3352.352948,0.3187660000003234,3352.014182,3352.372948,0.358766000000287,65.0,click_train_01837_start_3352.034s_ici_65.0.wav,/Users/nfot413/dolphin_project/official_click_features/segments/click_train_01837_start_3352.034s_ici_65.0.wav
1838,1839,3352.505042,3352.904359,0.39931700000033743,3352.485042,3352.924359,0.43931700000030105,85.0,click_train_01838_start_3352.505s_ici_85.0.wav,/Users/nfot413/dolphin_project/official_click_features/segments/click_train_01838_start_3352.505s_ici_85.0.wav
1839,1840,3354.357516,3354.471005,0.11348899999984496,3354.337516,3354.491005,0.15348899999980858,15.0,click_train_01839_start_3354.358s_ici_15.0.wav,/Users/nfot413/dolphin_project/official_click_features/segments/click_train_01839_start_3354.358s_ici_15.0.wav
1840,1841,3354.471005,3354.740703,0.26969800000006217,3354.451005,3354.760703,0.3096980000000258,30.0,click_train_01840_start_3354.471s_ici_30.0.wav,/Users/nfot413/dolphin_project/official_click_features/segments/click_train_01840_start_3354.471s_ici_30.0.wav
1841,1842,3354.740703,3355.116776,0.37607299999990573,3354.720703,3355.136776,0.41607299999986935,30.0,click_train_01841_start_3354.741s_ici_30.0.wav,/Users/nfot413/dolphin_project/official_click_features/segments/click_train_01841_start_3354.741s_ici_30.0.wav
1842,1843,3355.116776,3355.6135,0.49672400000008565,3355.096776,3355.6335,0.5367240000000493,10.0,click_train_01842_start_3355.117s_ici_10.0.wav,/Users/nfot413/dolphin_project/official_click_features/segments/click_train_01842_start_3355.117s_ici_10.0.wav
1843,1844,3356.403396,3356.428688,0.025291999999808468,3356.383396,3356.448688,0.06529199999977209,5.0,click_train_01843_start_3356.403s_ici_5.0.wav,/Users/nfot413/dolphin_project/official_click_features/segments/click_train_01843_start_3356.403s_ici_5.0.wav
1844,1845,3356.649917,3357.759943,1.1100259999998343,3356.629917,3357.779943,1.150025999999798,90.0,click_train_01844_start_3356.650s_ici_90.0.wav,/Users/nfot413/dolphin_project/official_click_features/segments/click_train_01844_start_3356.650s_ici_90.0.wav
1845,1846,3357.950151,3358.874604,0.924453000000085,3357.930151,3358.894604,0.9644530000000486,40.0,click_train_01845_start_3357.950s_ici_40.0.wav,/Users/nfot413/dolphin_project/official_click_features/segments/click_train_01845_start_3357.950s_ici_40.0.wav
1846,1847,3358.915073,3359.241036,0.3259629999997742,3358.895073,3359.261036,0.3659629999997378,40.0,click_train_01846_start_3358.915s_ici_40.0.wav,/Users/nfot413/dolphin_project/official_click_features/segments/click_train_01846_start_3358.915s_ici_40.0.wav
1847,1848,3359.241036,3359.537255,0.296219000000292,3359.221036,3359.557255,0.3362190000002556,25.0,click_train_01847_start_3359.241s_ici_25.0.wav,/Users/nfot413/dolphin_project/official_click_features/segments/click_train_01847_start_3359.241s_ici_25.0.wav
1848,1849,3360.010005,3361.114656,1.1046510000001035,3359.990005,3361.134656,1.1446510000000671,5.0,click_train_01848_start_3360.010s_ici_5.0.wav,/Users/nfot413/dolphin_project/official_click_features/segments/click_train_01848_start_3360.010s_ici_5.0.wav
1849,1850,3361.237089,3361.264312,0.02722299999959432,3361.217089,3361.2843119999998,0.06722299999955794,5.0,click_train_01849_start_3361.237s_ici_5.0.wav,/Users/nfot413/dolphin_project/official_click_features/segments/click_train_01849_start_3361.237s_ici_5.0.wav
1850,1851,3361.264312,3361.51513,0.25081800000043586,3361.244312,3361.53513,0.2908180000003995,30.0,click_train_01850_start_3361.264s_ici_30.0.wav,/Users/nfot413/dolphin_project/official_click_features/segments/click_train_01850_start_3361.264s_ici_30.0.wav
1851,1852,3361.60974,3362.253156,0.643416000000343,3361.58974,3362.273156,0.6834160000003067,60.0,click_train_01851_start_3361.610s_ici_60.0.wav,/Users/nfot413/dolphin_project/official_click_features/segments/click_train_01851_start_3361.610s_ici_60.0.wav
1852,1853,3362.253156,3363.024109,0.7709529999997358,3362.2331560000002,3363.044109,0.8109529999996994,40.0,click_train_01852_start_3362.253s_ici_40.0.wav,/Users/nfot413/dolphin_project/official_click_features/segments/click_train_01852_start_3362.253s_ici_40.0.wav
1853,1854,3363.117328,3363.538693,0.42136500000015076,3363.097328,3363.558693,0.4613650000001144,55.0,click_train_01853_start_3363.117s_ici_55.0.wav,/Users/nfot413/dolphin_project/official_click_features/segments/click_train_01853_start_3363.117s_ici_55.0.wav
1854,1855,3363.633188,3363.879833,0.24664500000017142,3363.613188,3363.899833,0.28664500000013504,55.0,click_train_01854_start_3363.633s_ici_55.0.wav,/Users/nfot413/dolphin_project/official_click_features/segments/click_train_01854_start_3363.633s_ici_55.0.wav
1855,1856,3364.75338,3365.551755,0.7983749999998508,3364.73338,3365.571755,0.8383749999998145,40.0,click_train_01855_start_3364.753s_ici_40.0.wav,/Users/nfot413/dolphin_project/official_click_features/segments/click_train_01855_start_3364.753s_ici_40.0.wav
1856,1857,3365.71688,3366.054698,0.3378179999999702,3365.69688,3366.074698,0.3778179999999338,15.0,click_train_01856_start_3365.717s_ici_15.0.wav,/Users/nfot413/dolphin_project/official_click_features/segments/click_train_01856_start_3365.717s_ici_15.0.wav
1857,1858,3366.21675,3366.29925,0.08249999999998181,3366.19675,3366.31925,0.12249999999994543,20.0,click_train_01857_start_3366.217s_ici_20.0.wav,/Users/nfot413/dolphin_project/official_click_features/segments/click_train_01857_start_3366.217s_ici_20.0.wav
1858,1859,3367.085193,3367.569208,0.4840149999999994,3367.065193,3367.589208,0.524014999999963,85.0,click_train_01858_start_3367.085s_ici_85.0.wav,/Users/nfot413/dolphin_project/official_click_features/segments/click_train_01858_start_3367.085s_ici_85.0.wav
1859,1860,3369.259755,3370.145312,0.8855570000000625,3369.239755,3370.165312,0.9255570000000262,5.0,click_train_01859_start_3369.260s_ici_5.0.wav,/Users/nfot413/dolphin_project/official_click_features/segments/click_train_01859_start_3369.260s_ici_5.0.wav
1860,1861,3370.858516,3371.338578,0.48006200000008903,3370.838516,3371.358578,0.5200620000000526,90.0,click_train_01860_start_3370.859s_ici_90.0.wav,/Users/nfot413/dolphin_project/official_click_features/segments/click_train_01860_start_3370.859s_ici_90.0.wav
1861,1862,3371.621266,3372.351198,0.7299319999997351,3371.601266,3372.371198,0.7699319999996987,85.0,click_train_01861_start_3371.621s_ici_85.0.wav,/Users/nfot413/dolphin_project/official_click_features/segments/click_train_01861_start_3371.621s_ici_85.0.wav
1862,1863,3372.876823,3373.071234,0.1944109999999455,3372.856823,3373.091234,0.2344109999999091,40.0,click_train_01862_start_3372.877s_ici_40.0.wav,/Users/nfot413/dolphin_project/official_click_features/segments/click_train_01862_start_3372.877s_ici_40.0.wav
1863,1864,3373.3935,3374.083422,0.6899220000000241,3373.3735,3374.103422,0.7299219999999877,85.0,click_train_01863_start_3373.394s_ici_85.0.wav,/Users/nfot413/dolphin_project/official_click_features/segments/click_train_01863_start_3373.394s_ici_85.0.wav
1864,1865,3374.565917,3376.088026,1.5221090000000004,3374.545917,3376.108026,1.562108999999964,5.0,click_train_01864_start_3374.566s_ici_5.0.wav,/Users/nfot413/dolphin_project/official_click_features/segments/click_train_01864_start_3374.566s_ici_5.0.wav
1865,1866,3377.960802,3378.569943,0.6091409999999087,3377.940802,3378.589943,0.6491409999998723,55.0,click_train_01865_start_3377.961s_ici_55.0.wav,/Users/nfot413/dolphin_project/official_click_features/segments/click_train_01865_start_3377.961s_ici_55.0.wav
1866,1867,3378.619755,3378.903375,0.28361999999970067,3378.599755,3378.923375,0.3236199999996643,40.0,click_train_01866_start_3378.620s_ici_40.0.wav,/Users/nfot413/dolphin_project/official_click_features/segments/click_train_01866_start_3378.620s_ici_40.0.wav
1867,1868,3378.903375,3379.068406,0.16503099999999904,3378.883375,3379.088406,0.20503099999996266,10.0,click_train_01867_start_3378.903s_ici_10.0.wav,/Users/nfot413/dolphin_project/official_click_features/segments/click_train_01867_start_3378.903s_ici_10.0.wav
1868,1869,3379.159214,3379.450302,0.2910880000003999,3379.139214,3379.470302,0.33108800000036354,5.0,click_train_01868_start_3379.159s_ici_5.0.wav,/Users/nfot413/dolphin_project/official_click_features/segments/click_train_01868_start_3379.159s_ici_5.0.wav
1869,1870,3379.521896,3379.836807,0.3149109999999382,3379.501896,3379.856807,0.35491099999990183,35.0,click_train_01869_start_3379.522s_ici_35.0.wav,/Users/nfot413/dolphin_project/official_click_features/segments/click_train_01869_start_3379.522s_ici_35.0.wav
1870,1871,3381.902583,3382.166667,0.2640839999999116,3381.882583,3382.186667,0.30408399999987523,35.0,click_train_01870_start_3381.903s_ici_35.0.wav,/Users/nfot413/dolphin_project/official_click_features/segments/click_train_01870_start_3381.903s_ici_35.0.wav
1871,1872,3382.474536,3382.892979,0.41844300000002477,3382.454536,3382.912979,0.4584429999999884,50.0,click_train_01871_start_3382.475s_ici_50.0.wav,/Users/nfot413/dolphin_project/official_click_features/segments/click_train_01871_start_3382.475s_ici_50.0.wav
1872,1873,3383.402255,3383.719703,0.3174480000002404,3383.382255,3383.739703,0.35744800000020405,45.0,click_train_01872_start_3383.402s_ici_45.0.wav,/Users/nfot413/dolphin_project/official_click_features/segments/click_train_01872_start_3383.402s_ici_45.0.wav
1873,1874,3383.861438,3384.185188,0.3237500000000182,3383.841438,3384.205188,0.3637499999999818,15.0,click_train_01873_start_3383.861s_ici_15.0.wav,/Users/nfot413/dolphin_project/official_click_features/segments/click_train_01873_start_3383.861s_ici_15.0.wav
1874,1875,3384.185188,3385.039891,0.8547029999999722,3384.165188,3385.059891,0.8947029999999359,25.0,click_train_01874_start_3384.185s_ici_25.0.wav,/Users/nfot413/dolphin_project/official_click_features/segments/click_train_01874_start_3384.185s_ici_25.0.wav
1875,1876,3385.264615,3385.442073,0.17745800000011513,3385.244615,3385.462073,0.21745800000007875,30.0,click_train_01875_start_3385.265s_ici_30.0.wav,/Users/nfot413/dolphin_project/official_click_features/segments/click_train_01875_start_3385.265s_ici_30.0.wav
1876,1877,3385.442073,3385.624464,0.182390999999825,3385.422073,3385.644464,0.22239099999978862,20.0,click_train_01876_start_3385.442s_ici_20.0.wav,/Users/nfot413/dolphin_project/official_click_features/segments/click_train_01876_start_3385.442s_ici_20.0.wav
1877,1878,3385.986937,3386.59474,0.6078029999998762,3385.966937,3386.61474,0.6478029999998398,10.0,click_train_01877_start_3385.987s_ici_10.0.wav,/Users/nfot413/dolphin_project/official_click_features/segments/click_train_01877_start_3385.987s_ici_10.0.wav
1878,1879,3386.793417,3388.209979,1.41656200000034,3386.773417,3388.229979,1.4565620000003037,10.0,click_train_01878_start_3386.793s_ici_10.0.wav,/Users/nfot413/dolphin_project/official_click_features/segments/click_train_01878_start_3386.793s_ici_10.0.wav
1879,1880,3388.219167,3388.979797,0.7606299999997646,3388.199167,3388.999797,0.8006299999997282,30.0,click_train_01879_start_3388.219s_ici_30.0.wav,/Users/nfot413/dolphin_project/official_click_features/segments/click_train_01879_start_3388.219s_ici_30.0.wav
1880,1881,3388.999057,3389.898755,0.8996980000001713,3388.979057,3389.918755,0.9396980000001349,40.0,click_train_01880_start_3388.999s_ici_40.0.wav,/Users/nfot413/dolphin_project/official_click_features/segments/click_train_01880_start_3388.999s_ici_40.0.wav
1881,1882,3389.898755,3390.675453,0.7766979999996693,3389.878755,3390.695453,0.8166979999996329,10.0,click_train_01881_start_3389.899s_ici_10.0.wav,/Users/nfot413/dolphin_project/official_click_features/segments/click_train_01881_start_3389.899s_ici_10.0.wav
1882,1883,3390.675453,3391.411667,0.7362140000000181,3390.655453,3391.431667,0.7762139999999818,25.0,click_train_01882_start_3390.675s_ici_25.0.wav,/Users/nfot413/dolphin_project/official_click_features/segments/click_train_01882_start_3390.675s_ici_25.0.wav
1883,1884,3391.43013,3392.120245,0.6901149999998779,3391.41013,3392.140245,0.7301149999998415,25.0,click_train_01883_start_3391.430s_ici_25.0.wav,/Users/nfot413/dolphin_project/official_click_features/segments/click_train_01883_start_3391.430s_ici_25.0.wav
1884,1885,3392.120245,3392.168052,0.04780699999992066,3392.100245,3392.188052,0.08780699999988428,10.0,click_train_01884_start_3392.120s_ici_10.0.wav,/Users/nfot413/dolphin_project/official_click_features/segments/click_train_01884_start_3392.120s_ici_10.0.wav
1885,1886,3392.168052,3392.296099,0.12804700000015146,3392.148052,3392.316099,0.16804700000011508,10.0,click_train_01885_start_3392.168s_ici_10.0.wav,/Users/nfot413/dolphin_project/official_click_features/segments/click_train_01885_start_3392.168s_ici_10.0.wav
1886,1887,3392.316401,3392.363891,0.0474899999999252,3392.296401,3392.383891,0.08748999999988882,5.0,click_train_01886_start_3392.316s_ici_5.0.wav,/Users/nfot413/dolphin_project/official_click_features/segments/click_train_01886_start_3392.316s_ici_5.0.wav
1887,1888,3392.52763,3392.580604,0.0529740000001766,3392.50763,3392.600604,0.09297400000014022,10.0,click_train_01887_start_3392.528s_ici_10.0.wav,/Users/nfot413/dolphin_project/official_click_features/segments/click_train_01887_start_3392.528s_ici_10.0.wav
1888,1889,3392.604698,3392.831302,0.22660399999995207,3392.584698,3392.851302,0.2666039999999157,30.0,click_train_01888_start_3392.605s_ici_30.0.wav,/Users/nfot413/dolphin_project/official_click_features/segments/click_train_01888_start_3392.605s_ici_30.0.wav
1889,1890,3392.962313,3393.531948,0.5696349999998347,3392.942313,3393.551948,0.6096349999997983,5.0,click_train_01889_start_3392.962s_ici_5.0.wav,/Users/nfot413/dolphin_project/official_click_features/segments/click_train_01889_start_3392.962s_ici_5.0.wav
1890,1891,3393.531948,3393.628062,0.09611400000039794,3393.511948,3393.648062,0.13611400000036156,20.0,click_train_01890_start_3393.532s_ici_20.0.wav,/Users/nfot413/dolphin_project/official_click_features/segments/click_train_01890_start_3393.532s_ici_20.0.wav
1891,1892,3393.628062,3394.369026,0.7409639999996216,3393.6080620000002,3394.389026,0.7809639999995852,10.0,click_train_01891_start_3393.628s_ici_10.0.wav,/Users/nfot413/dolphin_project/official_click_features/segments/click_train_01891_start_3393.628s_ici_10.0.wav
1892,1893,3394.643995,3395.582,0.9380049999999756,3394.623995,3395.602,0.9780049999999392,25.0,click_train_01892_start_3394.644s_ici_25.0.wav,/Users/nfot413/dolphin_project/official_click_features/segments/click_train_01892_start_3394.644s_ici_25.0.wav
1893,1894,3395.582,3396.304708,0.7227080000002388,3395.562,3396.324708,0.7627080000002024,45.0,click_train_01893_start_3395.582s_ici_45.0.wav,/Users/nfot413/dolphin_project/official_click_features/segments/click_train_01893_start_3395.582s_ici_45.0.wav
1894,1895,3396.78112,3397.237714,0.45659399999976813,3396.76112,3397.257714,0.49659399999973175,80.0,click_train_01894_start_3396.781s_ici_80.0.wav,/Users/nfot413/dolphin_project/official_click_features/segments/click_train_01894_start_3396.781s_ici_80.0.wav
1895,1896,3397.632344,3398.352396,0.7200520000001234,3397.612344,3398.372396,0.760052000000087,45.0,click_train_01895_start_3397.632s_ici_45.0.wav,/Users/nfot413/dolphin_project/official_click_features/segments/click_train_01895_start_3397.632s_ici_45.0.wav
1896,1897,3398.456797,3398.999385,0.5425880000002508,3398.436797,3399.019385,0.5825880000002144,30.0,click_train_01896_start_3398.457s_ici_30.0.wav,/Users/nfot413/dolphin_project/official_click_features/segments/click_train_01896_start_3398.457s_ici_30.0.wav
1897,1898,3399.80363,3400.235141,0.4315110000002278,3399.78363,3400.255141,0.4715110000001914,90.0,click_train_01897_start_3399.804s_ici_90.0.wav,/Users/nfot413/dolphin_project/official_click_features/segments/click_train_01897_start_3399.804s_ici_90.0.wav
1898,1899,3401.096984,3401.582979,0.4859950000000026,3401.076984,3401.602979,0.5259949999999662,85.0,click_train_01898_start_3401.097s_ici_85.0.wav,/Users/nfot413/dolphin_project/official_click_features/segments/click_train_01898_start_3401.097s_ici_85.0.wav
1899,1900,3401.582979,3402.023932,0.4409530000002633,3401.562979,3402.043932,0.4809530000002269,90.0,click_train_01899_start_3401.583s_ici_90.0.wav,/Users/nfot413/dolphin_project/official_click_features/segments/click_train_01899_start_3401.583s_ici_90.0.wav
1900,1901,3402.714057,3404.616948,1.9028909999997268,3402.694057,3404.636948,1.9428909999996904,5.0,click_train_01900_start_3402.714s_ici_5.0.wav,/Users/nfot413/dolphin_project/official_click_features/segments/click_train_01900_start_3402.714s_ici_5.0.wav
1901,1902,3404.616948,3404.709786,0.09283800000002884,3404.596948,3404.729786,0.13283799999999246,10.0,click_train_01901_start_3404.617s_ici_10.0.wav,/Users/nfot413/dolphin_project/official_click_features/segments/click_train_01901_start_3404.617s_ici_10.0.wav
1902,1903,3405.041099,3405.306094,0.264994999999999,3405.021099,3405.326094,0.3049949999999626,55.0,click_train_01902_start_3405.041s_ici_55.0.wav,/Users/nfot413/dolphin_project/official_click_features/segments/click_train_01902_start_3405.041s_ici_55.0.wav
1903,1904,3405.434089,3405.509781,0.0756920000003447,3405.414089,3405.529781,0.11569200000030833,10.0,click_train_01903_start_3405.434s_ici_10.0.wav,/Users/nfot413/dolphin_project/official_click_features/segments/click_train_01903_start_3405.434s_ici_10.0.wav
1904,1905,3405.584484,3406.079271,0.4947870000000876,3405.564484,3406.099271,0.5347870000000512,75.0,click_train_01904_start_3405.584s_ici_75.0.wav,/Users/nfot413/dolphin_project/official_click_features/segments/click_train_01904_start_3405.584s_ici_75.0.wav
1905,1906,3406.757771,3406.858359,0.10058799999978874,3406.737771,3406.878359,0.14058799999975236,20.0,click_train_01905_start_3406.758s_ici_20.0.wav,/Users/nfot413/dolphin_project/official_click_features/segments/click_train_01905_start_3406.758s_ici_20.0.wav
1906,1907,3406.858359,3407.888547,1.0301880000001802,3406.838359,3407.908547,1.0701880000001438,5.0,click_train_01906_start_3406.858s_ici_5.0.wav,/Users/nfot413/dolphin_project/official_click_features/segments/click_train_01906_start_3406.858s_ici_5.0.wav
1907,1908,3408.062932,3408.818172,0.755239999999958,3408.042932,3408.8381719999998,0.7952399999999216,5.0,click_train_01907_start_3408.063s_ici_5.0.wav,/Users/nfot413/dolphin_project/official_click_features/segments/click_train_01907_start_3408.063s_ici_5.0.wav
1908,1909,3408.866906,3409.192526,0.325619999999617,3408.846906,3409.212526,0.3656199999995806,70.0,click_train_01908_start_3408.867s_ici_70.0.wav,/Users/nfot413/dolphin_project/official_click_features/segments/click_train_01908_start_3408.867s_ici_70.0.wav
1909,1910,3409.799115,3410.063896,0.2647810000003119,3409.779115,3410.083896,0.3047810000002755,30.0,click_train_01909_start_3409.799s_ici_30.0.wav,/Users/nfot413/dolphin_project/official_click_features/segments/click_train_01909_start_3409.799s_ici_30.0.wav
1910,1911,3410.362349,3410.908276,0.5459270000001197,3410.342349,3410.928276,0.5859270000000834,65.0,click_train_01910_start_3410.362s_ici_65.0.wav,/Users/nfot413/dolphin_project/official_click_features/segments/click_train_01910_start_3410.362s_ici_65.0.wav
1911,1912,3410.908276,3411.096234,0.18795799999998053,3410.888276,3411.116234,0.22795799999994415,30.0,click_train_01911_start_3410.908s_ici_30.0.wav,/Users/nfot413/dolphin_project/official_click_features/segments/click_train_01911_start_3410.908s_ici_30.0.wav
1912,1913,3411.096234,3411.13601,0.03977600000007442,3411.076234,3411.15601,0.07977600000003804,5.0,click_train_01912_start_3411.096s_ici_5.0.wav,/Users/nfot413/dolphin_project/official_click_features/segments/click_train_01912_start_3411.096s_ici_5.0.wav
1913,1914,3411.13601,3411.390203,0.2541929999997592,3411.11601,3411.410203,0.2941929999997228,60.0,click_train_01913_start_3411.136s_ici_60.0.wav,/Users/nfot413/dolphin_project/official_click_features/segments/click_train_01913_start_3411.136s_ici_60.0.wav
1914,1915,3411.449026,3411.529026,0.08000000000038199,3411.429026,3411.549026,0.12000000000034561,10.0,click_train_01914_start_3411.449s_ici_10.0.wav,/Users/nfot413/dolphin_project/official_click_features/segments/click_train_01914_start_3411.449s_ici_10.0.wav
1915,1916,3411.789172,3411.876635,0.08746300000029805,3411.769172,3411.896635,0.12746300000026167,10.0,click_train_01915_start_3411.789s_ici_10.0.wav,/Users/nfot413/dolphin_project/official_click_features/segments/click_train_01915_start_3411.789s_ici_10.0.wav
1916,1917,3411.903422,3411.982453,0.07903100000021368,3411.883422,3412.002453,0.1190310000001773,10.0,click_train_01916_start_3411.903s_ici_10.0.wav,/Users/nfot413/dolphin_project/official_click_features/segments/click_train_01916_start_3411.903s_ici_10.0.wav
1917,1918,3412.184474,3412.224656,0.04018199999973149,3412.164474,3412.244656,0.08018199999969511,5.0,click_train_01917_start_3412.184s_ici_5.0.wav,/Users/nfot413/dolphin_project/official_click_features/segments/click_train_01917_start_3412.184s_ici_5.0.wav
1918,1919,3412.247161,3412.280578,0.033417000000099506,3412.227161,3412.300578,0.07341700000006313,5.0,click_train_01918_start_3412.247s_ici_5.0.wav,/Users/nfot413/dolphin_project/official_click_features/segments/click_train_01918_start_3412.247s_ici_5.0.wav
1919,1920,3412.525271,3412.563036,0.0377650000000358,3412.505271,3412.583036,0.07776499999999942,5.0,click_train_01919_start_3412.525s_ici_5.0.wav,/Users/nfot413/dolphin_project/official_click_features/segments/click_train_01919_start_3412.525s_ici_5.0.wav
1920,1921,3412.592083,3412.879083,0.2869999999998072,3412.572083,3412.899083,0.3269999999997708,45.0,click_train_01920_start_3412.592s_ici_45.0.wav,/Users/nfot413/dolphin_project/official_click_features/segments/click_train_01920_start_3412.592s_ici_45.0.wav
1921,1922,3412.922115,3413.133688,0.21157300000004398,3412.902115,3413.153688,0.2515730000000076,30.0,click_train_01921_start_3412.922s_ici_30.0.wav,/Users/nfot413/dolphin_project/official_click_features/segments/click_train_01921_start_3412.922s_ici_30.0.wav
1922,1923,3413.133688,3413.170589,0.03690099999994345,3413.113688,3413.190589,0.07690099999990707,5.0,click_train_01922_start_3413.134s_ici_5.0.wav,/Users/nfot413/dolphin_project/official_click_features/segments/click_train_01922_start_3413.134s_ici_5.0.wav
1923,1924,3413.170589,3413.278964,0.10837500000025102,3413.150589,3413.298964,0.14837500000021464,10.0,click_train_01923_start_3413.171s_ici_10.0.wav,/Users/nfot413/dolphin_project/official_click_features/segments/click_train_01923_start_3413.171s_ici_10.0.wav
1924,1925,3413.318797,3413.450495,0.1316980000001422,3413.298797,3413.470495,0.17169800000010582,10.0,click_train_01924_start_3413.319s_ici_10.0.wav,/Users/nfot413/dolphin_project/official_click_features/segments/click_train_01924_start_3413.319s_ici_10.0.wav
1925,1926,3413.829359,3414.075307,0.24594800000022587,3413.809359,3414.095307,0.2859480000001895,45.0,click_train_01925_start_3413.829s_ici_45.0.wav,/Users/nfot413/dolphin_project/official_click_features/segments/click_train_01925_start_3413.829s_ici_45.0.wav
1926,1927,3414.337125,3414.749318,0.4121930000001157,3414.317125,3414.769318,0.45219300000007934,40.0,click_train_01926_start_3414.337s_ici_40.0.wav,/Users/nfot413/dolphin_project/official_click_features/segments/click_train_01926_start_3414.337s_ici_40.0.wav
1927,1928,3414.851245,3414.885849,0.03460399999994479,3414.831245,3414.9058489999998,0.07460399999990841,5.0,click_train_01927_start_3414.851s_ici_5.0.wav,/Users/nfot413/dolphin_project/official_click_features/segments/click_train_01927_start_3414.851s_ici_5.0.wav
1928,1929,3415.539656,3415.775531,0.23587499999985084,3415.519656,3415.7955309999998,0.27587499999981446,45.0,click_train_01928_start_3415.540s_ici_45.0.wav,/Users/nfot413/dolphin_project/official_click_features/segments/click_train_01928_start_3415.540s_ici_45.0.wav
1929,1930,3416.019604,3416.550844,0.5312399999997979,3415.999604,3416.570844,0.5712399999997615,55.0,click_train_01929_start_3416.020s_ici_55.0.wav,/Users/nfot413/dolphin_project/official_click_features/segments/click_train_01929_start_3416.020s_ici_55.0.wav
1930,1931,3416.684443,3416.87376,0.1893169999998463,3416.664443,3416.89376,0.22931699999980992,40.0,click_train_01930_start_3416.684s_ici_40.0.wav,/Users/nfot413/dolphin_project/official_click_features/segments/click_train_01930_start_3416.684s_ici_40.0.wav
1931,1932,3417.61274,3418.103599,0.4908590000000004,3417.59274,3418.123599,0.530858999999964,65.0,click_train_01931_start_3417.613s_ici_65.0.wav,/Users/nfot413/dolphin_project/official_click_features/segments/click_train_01931_start_3417.613s_ici_65.0.wav
1932,1933,3418.70962,3418.857208,0.1475879999998142,3418.68962,3418.877208,0.18758799999977782,20.0,click_train_01932_start_3418.710s_ici_20.0.wav,/Users/nfot413/dolphin_project/official_click_features/segments/click_train_01932_start_3418.710s_ici_20.0.wav
1933,1934,3418.899682,3419.018859,0.11917699999958131,3418.8796820000002,3419.038859,0.15917699999954493,25.0,click_train_01933_start_3418.900s_ici_25.0.wav,/Users/nfot413/dolphin_project/official_click_features/segments/click_train_01933_start_3418.900s_ici_25.0.wav
1934,1935,3419.225932,3419.68562,0.45968800000036936,3419.205932,3419.70562,0.499688000000333,80.0,click_train_01934_start_3419.226s_ici_80.0.wav,/Users/nfot413/dolphin_project/official_click_features/segments/click_train_01934_start_3419.226s_ici_80.0.wav
1935,1936,3420.482516,3420.730443,0.24792699999989054,3420.462516,3420.750443,0.28792699999985416,40.0,click_train_01935_start_3420.483s_ici_40.0.wav,/Users/nfot413/dolphin_project/official_click_features/segments/click_train_01935_start_3420.483s_ici_40.0.wav
1936,1937,3421.35675,3421.65926,0.30250999999998385,3421.33675,3421.67926,0.34250999999994747,30.0,click_train_01936_start_3421.357s_ici_30.0.wav,/Users/nfot413/dolphin_project/official_click_features/segments/click_train_01936_start_3421.357s_ici_30.0.wav
1937,1938,3422.287266,3422.61862,0.33135400000037407,3422.267266,3422.63862,0.3713540000003377,70.0,click_train_01937_start_3422.287s_ici_70.0.wav,/Users/nfot413/dolphin_project/official_click_features/segments/click_train_01937_start_3422.287s_ici_70.0.wav
1938,1939,3422.771422,3423.136281,0.3648590000002514,3422.751422,3423.156281,0.404859000000215,75.0,click_train_01938_start_3422.771s_ici_75.0.wav,/Users/nfot413/dolphin_project/official_click_features/segments/click_train_01938_start_3422.771s_ici_75.0.wav
1939,1940,3423.475651,3423.881089,0.40543799999977637,3423.455651,3423.901089,0.44543799999974,70.0,click_train_01939_start_3423.476s_ici_70.0.wav,/Users/nfot413/dolphin_project/official_click_features/segments/click_train_01939_start_3423.476s_ici_70.0.wav
1940,1941,3423.881089,3424.150417,0.26932799999985946,3423.861089,3424.170417,0.3093279999998231,10.0,click_train_01940_start_3423.881s_ici_10.0.wav,/Users/nfot413/dolphin_project/official_click_features/segments/click_train_01940_start_3423.881s_ici_10.0.wav
1941,1942,3424.405599,3424.486245,0.08064599999988786,3424.385599,3424.506245,0.12064599999985148,20.0,click_train_01941_start_3424.406s_ici_20.0.wav,/Users/nfot413/dolphin_project/official_click_features/segments/click_train_01941_start_3424.406s_ici_20.0.wav
1942,1943,3424.486245,3424.73725,0.2510050000000774,3424.466245,3424.75725,0.29100500000004104,35.0,click_train_01942_start_3424.486s_ici_35.0.wav,/Users/nfot413/dolphin_project/official_click_features/segments/click_train_01942_start_3424.486s_ici_35.0.wav
1943,1944,3425.023385,3425.377203,0.3538180000000466,3425.003385,3425.397203,0.3938180000000102,65.0,click_train_01943_start_3425.023s_ici_65.0.wav,/Users/nfot413/dolphin_project/official_click_features/segments/click_train_01943_start_3425.023s_ici_65.0.wav
1944,1945,3425.377203,3425.442854,0.06565099999988888,3425.357203,3425.462854,0.1056509999998525,10.0,click_train_01944_start_3425.377s_ici_10.0.wav,/Users/nfot413/dolphin_project/official_click_features/segments/click_train_01944_start_3425.377s_ici_10.0.wav
1945,1946,3425.501146,3425.675917,0.17477099999996426,3425.481146,3425.695917,0.21477099999992788,15.0,click_train_01945_start_3425.501s_ici_15.0.wav,/Users/nfot413/dolphin_project/official_click_features/segments/click_train_01945_start_3425.501s_ici_15.0.wav
1946,1947,3425.675917,3425.797078,0.12116100000002916,3425.655917,3425.817078,0.16116099999999278,20.0,click_train_01946_start_3425.676s_ici_20.0.wav,/Users/nfot413/dolphin_project/official_click_features/segments/click_train_01946_start_3425.676s_ici_20.0.wav
1947,1948,3425.828214,3425.974198,0.14598399999977119,3425.808214,3425.994198,0.1859839999997348,20.0,click_train_01947_start_3425.828s_ici_20.0.wav,/Users/nfot413/dolphin_project/official_click_features/segments/click_train_01947_start_3425.828s_ici_20.0.wav
1948,1949,3426.703031,3426.862865,0.15983400000004622,3426.683031,3426.882865,0.19983400000000984,25.0,click_train_01948_start_3426.703s_ici_25.0.wav,/Users/nfot413/dolphin_project/official_click_features/segments/click_train_01948_start_3426.703s_ici_25.0.wav
1949,1950,3428.089953,3428.283401,0.1934479999999894,3428.069953,3428.303401,0.23344799999995303,30.0,click_train_01949_start_3428.090s_ici_30.0.wav,/Users/nfot413/dolphin_project/official_click_features/segments/click_train_01949_start_3428.090s_ici_30.0.wav
1950,1951,3428.641932,3428.933859,0.2919270000002143,3428.621932,3428.953859,0.33192700000017794,15.0,click_train_01950_start_3428.642s_ici_15.0.wav,/Users/nfot413/dolphin_project/official_click_features/segments/click_train_01950_start_3428.642s_ici_15.0.wav
1951,1952,3429.021104,3429.357229,0.3361250000002656,3429.001104,3429.377229,0.3761250000002292,35.0,click_train_01951_start_3429.021s_ici_35.0.wav,/Users/nfot413/dolphin_project/official_click_features/segments/click_train_01951_start_3429.021s_ici_35.0.wav
1952,1953,3429.390417,3429.743323,0.35290600000007544,3429.370417,3429.763323,0.39290600000003906,30.0,click_train_01952_start_3429.390s_ici_30.0.wav,/Users/nfot413/dolphin_project/official_click_features/segments/click_train_01952_start_3429.390s_ici_30.0.wav
1953,1954,3429.766849,3430.003151,0.23630199999979595,3429.746849,3430.023151,0.2763019999997596,25.0,click_train_01953_start_3429.767s_ici_25.0.wav,/Users/nfot413/dolphin_project/official_click_features/segments/click_train_01953_start_3429.767s_ici_25.0.wav
1954,1955,3430.21113,3431.967292,1.7561619999996765,3430.19113,3431.987292,1.79616199999964,30.0,click_train_01954_start_3430.211s_ici_30.0.wav,/Users/nfot413/dolphin_project/official_click_features/segments/click_train_01954_start_3430.211s_ici_30.0.wav
1955,1956,3431.996333,3432.166479,0.17014599999993152,3431.976333,3432.186479,0.21014599999989514,30.0,click_train_01955_start_3431.996s_ici_30.0.wav,/Users/nfot413/dolphin_project/official_click_features/segments/click_train_01955_start_3431.996s_ici_30.0.wav
1956,1957,3432.194578,3433.229286,1.0347079999996822,3432.174578,3433.2492859999998,1.0747079999996458,25.0,click_train_01956_start_3432.195s_ici_25.0.wav,/Users/nfot413/dolphin_project/official_click_features/segments/click_train_01956_start_3432.195s_ici_25.0.wav
1957,1958,3433.571104,3433.774474,0.2033699999997225,3433.551104,3433.794474,0.24336999999968612,30.0,click_train_01957_start_3433.571s_ici_30.0.wav,/Users/nfot413/dolphin_project/official_click_features/segments/click_train_01957_start_3433.571s_ici_30.0.wav
1958,1959,3434.021885,3434.221865,0.1999799999998686,3434.001885,3434.241865,0.23997999999983222,15.0,click_train_01958_start_3434.022s_ici_15.0.wav,/Users/nfot413/dolphin_project/official_click_features/segments/click_train_01958_start_3434.022s_ici_15.0.wav
1959,1960,3435.021396,3435.623943,0.6025469999999586,3435.001396,3435.643943,0.6425469999999223,45.0,click_train_01959_start_3435.021s_ici_45.0.wav,/Users/nfot413/dolphin_project/official_click_features/segments/click_train_01959_start_3435.021s_ici_45.0.wav
1960,1961,3435.778182,3435.96924,0.1910579999998845,3435.758182,3435.98924,0.2310579999998481,25.0,click_train_01960_start_3435.778s_ici_25.0.wav,/Users/nfot413/dolphin_project/official_click_features/segments/click_train_01960_start_3435.778s_ici_25.0.wav
1961,1962,3436.457656,3436.981745,0.5240890000000036,3436.437656,3437.001745,0.5640889999999672,70.0,click_train_01961_start_3436.458s_ici_70.0.wav,/Users/nfot413/dolphin_project/official_click_features/segments/click_train_01961_start_3436.458s_ici_70.0.wav
1962,1963,3438.033948,3438.206693,0.17274500000030457,3438.013948,3438.226693,0.2127450000002682,35.0,click_train_01962_start_3438.034s_ici_35.0.wav,/Users/nfot413/dolphin_project/official_click_features/segments/click_train_01962_start_3438.034s_ici_35.0.wav
1963,1964,3438.206693,3441.582026,3.375332999999955,3438.186693,3441.602026,3.4153329999999187,5.0,click_train_01963_start_3438.207s_ici_5.0.wav,/Users/nfot413/dolphin_project/official_click_features/segments/click_train_01963_start_3438.207s_ici_5.0.wav
1964,1965,3441.582026,3441.70462,0.12259399999993548,3441.562026,3441.72462,0.1625939999998991,25.0,click_train_01964_start_3441.582s_ici_25.0.wav,/Users/nfot413/dolphin_project/official_click_features/segments/click_train_01964_start_3441.582s_ici_25.0.wav
1965,1966,3441.743318,3442.115755,0.3724369999999908,3441.723318,3442.135755,0.4124369999999544,65.0,click_train_01965_start_3441.743s_ici_65.0.wav,/Users/nfot413/dolphin_project/official_click_features/segments/click_train_01965_start_3441.743s_ici_65.0.wav
1966,1967,3442.115755,3442.264224,0.1484690000002047,3442.095755,3442.284224,0.1884690000001683,35.0,click_train_01966_start_3442.116s_ici_35.0.wav,/Users/nfot413/dolphin_project/official_click_features/segments/click_train_01966_start_3442.116s_ici_35.0.wav
1967,1968,3442.291255,3442.627474,0.33621899999980087,3442.271255,3442.647474,0.3762189999997645,25.0,click_train_01967_start_3442.291s_ici_25.0.wav,/Users/nfot413/dolphin_project/official_click_features/segments/click_train_01967_start_3442.291s_ici_25.0.wav
1968,1969,3442.627474,3443.8805,1.2530260000003182,3442.607474,3443.9005,1.2930260000002818,5.0,click_train_01968_start_3442.627s_ici_5.0.wav,/Users/nfot413/dolphin_project/official_click_features/segments/click_train_01968_start_3442.627s_ici_5.0.wav
1969,1970,3444.015161,3444.454318,0.43915700000025026,3443.995161,3444.474318,0.4791570000002139,5.0,click_train_01969_start_3444.015s_ici_5.0.wav,/Users/nfot413/dolphin_project/official_click_features/segments/click_train_01969_start_3444.015s_ici_5.0.wav
1970,1971,3445.141599,3445.786714,0.6451149999998051,3445.121599,3445.806714,0.6851149999997688,10.0,click_train_01970_start_3445.142s_ici_10.0.wav,/Users/nfot413/dolphin_project/official_click_features/segments/click_train_01970_start_3445.142s_ici_10.0.wav
1971,1972,3445.786714,3446.017427,0.2307130000003781,3445.766714,3446.037427,0.2707130000003417,10.0,click_train_01971_start_3445.787s_ici_10.0.wav,/Users/nfot413/dolphin_project/official_click_features/segments/click_train_01971_start_3445.787s_ici_10.0.wav
1972,1973,3447.054714,3447.901984,0.8472700000002078,3447.034714,3447.921984,0.8872700000001714,85.0,click_train_01972_start_3447.055s_ici_85.0.wav,/Users/nfot413/dolphin_project/official_click_features/segments/click_train_01972_start_3447.055s_ici_85.0.wav
1973,1974,3447.901984,3447.925073,0.023088999999799853,3447.881984,3447.945073,0.06308899999976347,5.0,click_train_01973_start_3447.902s_ici_5.0.wav,/Users/nfot413/dolphin_project/official_click_features/segments/click_train_01973_start_3447.902s_ici_5.0.wav
1974,1975,3448.157391,3448.182854,0.02546299999994517,3448.137391,3448.202854,0.06546299999990879,5.0,click_train_01974_start_3448.157s_ici_5.0.wav,/Users/nfot413/dolphin_project/official_click_features/segments/click_train_01974_start_3448.157s_ici_5.0.wav
1975,1976,3455.980948,3456.421526,0.4405780000001869,3455.960948,3456.441526,0.4805780000001505,30.0,click_train_01975_start_3455.981s_ici_30.0.wav,/Users/nfot413/dolphin_project/official_click_features/segments/click_train_01975_start_3455.981s_ici_30.0.wav
1976,1977,3475.407542,3475.50275,0.09520800000018426,3475.387542,3475.52275,0.13520800000014788,10.0,click_train_01976_start_3475.408s_ici_10.0.wav,/Users/nfot413/dolphin_project/official_click_features/segments/click_train_01976_start_3475.408s_ici_10.0.wav
1977,1978,3477.864219,3478.147646,0.2834269999998469,3477.844219,3478.167646,0.3234269999998105,20.0,click_train_01977_start_3477.864s_ici_20.0.wav,/Users/nfot413/dolphin_project/official_click_features/segments/click_train_01977_start_3477.864s_ici_20.0.wav
1978,1979,3478.393464,3478.607984,0.21451999999999316,3478.3734640000002,3478.627984,0.2545199999999568,15.0,click_train_01978_start_3478.393s_ici_15.0.wav,/Users/nfot413/dolphin_project/official_click_features/segments/click_train_01978_start_3478.393s_ici_15.0.wav
1979,1980,3479.020172,3479.161484,0.14131200000019817,3479.000172,3479.181484,0.1813120000001618,25.0,click_train_01979_start_3479.020s_ici_25.0.wav,/Users/nfot413/dolphin_project/official_click_features/segments/click_train_01979_start_3479.020s_ici_25.0.wav
1980,1981,3479.367109,3479.424229,0.05712000000039552,3479.347109,3479.444229,0.09712000000035914,10.0,click_train_01980_start_3479.367s_ici_10.0.wav,/Users/nfot413/dolphin_project/official_click_features/segments/click_train_01980_start_3479.367s_ici_10.0.wav
1981,1982,3479.424229,3479.759188,0.33495899999979883,3479.404229,3479.779188,0.37495899999976245,30.0,click_train_01981_start_3479.424s_ici_30.0.wav,/Users/nfot413/dolphin_project/official_click_features/segments/click_train_01981_start_3479.424s_ici_30.0.wav
1982,1983,3481.830141,3482.087333,0.25719200000003184,3481.810141,3482.107333,0.29719199999999546,55.0,click_train_01982_start_3481.830s_ici_55.0.wav,/Users/nfot413/dolphin_project/official_click_features/segments/click_train_01982_start_3481.830s_ici_55.0.wav
1983,1984,3482.294651,3482.87726,0.5826090000000477,3482.274651,3482.89726,0.6226090000000113,75.0,click_train_01983_start_3482.295s_ici_75.0.wav,/Users/nfot413/dolphin_project/official_click_features/segments/click_train_01983_start_3482.295s_ici_75.0.wav
1984,1985,3483.332651,3483.553354,0.22070299999995768,3483.312651,3483.573354,0.2607029999999213,40.0,click_train_01984_start_3483.333s_ici_40.0.wav,/Users/nfot413/dolphin_project/official_click_features/segments/click_train_01984_start_3483.333s_ici_40.0.wav
1985,1986,3502.415078,3502.576333,0.16125499999998283,3502.395078,3502.596333,0.20125499999994645,35.0,click_train_01985_start_3502.415s_ici_35.0.wav,/Users/nfot413/dolphin_project/official_click_features/segments/click_train_01985_start_3502.415s_ici_35.0.wav
1986,1987,3503.13974,3503.225464,0.08572400000002744,3503.11974,3503.245464,0.12572399999999107,5.0,click_train_01986_start_3503.140s_ici_5.0.wav,/Users/nfot413/dolphin_project/official_click_features/segments/click_train_01986_start_3503.140s_ici_5.0.wav
1987,1988,3552.505479,3553.243901,0.7384219999999004,3552.485479,3553.263901,0.7784219999998641,55.0,click_train_01987_start_3552.505s_ici_55.0.wav,/Users/nfot413/dolphin_project/official_click_features/segments/click_train_01987_start_3552.505s_ici_55.0.wav
1988,1989,3553.310901,3553.622203,0.3113020000000688,3553.290901,3553.642203,0.3513020000000324,65.0,click_train_01988_start_3553.311s_ici_65.0.wav,/Users/nfot413/dolphin_project/official_click_features/segments/click_train_01988_start_3553.311s_ici_65.0.wav
1989,1990,3553.75938,3554.255255,0.4958750000000691,3553.73938,3554.275255,0.5358750000000327,60.0,click_train_01989_start_3553.759s_ici_60.0.wav,/Users/nfot413/dolphin_project/official_click_features/segments/click_train_01989_start_3553.759s_ici_60.0.wav
1990,1991,3555.016401,3555.341151,0.3247500000002219,3554.996401,3555.361151,0.36475000000018554,65.0,click_train_01990_start_3555.016s_ici_65.0.wav,/Users/nfot413/dolphin_project/official_click_features/segments/click_train_01990_start_3555.016s_ici_65.0.wav
1991,1992,3555.823115,3556.287224,0.46410900000000765,3555.803115,3556.307224,0.5041089999999713,50.0,click_train_01991_start_3555.823s_ici_50.0.wav,/Users/nfot413/dolphin_project/official_click_features/segments/click_train_01991_start_3555.823s_ici_50.0.wav
1992,1993,3556.927448,3557.211698,0.28425000000015643,3556.907448,3557.231698,0.32425000000012005,60.0,click_train_01992_start_3556.927s_ici_60.0.wav,/Users/nfot413/dolphin_project/official_click_features/segments/click_train_01992_start_3556.927s_ici_60.0.wav
1993,1994,3557.263891,3557.521672,0.2577809999997953,3557.243891,3557.541672,0.29778099999975893,55.0,click_train_01993_start_3557.264s_ici_55.0.wav,/Users/nfot413/dolphin_project/official_click_features/segments/click_train_01993_start_3557.264s_ici_55.0.wav
1994,1995,3559.077859,3559.418625,0.34076599999980317,3559.057859,3559.438625,0.3807659999997668,60.0,click_train_01994_start_3559.078s_ici_60.0.wav,/Users/nfot413/dolphin_project/official_click_features/segments/click_train_01994_start_3559.078s_ici_60.0.wav
1995,1996,3560.473182,3560.929938,0.45675600000004124,3560.453182,3560.949938,0.49675600000000486,65.0,click_train_01995_start_3560.473s_ici_65.0.wav,/Users/nfot413/dolphin_project/official_click_features/segments/click_train_01995_start_3560.473s_ici_65.0.wav
1996,1997,3561.235479,3561.365281,0.12980199999992692,3561.215479,3561.385281,0.16980199999989054,25.0,click_train_01996_start_3561.235s_ici_25.0.wav,/Users/nfot413/dolphin_project/official_click_features/segments/click_train_01996_start_3561.235s_ici_25.0.wav
1997,1998,3561.600167,3562.127057,0.526890000000094,3561.580167,3562.147057,0.5668900000000576,45.0,click_train_01997_start_3561.600s_ici_45.0.wav,/Users/nfot413/dolphin_project/official_click_features/segments/click_train_01997_start_3561.600s_ici_45.0.wav
1998,1999,3562.392625,3562.489703,0.09707800000023781,3562.372625,3562.509703,0.13707800000020143,20.0,click_train_01998_start_3562.393s_ici_20.0.wav,/Users/nfot413/dolphin_project/official_click_features/segments/click_train_01998_start_3562.393s_ici_20.0.wav
1999,2000,3562.81801,3563.138562,0.3205520000001343,3562.79801,3563.158562,0.3605520000000979,55.0,click_train_01999_start_3562.818s_ici_55.0.wav,/Users/nfot413/dolphin_project/official_click_features/segments/click_train_01999_start_3562.818s_ici_55.0.wav
2000,2001,3564.055943,3564.313604,0.2576610000000983,3564.035943,3564.333604,0.2976610000000619,55.0,click_train_02000_start_3564.056s_ici_55.0.wav,/Users/nfot413/dolphin_project/official_click_features/segments/click_train_02000_start_3564.056s_ici_55.0.wav
2001,2002,3564.329682,3565.797146,1.4674639999998362,3564.309682,3565.817146,1.5074639999997999,60.0,click_train_02001_start_3564.330s_ici_60.0.wav,/Users/nfot413/dolphin_project/official_click_features/segments/click_train_02001_start_3564.330s_ici_60.0.wav
2002,2003,3566.441453,3566.938797,0.49734399999988455,3566.421453,3566.958797,0.5373439999998482,45.0,click_train_02002_start_3566.441s_ici_45.0.wav,/Users/nfot413/dolphin_project/official_click_features/segments/click_train_02002_start_3566.441s_ici_45.0.wav
2003,2004,3567.109021,3567.656208,0.547186999999667,3567.0890210000002,3567.676208,0.5871869999996306,55.0,click_train_02003_start_3567.109s_ici_55.0.wav,/Users/nfot413/dolphin_project/official_click_features/segments/click_train_02003_start_3567.109s_ici_55.0.wav
2004,2005,3568.020823,3568.426964,0.4061410000003889,3568.000823,3568.446964,0.4461410000003525,55.0,click_train_02004_start_3568.021s_ici_55.0.wav,/Users/nfot413/dolphin_project/official_click_features/segments/click_train_02004_start_3568.021s_ici_55.0.wav
2005,2006,3568.650766,3568.82799,0.1772240000000238,3568.630766,3568.84799,0.21722399999998743,35.0,click_train_02005_start_3568.651s_ici_35.0.wav,/Users/nfot413/dolphin_project/official_click_features/segments/click_train_02005_start_3568.651s_ici_35.0.wav
2006,2007,3569.457646,3570.119943,0.6622970000003079,3569.437646,3570.139943,0.7022970000002715,55.0,click_train_02006_start_3569.458s_ici_55.0.wav,/Users/nfot413/dolphin_project/official_click_features/segments/click_train_02006_start_3569.458s_ici_55.0.wav
2007,2008,3570.756198,3571.250625,0.494427000000087,3570.736198,3571.270625,0.5344270000000506,40.0,click_train_02007_start_3570.756s_ici_40.0.wav,/Users/nfot413/dolphin_project/official_click_features/segments/click_train_02007_start_3570.756s_ici_40.0.wav
2008,2009,3571.250625,3572.088115,0.8374899999998888,3571.230625,3572.108115,0.8774899999998524,60.0,click_train_02008_start_3571.251s_ici_60.0.wav,/Users/nfot413/dolphin_project/official_click_features/segments/click_train_02008_start_3571.251s_ici_60.0.wav
2009,2010,3572.088115,3572.180766,0.09265099999993254,3572.068115,3572.200766,0.13265099999989616,10.0,click_train_02009_start_3572.088s_ici_10.0.wav,/Users/nfot413/dolphin_project/official_click_features/segments/click_train_02009_start_3572.088s_ici_10.0.wav
2010,2011,3572.180766,3572.583844,0.4030780000002778,3572.160766,3572.603844,0.44307800000024145,85.0,click_train_02010_start_3572.181s_ici_85.0.wav,/Users/nfot413/dolphin_project/official_click_features/segments/click_train_02010_start_3572.181s_ici_85.0.wav
2011,2012,3572.606104,3573.050281,0.44417699999985416,3572.586104,3573.070281,0.4841769999998178,60.0,click_train_02011_start_3572.606s_ici_60.0.wav,/Users/nfot413/dolphin_project/official_click_features/segments/click_train_02011_start_3572.606s_ici_60.0.wav
2012,2013,3573.141677,3573.533615,0.39193799999975454,3573.121677,3573.553615,0.43193799999971816,25.0,click_train_02012_start_3573.142s_ici_25.0.wav,/Users/nfot413/dolphin_project/official_click_features/segments/click_train_02012_start_3573.142s_ici_25.0.wav
2013,2014,3573.724917,3573.892729,0.16781200000013996,3573.704917,3573.912729,0.20781200000010358,25.0,click_train_02013_start_3573.725s_ici_25.0.wav,/Users/nfot413/dolphin_project/official_click_features/segments/click_train_02013_start_3573.725s_ici_25.0.wav
2014,2015,3574.855156,3574.977677,0.12252099999977872,3574.835156,3574.997677,0.16252099999974234,25.0,click_train_02014_start_3574.855s_ici_25.0.wav,/Users/nfot413/dolphin_project/official_click_features/segments/click_train_02014_start_3574.855s_ici_25.0.wav
2015,2016,3588.731552,3588.81625,0.08469799999966199,3588.711552,3588.83625,0.12469799999962561,10.0,click_train_02015_start_3588.732s_ici_10.0.wav,/Users/nfot413/dolphin_project/official_click_features/segments/click_train_02015_start_3588.732s_ici_10.0.wav
2016,2017,3603.237344,3603.586562,0.34921799999983705,3603.217344,3603.606562,0.38921799999980067,40.0,click_train_02016_start_3603.237s_ici_40.0.wav,/Users/nfot413/dolphin_project/official_click_features/segments/click_train_02016_start_3603.237s_ici_40.0.wav
2017,2018,3603.586562,3603.996182,0.4096199999999044,3603.566562,3604.016182,0.449619999999868,85.0,click_train_02017_start_3603.587s_ici_85.0.wav,/Users/nfot413/dolphin_project/official_click_features/segments/click_train_02017_start_3603.587s_ici_85.0.wav
2018,2019,3607.966635,3608.216896,0.2502609999996821,3607.9466350000002,3608.236896,0.2902609999996457,40.0,click_train_02018_start_3607.967s_ici_40.0.wav,/Users/nfot413/dolphin_project/official_click_features/segments/click_train_02018_start_3607.967s_ici_40.0.wav
2019,2020,3608.216896,3608.593937,0.37704100000019025,3608.196896,3608.613937,0.41704100000015387,65.0,click_train_02019_start_3608.217s_ici_65.0.wav,/Users/nfot413/dolphin_project/official_click_features/segments/click_train_02019_start_3608.217s_ici_65.0.wav
2020,2021,3611.498266,3612.022073,0.5238070000000334,3611.478266,3612.042073,0.5638069999999971,105.0,click_train_02020_start_3611.498s_ici_105.0.wav,/Users/nfot413/dolphin_project/official_click_features/segments/click_train_02020_start_3611.498s_ici_105.0.wav
2021,2022,3612.022073,3612.352016,0.3299429999997301,3612.002073,3612.372016,0.3699429999996937,50.0,click_train_02021_start_3612.022s_ici_50.0.wav,/Users/nfot413/dolphin_project/official_click_features/segments/click_train_02021_start_3612.022s_ici_50.0.wav
2022,2023,3618.491271,3618.746167,0.25489599999991697,3618.471271,3618.7661669999998,0.2948959999998806,45.0,click_train_02022_start_3618.491s_ici_45.0.wav,/Users/nfot413/dolphin_project/official_click_features/segments/click_train_02022_start_3618.491s_ici_45.0.wav
2023,2024,3618.787245,3619.134734,0.3474890000002233,3618.767245,3619.154734,0.38748900000018693,45.0,click_train_02023_start_3618.787s_ici_45.0.wav,/Users/nfot413/dolphin_project/official_click_features/segments/click_train_02023_start_3618.787s_ici_45.0.wav
2024,2025,3625.835417,3626.261885,0.42646800000011353,3625.815417,3626.281885,0.46646800000007715,40.0,click_train_02024_start_3625.835s_ici_40.0.wav,/Users/nfot413/dolphin_project/official_click_features/segments/click_train_02024_start_3625.835s_ici_40.0.wav
2025,2026,3635.281859,3635.553609,0.2717499999998836,3635.261859,3635.573609,0.3117499999998472,55.0,click_train_02025_start_3635.282s_ici_55.0.wav,/Users/nfot413/dolphin_project/official_click_features/segments/click_train_02025_start_3635.282s_ici_55.0.wav
2026,2027,3638.100031,3638.29975,0.1997190000001865,3638.080031,3638.31975,0.23971900000015012,35.0,click_train_02026_start_3638.100s_ici_35.0.wav,/Users/nfot413/dolphin_project/official_click_features/segments/click_train_02026_start_3638.100s_ici_35.0.wav
2027,2028,3647.322391,3647.40687,0.08447899999964648,3647.302391,3647.42687,0.1244789999996101,20.0,click_train_02027_start_3647.322s_ici_20.0.wav,/Users/nfot413/dolphin_project/official_click_features/segments/click_train_02027_start_3647.322s_ici_20.0.wav
2028,2029,3657.270089,3657.350953,0.08086400000001959,3657.250089,3657.370953,0.12086399999998321,10.0,click_train_02028_start_3657.270s_ici_10.0.wav,/Users/nfot413/dolphin_project/official_click_features/segments/click_train_02028_start_3657.270s_ici_10.0.wav
2029,2030,3658.525599,3658.619073,0.09347399999978734,3658.505599,3658.639073,0.13347399999975096,10.0,click_train_02029_start_3658.526s_ici_10.0.wav,/Users/nfot413/dolphin_project/official_click_features/segments/click_train_02029_start_3658.526s_ici_10.0.wav
2030,2031,3679.115401,3679.284391,0.16899000000012165,3679.095401,3679.304391,0.20899000000008527,35.0,click_train_02030_start_3679.115s_ici_35.0.wav,/Users/nfot413/dolphin_project/official_click_features/segments/click_train_02030_start_3679.115s_ici_35.0.wav
2031,2032,3679.772609,3680.425927,0.6533179999996719,3679.752609,3680.4459269999998,0.6933179999996355,110.0,click_train_02031_start_3679.773s_ici_110.0.wav,/Users/nfot413/dolphin_project/official_click_features/segments/click_train_02031_start_3679.773s_ici_110.0.wav
2032,2033,3682.949292,3683.355792,0.40650000000005093,3682.929292,3683.375792,0.44650000000001455,60.0,click_train_02032_start_3682.949s_ici_60.0.wav,/Users/nfot413/dolphin_project/official_click_features/segments/click_train_02032_start_3682.949s_ici_60.0.wav
2033,2034,3683.470453,3684.177203,0.7067500000002838,3683.450453,3684.197203,0.7467500000002474,60.0,click_train_02033_start_3683.470s_ici_60.0.wav,/Users/nfot413/dolphin_project/official_click_features/segments/click_train_02033_start_3683.470s_ici_60.0.wav
2034,2035,3686.571318,3687.357833,0.7865150000002359,3686.551318,3687.377833,0.8265150000001995,90.0,click_train_02034_start_3686.571s_ici_90.0.wav,/Users/nfot413/dolphin_project/official_click_features/segments/click_train_02034_start_3686.571s_ici_90.0.wav
2035,2036,3687.554828,3687.861307,0.3064790000003086,3687.534828,3687.881307,0.3464790000002722,45.0,click_train_02035_start_3687.555s_ici_45.0.wav,/Users/nfot413/dolphin_project/official_click_features/segments/click_train_02035_start_3687.555s_ici_45.0.wav
2036,2037,3688.014578,3688.360187,0.3456090000004224,3687.994578,3688.380187,0.385609000000386,70.0,click_train_02036_start_3688.015s_ici_70.0.wav,/Users/nfot413/dolphin_project/official_click_features/segments/click_train_02036_start_3688.015s_ici_70.0.wav
2037,2038,3688.960781,3689.575422,0.6146409999996649,3688.9407810000002,3689.595422,0.6546409999996285,105.0,click_train_02037_start_3688.961s_ici_105.0.wav,/Users/nfot413/dolphin_project/official_click_features/segments/click_train_02037_start_3688.961s_ici_105.0.wav
2038,2039,3690.670104,3691.11126,0.4411560000003192,3690.650104,3691.13126,0.4811560000002828,75.0,click_train_02038_start_3690.670s_ici_75.0.wav,/Users/nfot413/dolphin_project/official_click_features/segments/click_train_02038_start_3690.670s_ici_75.0.wav
2039,2040,3691.444677,3691.784984,0.34030699999993885,3691.424677,3691.804984,0.3803069999999025,70.0,click_train_02039_start_3691.445s_ici_70.0.wav,/Users/nfot413/dolphin_project/official_click_features/segments/click_train_02039_start_3691.445s_ici_70.0.wav
2040,2041,3691.809562,3692.067641,0.2580790000001798,3691.789562,3692.087641,0.2980790000001434,40.0,click_train_02040_start_3691.810s_ici_40.0.wav,/Users/nfot413/dolphin_project/official_click_features/segments/click_train_02040_start_3691.810s_ici_40.0.wav
2041,2042,3692.422073,3692.681943,0.2598699999998644,3692.402073,3692.701943,0.299869999999828,45.0,click_train_02041_start_3692.422s_ici_45.0.wav,/Users/nfot413/dolphin_project/official_click_features/segments/click_train_02041_start_3692.422s_ici_45.0.wav
2042,2043,3693.905745,3694.17849,0.2727449999997589,3693.885745,3694.1984899999998,0.3127449999997225,35.0,click_train_02042_start_3693.906s_ici_35.0.wav,/Users/nfot413/dolphin_project/official_click_features/segments/click_train_02042_start_3693.906s_ici_35.0.wav
2043,2044,3695.061667,3695.681677,0.620010000000093,3695.041667,3695.701677,0.6600100000000566,35.0,click_train_02043_start_3695.062s_ici_35.0.wav,/Users/nfot413/dolphin_project/official_click_features/segments/click_train_02043_start_3695.062s_ici_35.0.wav
2044,2045,3702.962703,3703.112896,0.15019299999994473,3702.942703,3703.132896,0.19019299999990835,25.0,click_train_02044_start_3702.963s_ici_25.0.wav,/Users/nfot413/dolphin_project/official_click_features/segments/click_train_02044_start_3702.963s_ici_25.0.wav
2045,2046,3703.112896,3703.343281,0.23038499999984197,3703.092896,3703.363281,0.2703849999998056,40.0,click_train_02045_start_3703.113s_ici_40.0.wav,/Users/nfot413/dolphin_project/official_click_features/segments/click_train_02045_start_3703.113s_ici_40.0.wav
2046,2047,3704.027599,3704.415583,0.38798399999996036,3704.007599,3704.435583,0.427983999999924,80.0,click_train_02046_start_3704.028s_ici_80.0.wav,/Users/nfot413/dolphin_project/official_click_features/segments/click_train_02046_start_3704.028s_ici_80.0.wav
2047,2048,3714.83575,3715.159745,0.3239949999997407,3714.81575,3715.179745,0.3639949999997043,55.0,click_train_02047_start_3714.836s_ici_55.0.wav,/Users/nfot413/dolphin_project/official_click_features/segments/click_train_02047_start_3714.836s_ici_55.0.wav
2048,2049,3715.159745,3715.342146,0.18240100000002712,3715.139745,3715.362146,0.22240099999999074,40.0,click_train_02048_start_3715.160s_ici_40.0.wav,/Users/nfot413/dolphin_project/official_click_features/segments/click_train_02048_start_3715.160s_ici_40.0.wav
2049,2050,3716.138328,3716.662062,0.5237339999998767,3716.118328,3716.682062,0.5637339999998403,65.0,click_train_02049_start_3716.138s_ici_65.0.wav,/Users/nfot413/dolphin_project/official_click_features/segments/click_train_02049_start_3716.138s_ici_65.0.wav
2050,2051,3716.804417,3717.35126,0.5468430000000808,3716.784417,3717.37126,0.5868430000000444,70.0,click_train_02050_start_3716.804s_ici_70.0.wav,/Users/nfot413/dolphin_project/official_click_features/segments/click_train_02050_start_3716.804s_ici_70.0.wav
2051,2052,3718.248979,3718.661479,0.41249999999990905,3718.228979,3718.681479,0.45249999999987267,85.0,click_train_02051_start_3718.249s_ici_85.0.wav,/Users/nfot413/dolphin_project/official_click_features/segments/click_train_02051_start_3718.249s_ici_85.0.wav
2052,2053,3719.379109,3719.669156,0.29004699999995864,3719.359109,3719.689156,0.33004699999992226,40.0,click_train_02052_start_3719.379s_ici_40.0.wav,/Users/nfot413/dolphin_project/official_click_features/segments/click_train_02052_start_3719.379s_ici_40.0.wav
2053,2054,3719.669156,3719.778948,0.10979200000019773,3719.649156,3719.798948,0.14979200000016135,20.0,click_train_02053_start_3719.669s_ici_20.0.wav,/Users/nfot413/dolphin_project/official_click_features/segments/click_train_02053_start_3719.669s_ici_20.0.wav
2054,2055,3720.009625,3720.101109,0.09148400000003676,3719.989625,3720.121109,0.13148400000000038,15.0,click_train_02054_start_3720.010s_ici_15.0.wav,/Users/nfot413/dolphin_project/official_click_features/segments/click_train_02054_start_3720.010s_ici_15.0.wav
2055,2056,3720.788557,3720.956052,0.1674950000001445,3720.768557,3720.976052,0.20749500000010812,35.0,click_train_02055_start_3720.789s_ici_35.0.wav,/Users/nfot413/dolphin_project/official_click_features/segments/click_train_02055_start_3720.789s_ici_35.0.wav
2056,2057,3721.599693,3721.741057,0.14136400000006688,3721.579693,3721.761057,0.1813640000000305,25.0,click_train_02056_start_3721.600s_ici_25.0.wav,/Users/nfot413/dolphin_project/official_click_features/segments/click_train_02056_start_3721.600s_ici_25.0.wav
2057,2058,3721.88575,3722.309115,0.42336500000010346,3721.86575,3722.329115,0.4633650000000671,75.0,click_train_02057_start_3721.886s_ici_75.0.wav,/Users/nfot413/dolphin_project/official_click_features/segments/click_train_02057_start_3721.886s_ici_75.0.wav
2058,2059,3723.126073,3723.795688,0.669615000000249,3723.106073,3723.815688,0.7096150000002126,40.0,click_train_02058_start_3723.126s_ici_40.0.wav,/Users/nfot413/dolphin_project/official_click_features/segments/click_train_02058_start_3723.126s_ici_40.0.wav
2059,2060,3724.130271,3724.415849,0.2855779999999868,3724.110271,3724.435849,0.3255779999999504,60.0,click_train_02059_start_3724.130s_ici_60.0.wav,/Users/nfot413/dolphin_project/official_click_features/segments/click_train_02059_start_3724.130s_ici_60.0.wav
2060,2061,3724.415849,3724.629854,0.21400499999981548,3724.395849,3724.649854,0.2540049999997791,25.0,click_train_02060_start_3724.416s_ici_25.0.wav,/Users/nfot413/dolphin_project/official_click_features/segments/click_train_02060_start_3724.416s_ici_25.0.wav
2061,2062,3725.551927,3726.907427,1.35550000000012,3725.531927,3726.927427,1.3955000000000837,55.0,click_train_02061_start_3725.552s_ici_55.0.wav,/Users/nfot413/dolphin_project/official_click_features/segments/click_train_02061_start_3725.552s_ici_55.0.wav
2062,2063,3727.815833,3728.282911,0.4670779999996739,3727.795833,3728.3029109999998,0.5070779999996375,80.0,click_train_02062_start_3727.816s_ici_80.0.wav,/Users/nfot413/dolphin_project/official_click_features/segments/click_train_02062_start_3727.816s_ici_80.0.wav
2063,2064,3728.487948,3729.273818,0.785870000000159,3728.467948,3729.293818,0.8258700000001227,60.0,click_train_02063_start_3728.488s_ici_60.0.wav,/Users/nfot413/dolphin_project/official_click_features/segments/click_train_02063_start_3728.488s_ici_60.0.wav
2064,2065,3729.325375,3729.629042,0.30366700000013225,3729.305375,3729.649042,0.34366700000009587,55.0,click_train_02064_start_3729.325s_ici_55.0.wav,/Users/nfot413/dolphin_project/official_click_features/segments/click_train_02064_start_3729.325s_ici_55.0.wav
2065,2066,3729.704026,3730.501057,0.7970310000000609,3729.684026,3730.521057,0.8370310000000245,40.0,click_train_02065_start_3729.704s_ici_40.0.wav,/Users/nfot413/dolphin_project/official_click_features/segments/click_train_02065_start_3729.704s_ici_40.0.wav
2066,2067,3730.501057,3730.572135,0.07107799999994313,3730.481057,3730.592135,0.11107799999990675,10.0,click_train_02066_start_3730.501s_ici_10.0.wav,/Users/nfot413/dolphin_project/official_click_features/segments/click_train_02066_start_3730.501s_ici_10.0.wav
2067,2068,3730.600443,3730.780724,0.1802810000003774,3730.580443,3730.800724,0.220281000000341,30.0,click_train_02067_start_3730.600s_ici_30.0.wav,/Users/nfot413/dolphin_project/official_click_features/segments/click_train_02067_start_3730.600s_ici_30.0.wav
2068,2069,3730.882094,3731.068615,0.1865210000000843,3730.862094,3731.088615,0.22652100000004793,15.0,click_train_02068_start_3730.882s_ici_15.0.wav,/Users/nfot413/dolphin_project/official_click_features/segments/click_train_02068_start_3730.882s_ici_15.0.wav
2069,2070,3731.164208,3731.263271,0.09906299999965995,3731.144208,3731.283271,0.13906299999962357,10.0,click_train_02069_start_3731.164s_ici_10.0.wav,/Users/nfot413/dolphin_project/official_click_features/segments/click_train_02069_start_3731.164s_ici_10.0.wav
2070,2071,3732.365786,3732.759495,0.39370899999994435,3732.345786,3732.7794949999998,0.433708999999908,70.0,click_train_02070_start_3732.366s_ici_70.0.wav,/Users/nfot413/dolphin_project/official_click_features/segments/click_train_02070_start_3732.366s_ici_70.0.wav
2071,2072,3733.039302,3733.40625,0.3669479999998657,3733.019302,3733.42625,0.40694799999982934,35.0,click_train_02071_start_3733.039s_ici_35.0.wav,/Users/nfot413/dolphin_project/official_click_features/segments/click_train_02071_start_3733.039s_ici_35.0.wav
2072,2073,3733.803714,3734.103854,0.30013999999982843,3733.783714,3734.123854,0.34013999999979205,40.0,click_train_02072_start_3733.804s_ici_40.0.wav,/Users/nfot413/dolphin_project/official_click_features/segments/click_train_02072_start_3733.804s_ici_40.0.wav
2073,2074,3734.658932,3734.857057,0.1981250000003456,3734.638932,3734.877057,0.23812500000030923,15.0,click_train_02073_start_3734.659s_ici_15.0.wav,/Users/nfot413/dolphin_project/official_click_features/segments/click_train_02073_start_3734.659s_ici_15.0.wav
2074,2075,3734.857057,3735.143833,0.286775999999918,3734.837057,3735.163833,0.3267759999998816,40.0,click_train_02074_start_3734.857s_ici_40.0.wav,/Users/nfot413/dolphin_project/official_click_features/segments/click_train_02074_start_3734.857s_ici_40.0.wav
2075,2076,3736.448432,3736.893922,0.44549000000006345,3736.428432,3736.913922,0.48549000000002707,50.0,click_train_02075_start_3736.448s_ici_50.0.wav,/Users/nfot413/dolphin_project/official_click_features/segments/click_train_02075_start_3736.448s_ici_50.0.wav
2076,2077,3737.6145,3737.856609,0.2421089999998003,3737.5945,3737.876609,0.2821089999997639,20.0,click_train_02076_start_3737.615s_ici_20.0.wav,/Users/nfot413/dolphin_project/official_click_features/segments/click_train_02076_start_3737.615s_ici_20.0.wav
2077,2078,3737.956161,3739.457505,1.50134399999979,3737.936161,3739.477505,1.5413439999997536,10.0,click_train_02077_start_3737.956s_ici_10.0.wav,/Users/nfot413/dolphin_project/official_click_features/segments/click_train_02077_start_3737.956s_ici_10.0.wav
2078,2079,3739.49101,3741.398266,1.9072559999999612,3739.47101,3741.418266,1.9472559999999248,25.0,click_train_02078_start_3739.491s_ici_25.0.wav,/Users/nfot413/dolphin_project/official_click_features/segments/click_train_02078_start_3739.491s_ici_25.0.wav
2079,2080,3741.743161,3741.856042,0.11288100000001577,3741.723161,3741.876042,0.1528809999999794,25.0,click_train_02079_start_3741.743s_ici_25.0.wav,/Users/nfot413/dolphin_project/official_click_features/segments/click_train_02079_start_3741.743s_ici_25.0.wav
2080,2081,3748.126828,3748.324151,0.19732299999986935,3748.106828,3748.344151,0.23732299999983297,35.0,click_train_02080_start_3748.127s_ici_35.0.wav,/Users/nfot413/dolphin_project/official_click_features/segments/click_train_02080_start_3748.127s_ici_35.0.wav
2081,2082,3749.480125,3749.706646,0.22652100000004793,3749.460125,3749.726646,0.26652100000001155,50.0,click_train_02081_start_3749.480s_ici_50.0.wav,/Users/nfot413/dolphin_project/official_click_features/segments/click_train_02081_start_3749.480s_ici_50.0.wav
2082,2083,3750.080422,3750.192266,0.11184400000001915,3750.060422,3750.212266,0.15184399999998277,20.0,click_train_02082_start_3750.080s_ici_20.0.wav,/Users/nfot413/dolphin_project/official_click_features/segments/click_train_02082_start_3750.080s_ici_20.0.wav
2083,2084,3753.799969,3754.484609,0.6846399999999448,3753.779969,3754.504609,0.7246399999999085,70.0,click_train_02083_start_3753.800s_ici_70.0.wav,/Users/nfot413/dolphin_project/official_click_features/segments/click_train_02083_start_3753.800s_ici_70.0.wav
2084,2085,3756.465849,3756.684193,0.21834399999988818,3756.445849,3756.704193,0.2583439999998518,40.0,click_train_02084_start_3756.466s_ici_40.0.wav,/Users/nfot413/dolphin_project/official_click_features/segments/click_train_02084_start_3756.466s_ici_40.0.wav
2085,2086,3760.120734,3760.560708,0.43997399999989284,3760.100734,3760.580708,0.47997399999985646,65.0,click_train_02085_start_3760.121s_ici_65.0.wav,/Users/nfot413/dolphin_project/official_click_features/segments/click_train_02085_start_3760.121s_ici_65.0.wav
2086,2087,3761.157911,3761.503917,0.34600600000021586,3761.137911,3761.523917,0.3860060000001795,70.0,click_train_02086_start_3761.158s_ici_70.0.wav,/Users/nfot413/dolphin_project/official_click_features/segments/click_train_02086_start_3761.158s_ici_70.0.wav
2087,2088,3764.712688,3764.953688,0.24099999999998545,3764.692688,3764.973688,0.28099999999994907,35.0,click_train_02087_start_3764.713s_ici_35.0.wav,/Users/nfot413/dolphin_project/official_click_features/segments/click_train_02087_start_3764.713s_ici_35.0.wav
2088,2089,3764.953688,3765.275411,0.32172300000001997,3764.933688,3765.295411,0.3617229999999836,20.0,click_train_02088_start_3764.954s_ici_20.0.wav,/Users/nfot413/dolphin_project/official_click_features/segments/click_train_02088_start_3764.954s_ici_20.0.wav
2089,2090,3765.504969,3767.081891,1.5769219999997404,3765.484969,3767.101891,1.616921999999704,20.0,click_train_02089_start_3765.505s_ici_20.0.wav,/Users/nfot413/dolphin_project/official_click_features/segments/click_train_02089_start_3765.505s_ici_20.0.wav
2090,2091,3767.692297,3768.234417,0.5421200000000681,3767.672297,3768.254417,0.5821200000000317,50.0,click_train_02090_start_3767.692s_ici_50.0.wav,/Users/nfot413/dolphin_project/official_click_features/segments/click_train_02090_start_3767.692s_ici_50.0.wav
2091,2092,3768.550151,3768.774839,0.22468800000024203,3768.530151,3768.794839,0.26468800000020565,25.0,click_train_02091_start_3768.550s_ici_25.0.wav,/Users/nfot413/dolphin_project/official_click_features/segments/click_train_02091_start_3768.550s_ici_25.0.wav
2092,2093,3768.774839,3769.39375,0.6189110000000255,3768.754839,3769.41375,0.6589109999999891,10.0,click_train_02092_start_3768.775s_ici_10.0.wav,/Users/nfot413/dolphin_project/official_click_features/segments/click_train_02092_start_3768.775s_ici_10.0.wav
2093,2094,3769.39375,3769.798307,0.4045569999998406,3769.37375,3769.818307,0.44455699999980425,40.0,click_train_02093_start_3769.394s_ici_40.0.wav,/Users/nfot413/dolphin_project/official_click_features/segments/click_train_02093_start_3769.394s_ici_40.0.wav
2094,2095,3770.28049,3770.656682,0.376191999999719,3770.26049,3770.676682,0.4161919999996826,45.0,click_train_02094_start_3770.280s_ici_45.0.wav,/Users/nfot413/dolphin_project/official_click_features/segments/click_train_02094_start_3770.280s_ici_45.0.wav
2095,2096,3770.771531,3771.209474,0.4379429999999047,3770.751531,3771.2294739999998,0.47794299999986833,35.0,click_train_02095_start_3770.772s_ici_35.0.wav,/Users/nfot413/dolphin_project/official_click_features/segments/click_train_02095_start_3770.772s_ici_35.0.wav
2096,2097,3771.651427,3771.767776,0.11634900000035486,3771.631427,3771.787776,0.15634900000031848,15.0,click_train_02096_start_3771.651s_ici_15.0.wav,/Users/nfot413/dolphin_project/official_click_features/segments/click_train_02096_start_3771.651s_ici_15.0.wav
2097,2098,3772.439031,3772.493349,0.05431799999996656,3772.419031,3772.513349,0.09431799999993018,10.0,click_train_02097_start_3772.439s_ici_10.0.wav,/Users/nfot413/dolphin_project/official_click_features/segments/click_train_02097_start_3772.439s_ici_10.0.wav
2098,2099,3772.56399,3772.791807,0.22781699999995908,3772.54399,3772.811807,0.2678169999999227,40.0,click_train_02098_start_3772.564s_ici_40.0.wav,/Users/nfot413/dolphin_project/official_click_features/segments/click_train_02098_start_3772.564s_ici_40.0.wav
2099,2100,3772.831,3773.063943,0.23294299999997747,3772.811,3773.083943,0.2729429999999411,35.0,click_train_02099_start_3772.831s_ici_35.0.wav,/Users/nfot413/dolphin_project/official_click_features/segments/click_train_02099_start_3772.831s_ici_35.0.wav
2100,2101,3773.063943,3773.124458,0.06051499999966836,3773.043943,3773.1444579999998,0.10051499999963198,10.0,click_train_02100_start_3773.064s_ici_10.0.wav,/Users/nfot413/dolphin_project/official_click_features/segments/click_train_02100_start_3773.064s_ici_10.0.wav
2101,2102,3773.145057,3773.189609,0.04455199999983961,3773.125057,3773.209609,0.08455199999980323,5.0,click_train_02101_start_3773.145s_ici_5.0.wav,/Users/nfot413/dolphin_project/official_click_features/segments/click_train_02101_start_3773.145s_ici_5.0.wav
2102,2103,3773.189609,3773.443234,0.253624999999829,3773.169609,3773.463234,0.29362499999979264,35.0,click_train_02102_start_3773.190s_ici_35.0.wav,/Users/nfot413/dolphin_project/official_click_features/segments/click_train_02102_start_3773.190s_ici_35.0.wav
2103,2104,3773.443234,3773.484661,0.04142700000011246,3773.423234,3773.504661,0.08142700000007608,10.0,click_train_02103_start_3773.443s_ici_10.0.wav,/Users/nfot413/dolphin_project/official_click_features/segments/click_train_02103_start_3773.443s_ici_10.0.wav
2104,2105,3773.484661,3773.613859,0.12919800000008763,3773.464661,3773.633859,0.16919800000005125,30.0,click_train_02104_start_3773.485s_ici_30.0.wav,/Users/nfot413/dolphin_project/official_click_features/segments/click_train_02104_start_3773.485s_ici_30.0.wav
2105,2106,3773.822646,3773.877953,0.05530700000008437,3773.802646,3773.897953,0.09530700000004799,10.0,click_train_02105_start_3773.823s_ici_10.0.wav,/Users/nfot413/dolphin_project/official_click_features/segments/click_train_02105_start_3773.823s_ici_10.0.wav
2106,2107,3773.943943,3777.055859,3.1119159999998374,3773.9239430000002,3777.075859,3.151915999999801,5.0,click_train_02106_start_3773.944s_ici_5.0.wav,/Users/nfot413/dolphin_project/official_click_features/segments/click_train_02106_start_3773.944s_ici_5.0.wav
2107,2108,3777.323417,3777.49974,0.17632300000013856,3777.303417,3777.51974,0.21632300000010218,40.0,click_train_02107_start_3777.323s_ici_40.0.wav,/Users/nfot413/dolphin_project/official_click_features/segments/click_train_02107_start_3777.323s_ici_40.0.wav
2108,2109,3777.603828,3777.779151,0.17532300000038958,3777.583828,3777.799151,0.2153230000003532,40.0,click_train_02108_start_3777.604s_ici_40.0.wav,/Users/nfot413/dolphin_project/official_click_features/segments/click_train_02108_start_3777.604s_ici_40.0.wav
2109,2110,3777.841698,3778.013109,0.17141099999980725,3777.821698,3778.033109,0.21141099999977087,25.0,click_train_02109_start_3777.842s_ici_25.0.wav,/Users/nfot413/dolphin_project/official_click_features/segments/click_train_02109_start_3777.842s_ici_25.0.wav
2110,2111,3780.000573,3782.973766,2.973193000000265,3779.980573,3782.993766,3.0131930000002285,5.0,click_train_02110_start_3780.001s_ici_5.0.wav,/Users/nfot413/dolphin_project/official_click_features/segments/click_train_02110_start_3780.001s_ici_5.0.wav
2111,2112,3783.341635,3783.533672,0.19203699999980017,3783.3216350000002,3783.553672,0.2320369999997638,30.0,click_train_02111_start_3783.342s_ici_30.0.wav,/Users/nfot413/dolphin_project/official_click_features/segments/click_train_02111_start_3783.342s_ici_30.0.wav
2112,2113,3783.811484,3784.193844,0.3823600000000624,3783.791484,3784.213844,0.42236000000002605,85.0,click_train_02112_start_3783.811s_ici_85.0.wav,/Users/nfot413/dolphin_project/official_click_features/segments/click_train_02112_start_3783.811s_ici_85.0.wav
2113,2114,3785.540286,3785.652245,0.11195900000029724,3785.520286,3785.672245,0.15195900000026086,25.0,click_train_02113_start_3785.540s_ici_25.0.wav,/Users/nfot413/dolphin_project/official_click_features/segments/click_train_02113_start_3785.540s_ici_25.0.wav
2114,2115,3786.624948,3786.683161,0.05821299999979601,3786.604948,3786.703161,0.09821299999975963,5.0,click_train_02114_start_3786.625s_ici_5.0.wav,/Users/nfot413/dolphin_project/official_click_features/segments/click_train_02114_start_3786.625s_ici_5.0.wav
2115,2116,3787.101635,3790.267125,3.1654899999998634,3787.081635,3790.287125,3.205489999999827,5.0,click_train_02115_start_3787.102s_ici_5.0.wav,/Users/nfot413/dolphin_project/official_click_features/segments/click_train_02115_start_3787.102s_ici_5.0.wav
2116,2117,3790.547823,3790.832906,0.28508300000021336,3790.527823,3790.852906,0.325083000000177,25.0,click_train_02116_start_3790.548s_ici_25.0.wav,/Users/nfot413/dolphin_project/official_click_features/segments/click_train_02116_start_3790.548s_ici_25.0.wav
2117,2118,3790.832906,3795.855448,5.022541999999703,3790.812906,3795.875448,5.062541999999667,5.0,click_train_02117_start_3790.833s_ici_5.0.wav,/Users/nfot413/dolphin_project/official_click_features/segments/click_train_02117_start_3790.833s_ici_5.0.wav
2118,2119,3797.216734,3797.31751,0.10077599999976883,3797.196734,3797.33751,0.14077599999973245,20.0,click_train_02118_start_3797.217s_ici_20.0.wav,/Users/nfot413/dolphin_project/official_click_features/segments/click_train_02118_start_3797.217s_ici_20.0.wav
2119,2120,3797.451635,3797.59375,0.14211500000010346,3797.431635,3797.61375,0.18211500000006708,30.0,click_train_02119_start_3797.452s_ici_30.0.wav,/Users/nfot413/dolphin_project/official_click_features/segments/click_train_02119_start_3797.452s_ici_30.0.wav
2120,2121,3797.7145,3798.242932,0.5284320000000662,3797.6945,3798.262932,0.5684320000000298,70.0,click_train_02120_start_3797.715s_ici_70.0.wav,/Users/nfot413/dolphin_project/official_click_features/segments/click_train_02120_start_3797.715s_ici_70.0.wav
2121,2122,3798.581479,3802.104219,3.522739999999885,3798.561479,3802.124219,3.562739999999849,5.0,click_train_02121_start_3798.581s_ici_5.0.wav,/Users/nfot413/dolphin_project/official_click_features/segments/click_train_02121_start_3798.581s_ici_5.0.wav
2122,2123,3802.106828,3802.677187,0.5703589999998258,3802.086828,3802.6971869999998,0.6103589999997894,45.0,click_train_02122_start_3802.107s_ici_45.0.wav,/Users/nfot413/dolphin_project/official_click_features/segments/click_train_02122_start_3802.107s_ici_45.0.wav
2123,2124,3802.677187,3803.258167,0.5809800000001815,3802.657187,3803.278167,0.6209800000001451,65.0,click_train_02123_start_3802.677s_ici_65.0.wav,/Users/nfot413/dolphin_project/official_click_features/segments/click_train_02123_start_3802.677s_ici_65.0.wav
2124,2125,3803.258167,3803.448281,0.19011399999999412,3803.238167,3803.468281,0.23011399999995774,35.0,click_train_02124_start_3803.258s_ici_35.0.wav,/Users/nfot413/dolphin_project/official_click_features/segments/click_train_02124_start_3803.258s_ici_35.0.wav
2125,2126,3803.448281,3806.88013,3.4318490000000565,3803.428281,3806.90013,3.47184900000002,10.0,click_train_02125_start_3803.448s_ici_10.0.wav,/Users/nfot413/dolphin_project/official_click_features/segments/click_train_02125_start_3803.448s_ici_10.0.wav
2126,2127,3807.343937,3808.597328,1.2533909999997377,3807.323937,3808.617328,1.2933909999997013,65.0,click_train_02126_start_3807.344s_ici_65.0.wav,/Users/nfot413/dolphin_project/official_click_features/segments/click_train_02126_start_3807.344s_ici_65.0.wav
2127,2128,3809.00262,3809.407094,0.4044739999999365,3808.98262,3809.427094,0.4444739999999001,50.0,click_train_02127_start_3809.003s_ici_50.0.wav,/Users/nfot413/dolphin_project/official_click_features/segments/click_train_02127_start_3809.003s_ici_50.0.wav
2128,2129,3809.407094,3809.555385,0.14829099999997197,3809.387094,3809.575385,0.1882909999999356,30.0,click_train_02128_start_3809.407s_ici_30.0.wav,/Users/nfot413/dolphin_project/official_click_features/segments/click_train_02128_start_3809.407s_ici_30.0.wav
2129,2130,3809.964578,3815.056036,5.091457999999875,3809.944578,3815.076036,5.131457999999839,5.0,click_train_02129_start_3809.965s_ici_5.0.wav,/Users/nfot413/dolphin_project/official_click_features/segments/click_train_02129_start_3809.965s_ici_5.0.wav
2130,2131,3815.194151,3816.567109,1.372957999999926,3815.174151,3816.587109,1.4129579999998896,5.0,click_train_02130_start_3815.194s_ici_5.0.wav,/Users/nfot413/dolphin_project/official_click_features/segments/click_train_02130_start_3815.194s_ici_5.0.wav
2131,2132,3816.598818,3816.883401,0.2845830000001115,3816.578818,3816.903401,0.3245830000000751,45.0,click_train_02131_start_3816.599s_ici_45.0.wav,/Users/nfot413/dolphin_project/official_click_features/segments/click_train_02131_start_3816.599s_ici_45.0.wav
2132,2133,3816.92938,3817.007417,0.07803699999976743,3816.90938,3817.027417,0.11803699999973105,10.0,click_train_02132_start_3816.929s_ici_10.0.wav,/Users/nfot413/dolphin_project/official_click_features/segments/click_train_02132_start_3816.929s_ici_10.0.wav
2133,2134,3817.026313,3817.056922,0.030609000000367814,3817.006313,3817.076922,0.07060900000033143,5.0,click_train_02133_start_3817.026s_ici_5.0.wav,/Users/nfot413/dolphin_project/official_click_features/segments/click_train_02133_start_3817.026s_ici_5.0.wav
2134,2135,3817.056922,3817.231432,0.17450999999982741,3817.0369220000002,3817.251432,0.21450999999979103,30.0,click_train_02134_start_3817.057s_ici_30.0.wav,/Users/nfot413/dolphin_project/official_click_features/segments/click_train_02134_start_3817.057s_ici_30.0.wav
2135,2136,3817.39887,3817.652776,0.25390599999991537,3817.37887,3817.672776,0.293905999999879,35.0,click_train_02135_start_3817.399s_ici_35.0.wav,/Users/nfot413/dolphin_project/official_click_features/segments/click_train_02135_start_3817.399s_ici_35.0.wav
2136,2137,3817.652776,3819.011651,1.3588749999998981,3817.632776,3819.031651,1.3988749999998618,5.0,click_train_02136_start_3817.653s_ici_5.0.wav,/Users/nfot413/dolphin_project/official_click_features/segments/click_train_02136_start_3817.653s_ici_5.0.wav
2137,2138,3819.355172,3820.505271,1.1500989999999547,3819.335172,3820.525271,1.1900989999999183,5.0,click_train_02137_start_3819.355s_ici_5.0.wav,/Users/nfot413/dolphin_project/official_click_features/segments/click_train_02137_start_3819.355s_ici_5.0.wav
2138,2139,3820.622391,3820.696896,0.07450500000004467,3820.602391,3820.716896,0.1145050000000083,10.0,click_train_02138_start_3820.622s_ici_10.0.wav,/Users/nfot413/dolphin_project/official_click_features/segments/click_train_02138_start_3820.622s_ici_10.0.wav
2139,2140,3820.795016,3820.95313,0.15811399999984133,3820.775016,3820.97313,0.19811399999980495,30.0,click_train_02139_start_3820.795s_ici_30.0.wav,/Users/nfot413/dolphin_project/official_click_features/segments/click_train_02139_start_3820.795s_ici_30.0.wav
2140,2141,3821.106005,3821.614599,0.5085939999999027,3821.086005,3821.634599,0.5485939999998664,35.0,click_train_02140_start_3821.106s_ici_35.0.wav,/Users/nfot413/dolphin_project/official_click_features/segments/click_train_02140_start_3821.106s_ici_35.0.wav
2141,2142,3821.834536,3821.924214,0.08967800000027637,3821.814536,3821.944214,0.12967800000024,10.0,click_train_02141_start_3821.835s_ici_10.0.wav,/Users/nfot413/dolphin_project/official_click_features/segments/click_train_02141_start_3821.835s_ici_10.0.wav
2142,2143,3821.98201,3824.295526,2.3135159999997086,3821.96201,3824.315526,2.353515999999672,5.0,click_train_02142_start_3821.982s_ici_5.0.wav,/Users/nfot413/dolphin_project/official_click_features/segments/click_train_02142_start_3821.982s_ici_5.0.wav
2143,2144,3824.641958,3829.26951,4.627551999999923,3824.621958,3829.28951,4.667551999999887,5.0,click_train_02143_start_3824.642s_ici_5.0.wav,/Users/nfot413/dolphin_project/official_click_features/segments/click_train_02143_start_3824.642s_ici_5.0.wav
2144,2145,3829.874156,3830.177276,0.30312000000003536,3829.854156,3830.197276,0.343119999999999,65.0,click_train_02144_start_3829.874s_ici_65.0.wav,/Users/nfot413/dolphin_project/official_click_features/segments/click_train_02144_start_3829.874s_ici_65.0.wav
2145,2146,3830.177276,3830.534521,0.35724500000014814,3830.157276,3830.554521,0.39724500000011176,5.0,click_train_02145_start_3830.177s_ici_5.0.wav,/Users/nfot413/dolphin_project/official_click_features/segments/click_train_02145_start_3830.177s_ici_5.0.wav
2146,2147,3830.545375,3830.911641,0.366265999999996,3830.525375,3830.931641,0.4062659999999596,45.0,click_train_02146_start_3830.545s_ici_45.0.wav,/Users/nfot413/dolphin_project/official_click_features/segments/click_train_02146_start_3830.545s_ici_45.0.wav
2147,2148,3831.006625,3837.196828,6.1902030000001105,3830.986625,3837.216828,6.230203000000074,5.0,click_train_02147_start_3831.007s_ici_5.0.wav,/Users/nfot413/dolphin_project/official_click_features/segments/click_train_02147_start_3831.007s_ici_5.0.wav
2148,2149,3837.196828,3837.454625,0.2577969999997549,3837.176828,3837.474625,0.29779699999971854,40.0,click_train_02148_start_3837.197s_ici_40.0.wav,/Users/nfot413/dolphin_project/official_click_features/segments/click_train_02148_start_3837.197s_ici_40.0.wav
2149,2150,3837.454625,3837.482958,0.028333000000202446,3837.434625,3837.502958,0.06833300000016607,5.0,click_train_02149_start_3837.455s_ici_5.0.wav,/Users/nfot413/dolphin_project/official_click_features/segments/click_train_02149_start_3837.455s_ici_5.0.wav
2150,2151,3838.167302,3838.445943,0.2786410000003343,3838.147302,3838.465943,0.31864100000029794,35.0,click_train_02150_start_3838.167s_ici_35.0.wav,/Users/nfot413/dolphin_project/official_click_features/segments/click_train_02150_start_3838.167s_ici_35.0.wav
2151,2152,3840.043984,3840.642224,0.5982400000002599,3840.023984,3840.662224,0.6382400000002235,75.0,click_train_02151_start_3840.044s_ici_75.0.wav,/Users/nfot413/dolphin_project/official_click_features/segments/click_train_02151_start_3840.044s_ici_75.0.wav
2152,2153,3840.642224,3845.963036,5.320811999999933,3840.622224,3845.983036,5.360811999999896,5.0,click_train_02152_start_3840.642s_ici_5.0.wav,/Users/nfot413/dolphin_project/official_click_features/segments/click_train_02152_start_3840.642s_ici_5.0.wav
2153,2154,3846.246776,3846.662375,0.4155989999999292,3846.226776,3846.682375,0.45559899999989284,60.0,click_train_02153_start_3846.247s_ici_60.0.wav,/Users/nfot413/dolphin_project/official_click_features/segments/click_train_02153_start_3846.247s_ici_60.0.wav
2154,2155,3846.748531,3848.925057,2.1765259999997397,3846.728531,3848.945057,2.2165259999997033,5.0,click_train_02154_start_3846.749s_ici_5.0.wav,/Users/nfot413/dolphin_project/official_click_features/segments/click_train_02154_start_3846.749s_ici_5.0.wav
2155,2156,3849.6835,3850.519979,0.8364790000000539,3849.6635,3850.539979,0.8764790000000175,80.0,click_train_02155_start_3849.684s_ici_80.0.wav,/Users/nfot413/dolphin_project/official_click_features/segments/click_train_02155_start_3849.684s_ici_80.0.wav
2156,2157,3851.85674,3853.67576,1.8190199999999095,3851.83674,3853.69576,1.859019999999873,5.0,click_train_02156_start_3851.857s_ici_5.0.wav,/Users/nfot413/dolphin_project/official_click_features/segments/click_train_02156_start_3851.857s_ici_5.0.wav
2157,2158,3854.935807,3855.131109,0.19530200000008335,3854.915807,3855.151109,0.23530200000004697,25.0,click_train_02157_start_3854.936s_ici_25.0.wav,/Users/nfot413/dolphin_project/official_click_features/segments/click_train_02157_start_3854.936s_ici_25.0.wav
2158,2159,3855.403729,3855.699693,0.29596399999991263,3855.383729,3855.719693,0.33596399999987625,50.0,click_train_02158_start_3855.404s_ici_50.0.wav,/Users/nfot413/dolphin_project/official_click_features/segments/click_train_02158_start_3855.404s_ici_50.0.wav
2159,2160,3856.056536,3856.375974,0.319437999999991,3856.036536,3856.395974,0.3594379999999546,70.0,click_train_02159_start_3856.057s_ici_70.0.wav,/Users/nfot413/dolphin_project/official_click_features/segments/click_train_02159_start_3856.057s_ici_70.0.wav
2160,2161,3856.44763,3856.838276,0.3906459999998333,3856.42763,3856.858276,0.4306459999997969,80.0,click_train_02160_start_3856.448s_ici_80.0.wav,/Users/nfot413/dolphin_project/official_click_features/segments/click_train_02160_start_3856.448s_ici_80.0.wav
2161,2162,3857.664943,3861.217151,3.5522079999996095,3857.6449430000002,3861.237151,3.592207999999573,5.0,click_train_02161_start_3857.665s_ici_5.0.wav,/Users/nfot413/dolphin_project/official_click_features/segments/click_train_02161_start_3857.665s_ici_5.0.wav
2162,2163,3861.217151,3861.319281,0.10213000000021566,3861.197151,3861.339281,0.14213000000017928,5.0,click_train_02162_start_3861.217s_ici_5.0.wav,/Users/nfot413/dolphin_project/official_click_features/segments/click_train_02162_start_3861.217s_ici_5.0.wav
2163,2164,3861.319281,3861.758375,0.4390939999998409,3861.299281,3861.778375,0.4790939999998045,65.0,click_train_02163_start_3861.319s_ici_65.0.wav,/Users/nfot413/dolphin_project/official_click_features/segments/click_train_02163_start_3861.319s_ici_65.0.wav
2164,2165,3862.925125,3866.377432,3.452307000000019,3862.905125,3866.397432,3.4923069999999825,5.0,click_train_02164_start_3862.925s_ici_5.0.wav,/Users/nfot413/dolphin_project/official_click_features/segments/click_train_02164_start_3862.925s_ici_5.0.wav
2165,2166,3867.371672,3870.431396,3.0597239999997328,3867.3516720000002,3870.451396,3.0997239999996964,5.0,click_train_02165_start_3867.372s_ici_5.0.wav,/Users/nfot413/dolphin_project/official_click_features/segments/click_train_02165_start_3867.372s_ici_5.0.wav
2166,2167,3873.194745,3875.933323,2.738578000000416,3873.174745,3875.953323,2.7785780000003797,5.0,click_train_02166_start_3873.195s_ici_5.0.wav,/Users/nfot413/dolphin_project/official_click_features/segments/click_train_02166_start_3873.195s_ici_5.0.wav
2167,2168,3875.965849,3877.926198,1.960348999999951,3875.945849,3877.946198,2.0003489999999147,5.0,click_train_02167_start_3875.966s_ici_5.0.wav,/Users/nfot413/dolphin_project/official_click_features/segments/click_train_02167_start_3875.966s_ici_5.0.wav
2168,2169,3879.963198,3881.665807,1.7026089999999385,3879.943198,3881.685807,1.7426089999999022,5.0,click_train_02168_start_3879.963s_ici_5.0.wav,/Users/nfot413/dolphin_project/official_click_features/segments/click_train_02168_start_3879.963s_ici_5.0.wav
2169,2170,3882.408698,3886.425599,4.016900999999962,3882.388698,3886.445599,4.056900999999925,5.0,click_train_02169_start_3882.409s_ici_5.0.wav,/Users/nfot413/dolphin_project/official_click_features/segments/click_train_02169_start_3882.409s_ici_5.0.wav
2170,2171,3887.095615,3887.115005,0.019389999999930296,3887.075615,3887.135005,0.05938999999989392,5.0,click_train_02170_start_3887.096s_ici_5.0.wav,/Users/nfot413/dolphin_project/official_click_features/segments/click_train_02170_start_3887.096s_ici_5.0.wav
2171,2172,3887.419786,3887.460042,0.04025600000022678,3887.399786,3887.480042,0.0802560000001904,5.0,click_train_02171_start_3887.420s_ici_5.0.wav,/Users/nfot413/dolphin_project/official_click_features/segments/click_train_02171_start_3887.420s_ici_5.0.wav
2172,2173,3887.516547,3887.551026,0.034478999999919324,3887.496547,3887.571026,0.07447899999988294,5.0,click_train_02172_start_3887.517s_ici_5.0.wav,/Users/nfot413/dolphin_project/official_click_features/segments/click_train_02172_start_3887.517s_ici_5.0.wav
2173,2174,3887.955245,3887.975219,0.01997399999982008,3887.935245,3887.995219,0.0599739999997837,5.0,click_train_02173_start_3887.955s_ici_5.0.wav,/Users/nfot413/dolphin_project/official_click_features/segments/click_train_02173_start_3887.955s_ici_5.0.wav
2174,2175,3888.744698,3892.066224,3.3215260000001763,3888.724698,3892.086224,3.36152600000014,5.0,click_train_02174_start_3888.745s_ici_5.0.wav,/Users/nfot413/dolphin_project/official_click_features/segments/click_train_02174_start_3888.745s_ici_5.0.wav
2175,2176,3895.831313,3896.250328,0.41901499999994485,3895.811313,3896.270328,0.45901499999990847,75.0,click_train_02175_start_3895.831s_ici_75.0.wav,/Users/nfot413/dolphin_project/official_click_features/segments/click_train_02175_start_3895.831s_ici_75.0.wav
2176,2177,3901.059562,3901.675198,0.615635999999995,3901.039562,3901.695198,0.6556359999999586,55.0,click_train_02176_start_3901.060s_ici_55.0.wav,/Users/nfot413/dolphin_project/official_click_features/segments/click_train_02176_start_3901.060s_ici_55.0.wav
2177,2178,3928.558927,3928.653063,0.09413600000016231,3928.538927,3928.673063,0.13413600000012593,20.0,click_train_02177_start_3928.559s_ici_20.0.wav,/Users/nfot413/dolphin_project/official_click_features/segments/click_train_02177_start_3928.559s_ici_20.0.wav
2178,2179,3929.766115,3930.399464,0.6333490000001802,3929.746115,3930.419464,0.6733490000001439,65.0,click_train_02178_start_3929.766s_ici_65.0.wav,/Users/nfot413/dolphin_project/official_click_features/segments/click_train_02178_start_3929.766s_ici_65.0.wav
2179,2180,3930.928974,3931.563224,0.6342500000000655,3930.908974,3931.583224,0.6742500000000291,40.0,click_train_02179_start_3930.929s_ici_40.0.wav,/Users/nfot413/dolphin_project/official_click_features/segments/click_train_02179_start_3930.929s_ici_40.0.wav
2180,2181,3931.943203,3932.311188,0.3679850000003171,3931.923203,3932.331188,0.4079850000002807,75.0,click_train_02180_start_3931.943s_ici_75.0.wav,/Users/nfot413/dolphin_project/official_click_features/segments/click_train_02180_start_3931.943s_ici_75.0.wav
2181,2182,3935.524714,3935.925911,0.4011969999996836,3935.504714,3935.945911,0.44119699999964723,85.0,click_train_02181_start_3935.525s_ici_85.0.wav,/Users/nfot413/dolphin_project/official_click_features/segments/click_train_02181_start_3935.525s_ici_85.0.wav
2182,2183,3944.559599,3944.91126,0.35166099999969447,3944.539599,3944.93126,0.3916609999996581,75.0,click_train_02182_start_3944.560s_ici_75.0.wav,/Users/nfot413/dolphin_project/official_click_features/segments/click_train_02182_start_3944.560s_ici_75.0.wav
2183,2184,3945.964724,3946.892948,0.9282240000002275,3945.944724,3946.912948,0.9682240000001912,80.0,click_train_02183_start_3945.965s_ici_80.0.wav,/Users/nfot413/dolphin_project/official_click_features/segments/click_train_02183_start_3945.965s_ici_80.0.wav
2184,2185,3949.848432,3950.634844,0.7864120000003822,3949.828432,3950.654844,0.8264120000003459,40.0,click_train_02184_start_3949.848s_ici_40.0.wav,/Users/nfot413/dolphin_project/official_click_features/segments/click_train_02184_start_3949.848s_ici_40.0.wav
2185,2186,3950.661615,3951.14588,0.48426500000005035,3950.641615,3951.16588,0.524265000000014,45.0,click_train_02185_start_3950.662s_ici_45.0.wav,/Users/nfot413/dolphin_project/official_click_features/segments/click_train_02185_start_3950.662s_ici_45.0.wav
2186,2187,3951.645344,3951.997849,0.3525049999998373,3951.625344,3952.017849,0.39250499999980093,60.0,click_train_02186_start_3951.645s_ici_60.0.wav,/Users/nfot413/dolphin_project/official_click_features/segments/click_train_02186_start_3951.645s_ici_60.0.wav
2187,2188,3952.016318,3952.559354,0.5430360000000292,3951.996318,3952.579354,0.5830359999999928,55.0,click_train_02187_start_3952.016s_ici_55.0.wav,/Users/nfot413/dolphin_project/official_click_features/segments/click_train_02187_start_3952.016s_ici_55.0.wav
2188,2189,3952.609151,3952.847365,0.23821399999997084,3952.589151,3952.867365,0.27821399999993446,50.0,click_train_02188_start_3952.609s_ici_50.0.wav,/Users/nfot413/dolphin_project/official_click_features/segments/click_train_02188_start_3952.609s_ici_50.0.wav
2189,2190,3952.894047,3953.401094,0.5070470000000569,3952.874047,3953.421094,0.5470470000000205,50.0,click_train_02189_start_3952.894s_ici_50.0.wav,/Users/nfot413/dolphin_project/official_click_features/segments/click_train_02189_start_3952.894s_ici_50.0.wav
2190,2191,3953.524068,3953.774307,0.250238999999965,3953.504068,3953.794307,0.29023899999992864,35.0,click_train_02190_start_3953.524s_ici_35.0.wav,/Users/nfot413/dolphin_project/official_click_features/segments/click_train_02190_start_3953.524s_ici_35.0.wav
2191,2192,3953.808844,3954.238813,0.42996899999980087,3953.788844,3954.258813,0.4699689999997645,35.0,click_train_02191_start_3953.809s_ici_35.0.wav,/Users/nfot413/dolphin_project/official_click_features/segments/click_train_02191_start_3953.809s_ici_35.0.wav
2192,2193,3954.264802,3955.202875,0.9380729999998039,3954.244802,3955.222875,0.9780729999997675,25.0,click_train_02192_start_3954.265s_ici_25.0.wav,/Users/nfot413/dolphin_project/official_click_features/segments/click_train_02192_start_3954.265s_ici_25.0.wav
2193,2194,3955.202875,3957.042161,1.8392859999999018,3955.182875,3957.062161,1.8792859999998655,10.0,click_train_02193_start_3955.203s_ici_10.0.wav,/Users/nfot413/dolphin_project/official_click_features/segments/click_train_02193_start_3955.203s_ici_10.0.wav
2194,2195,3960.000042,3961.158505,1.158462999999756,3959.980042,3961.178505,1.1984629999997196,5.0,click_train_02194_start_3960.000s_ici_5.0.wav,/Users/nfot413/dolphin_project/official_click_features/segments/click_train_02194_start_3960.000s_ici_5.0.wav
2195,2196,3961.6365,3961.701714,0.06521399999974165,3961.6165,3961.721714,0.10521399999970527,10.0,click_train_02195_start_3961.637s_ici_10.0.wav,/Users/nfot413/dolphin_project/official_click_features/segments/click_train_02195_start_3961.637s_ici_10.0.wav
2196,2197,3962.245979,3966.092151,3.846172000000024,3962.225979,3966.112151,3.8861719999999877,5.0,click_train_02196_start_3962.246s_ici_5.0.wav,/Users/nfot413/dolphin_project/official_click_features/segments/click_train_02196_start_3962.246s_ici_5.0.wav
2197,2198,3966.425313,3966.692031,0.26671799999985524,3966.405313,3966.712031,0.30671799999981886,50.0,click_train_02197_start_3966.425s_ici_50.0.wav,/Users/nfot413/dolphin_project/official_click_features/segments/click_train_02197_start_3966.425s_ici_50.0.wav
2198,2199,3967.237932,3967.377302,0.13936999999987165,3967.217932,3967.397302,0.17936999999983527,25.0,click_train_02198_start_3967.238s_ici_25.0.wav,/Users/nfot413/dolphin_project/official_click_features/segments/click_train_02198_start_3967.238s_ici_25.0.wav
2199,2200,3967.769026,3968.440745,0.6717189999999391,3967.749026,3968.460745,0.7117189999999027,5.0,click_train_02199_start_3967.769s_ici_5.0.wav,/Users/nfot413/dolphin_project/official_click_features/segments/click_train_02199_start_3967.769s_ici_5.0.wav
2200,2201,3968.440745,3968.572198,0.13145299999996496,3968.420745,3968.592198,0.17145299999992858,30.0,click_train_02200_start_3968.441s_ici_30.0.wav,/Users/nfot413/dolphin_project/official_click_features/segments/click_train_02200_start_3968.441s_ici_30.0.wav
2201,2202,3968.678266,3973.642823,4.964557000000241,3968.658266,3973.662823,5.004557000000204,5.0,click_train_02201_start_3968.678s_ici_5.0.wav,/Users/nfot413/dolphin_project/official_click_features/segments/click_train_02201_start_3968.678s_ici_5.0.wav
2202,2203,3973.854719,3974.97038,1.115661000000273,3973.834719,3974.99038,1.1556610000002365,70.0,click_train_02202_start_3973.855s_ici_70.0.wav,/Users/nfot413/dolphin_project/official_click_features/segments/click_train_02202_start_3973.855s_ici_70.0.wav
2203,2204,3975.658828,3976.309677,0.6508490000001075,3975.638828,3976.329677,0.6908490000000711,10.0,click_train_02203_start_3975.659s_ici_10.0.wav,/Users/nfot413/dolphin_project/official_click_features/segments/click_train_02203_start_3975.659s_ici_10.0.wav
2204,2205,3976.618344,3977.187802,0.5694579999999405,3976.598344,3977.207802,0.6094579999999041,65.0,click_train_02204_start_3976.618s_ici_65.0.wav,/Users/nfot413/dolphin_project/official_click_features/segments/click_train_02204_start_3976.618s_ici_65.0.wav
2205,2206,3977.187802,3978.316344,1.1285419999999249,3977.167802,3978.336344,1.1685419999998885,5.0,click_train_02205_start_3977.188s_ici_5.0.wav,/Users/nfot413/dolphin_project/official_click_features/segments/click_train_02205_start_3977.188s_ici_5.0.wav
2206,2207,3978.674391,3978.948297,0.2739059999998972,3978.654391,3978.968297,0.3139059999998608,60.0,click_train_02206_start_3978.674s_ici_60.0.wav,/Users/nfot413/dolphin_project/official_click_features/segments/click_train_02206_start_3978.674s_ici_60.0.wav
2207,2208,3978.980234,3995.51013,16.529896000000008,3978.960234,3995.53013,16.56989599999997,5.0,click_train_02207_start_3978.980s_ici_5.0.wav,/Users/nfot413/dolphin_project/official_click_features/segments/click_train_02207_start_3978.980s_ici_5.0.wav
2208,2209,3995.51013,3995.846422,0.3362919999999576,3995.49013,3995.866422,0.37629199999992125,5.0,click_train_02208_start_3995.510s_ici_5.0.wav,/Users/nfot413/dolphin_project/official_click_features/segments/click_train_02208_start_3995.510s_ici_5.0.wav
2209,2210,3996.376359,3996.816719,0.44036000000005515,3996.356359,3996.836719,0.48036000000001877,5.0,click_train_02209_start_3996.376s_ici_5.0.wav,/Users/nfot413/dolphin_project/official_click_features/segments/click_train_02209_start_3996.376s_ici_5.0.wav
2210,2211,3996.816719,3999.57637,2.7596510000003036,3996.796719,3999.59637,2.7996510000002672,5.0,click_train_02210_start_3996.817s_ici_5.0.wav,/Users/nfot413/dolphin_project/official_click_features/segments/click_train_02210_start_3996.817s_ici_5.0.wav
2211,2212,3999.57637,4000.528708,0.9523379999995996,3999.5563700000002,4000.548708,0.9923379999995632,5.0,click_train_02211_start_3999.576s_ici_5.0.wav,/Users/nfot413/dolphin_project/official_click_features/segments/click_train_02211_start_3999.576s_ici_5.0.wav
2212,2213,4000.798292,4004.964172,4.165880000000016,4000.778292,4004.984172,4.205879999999979,5.0,click_train_02212_start_4000.798s_ici_5.0.wav,/Users/nfot413/dolphin_project/official_click_features/segments/click_train_02212_start_4000.798s_ici_5.0.wav
2213,2214,4004.964172,4005.382979,0.41880700000001525,4004.944172,4005.402979,0.45880699999997887,50.0,click_train_02213_start_4004.964s_ici_50.0.wav,/Users/nfot413/dolphin_project/official_click_features/segments/click_train_02213_start_4004.964s_ici_50.0.wav
2214,2215,4005.467818,4005.835109,0.3672910000000229,4005.447818,4005.855109,0.4072909999999865,35.0,click_train_02214_start_4005.468s_ici_35.0.wav,/Users/nfot413/dolphin_project/official_click_features/segments/click_train_02214_start_4005.468s_ici_35.0.wav
2215,2216,4006.557245,4008.455161,1.8979159999998956,4006.537245,4008.475161,1.9379159999998592,5.0,click_train_02215_start_4006.557s_ici_5.0.wav,/Users/nfot413/dolphin_project/official_click_features/segments/click_train_02215_start_4006.557s_ici_5.0.wav
2216,2217,4008.814635,4011.750307,2.935671999999613,4008.794635,4011.770307,2.9756719999995767,5.0,click_train_02216_start_4008.815s_ici_5.0.wav,/Users/nfot413/dolphin_project/official_click_features/segments/click_train_02216_start_4008.815s_ici_5.0.wav
2217,2218,4013.462516,4013.660302,0.19778599999972357,4013.442516,4013.6803019999998,0.2377859999996872,35.0,click_train_02217_start_4013.463s_ici_35.0.wav,/Users/nfot413/dolphin_project/official_click_features/segments/click_train_02217_start_4013.463s_ici_35.0.wav
2218,2219,4013.785583,4014.146203,0.3606199999999262,4013.765583,4014.1662029999998,0.40061999999988984,75.0,click_train_02218_start_4013.786s_ici_75.0.wav,/Users/nfot413/dolphin_project/official_click_features/segments/click_train_02218_start_4013.786s_ici_75.0.wav
2219,2220,4014.466974,4014.510219,0.04324499999984255,4014.446974,4014.5302189999998,0.08324499999980617,10.0,click_train_02219_start_4014.467s_ici_10.0.wav,/Users/nfot413/dolphin_project/official_click_features/segments/click_train_02219_start_4014.467s_ici_10.0.wav
2220,2221,4015.015292,4015.044089,0.028796999999940454,4014.995292,4015.064089,0.06879699999990407,5.0,click_train_02220_start_4015.015s_ici_5.0.wav,/Users/nfot413/dolphin_project/official_click_features/segments/click_train_02220_start_4015.015s_ici_5.0.wav
2221,2222,4015.290474,4018.412786,3.1223119999999653,4015.270474,4018.432786,3.162311999999929,5.0,click_train_02221_start_4015.290s_ici_5.0.wav,/Users/nfot413/dolphin_project/official_click_features/segments/click_train_02221_start_4015.290s_ici_5.0.wav
2222,2223,4018.820109,4019.449531,0.6294220000004316,4018.800109,4019.469531,0.6694220000003952,5.0,click_train_02222_start_4018.820s_ici_5.0.wav,/Users/nfot413/dolphin_project/official_click_features/segments/click_train_02222_start_4018.820s_ici_5.0.wav
2223,2224,4019.458354,4019.615224,0.15687000000025364,4019.438354,4019.635224,0.19687000000021726,15.0,click_train_02223_start_4019.458s_ici_15.0.wav,/Users/nfot413/dolphin_project/official_click_features/segments/click_train_02223_start_4019.458s_ici_15.0.wav
2224,2225,4019.746115,4019.859089,0.11297400000012203,4019.726115,4019.879089,0.15297400000008565,25.0,click_train_02224_start_4019.746s_ici_25.0.wav,/Users/nfot413/dolphin_project/official_click_features/segments/click_train_02224_start_4019.746s_ici_25.0.wav
2225,2226,4020.902036,4021.034016,0.13198000000011234,4020.882036,4021.054016,0.17198000000007596,20.0,click_train_02225_start_4020.902s_ici_20.0.wav,/Users/nfot413/dolphin_project/official_click_features/segments/click_train_02225_start_4020.902s_ici_20.0.wav
2226,2227,4021.034016,4028.001391,6.96737499999972,4021.014016,4028.0213909999998,7.0073749999996835,5.0,click_train_02226_start_4021.034s_ici_5.0.wav,/Users/nfot413/dolphin_project/official_click_features/segments/click_train_02226_start_4021.034s_ici_5.0.wav
2227,2228,4028.754812,4029.32788,0.5730679999996937,4028.734812,4029.34788,0.6130679999996573,60.0,click_train_02227_start_4028.755s_ici_60.0.wav,/Users/nfot413/dolphin_project/official_click_features/segments/click_train_02227_start_4028.755s_ici_60.0.wav
2228,2229,4029.32788,4029.747755,0.4198750000000473,4029.30788,4029.767755,0.4598750000000109,5.0,click_train_02228_start_4029.328s_ici_5.0.wav,/Users/nfot413/dolphin_project/official_click_features/segments/click_train_02228_start_4029.328s_ici_5.0.wav
2229,2230,4030.283344,4031.387141,1.1037970000002133,4030.263344,4031.407141,1.143797000000177,5.0,click_train_02229_start_4030.283s_ici_5.0.wav,/Users/nfot413/dolphin_project/official_click_features/segments/click_train_02229_start_4030.283s_ici_5.0.wav
2230,2231,4032.562714,4032.831563,0.26884900000004563,4032.542714,4032.851563,0.30884900000000926,45.0,click_train_02230_start_4032.563s_ici_45.0.wav,/Users/nfot413/dolphin_project/official_click_features/segments/click_train_02230_start_4032.563s_ici_45.0.wav
2231,2232,4032.854693,4033.403792,0.5490989999998419,4032.8346930000002,4033.423792,0.5890989999998055,90.0,click_train_02231_start_4032.855s_ici_90.0.wav,/Users/nfot413/dolphin_project/official_click_features/segments/click_train_02231_start_4032.855s_ici_90.0.wav
2232,2233,4033.622073,4034.122943,0.5008699999998498,4033.602073,4034.142943,0.5408699999998134,70.0,click_train_02232_start_4033.622s_ici_70.0.wav,/Users/nfot413/dolphin_project/official_click_features/segments/click_train_02232_start_4033.622s_ici_70.0.wav
2233,2234,4034.122943,4038.255724,4.13278100000025,4034.102943,4038.275724,4.172781000000214,5.0,click_train_02233_start_4034.123s_ici_5.0.wav,/Users/nfot413/dolphin_project/official_click_features/segments/click_train_02233_start_4034.123s_ici_5.0.wav
2234,2235,4038.558854,4042.474922,3.9160679999999957,4038.538854,4042.494922,3.9560679999999593,5.0,click_train_02234_start_4038.559s_ici_5.0.wav,/Users/nfot413/dolphin_project/official_click_features/segments/click_train_02234_start_4038.559s_ici_5.0.wav
2235,2236,4042.494479,4042.635609,0.14112999999997555,4042.474479,4042.655609,0.18112999999993917,25.0,click_train_02235_start_4042.494s_ici_25.0.wav,/Users/nfot413/dolphin_project/official_click_features/segments/click_train_02235_start_4042.494s_ici_25.0.wav
2236,2237,4042.635609,4042.708839,0.07322999999996682,4042.615609,4042.728839,0.11322999999993044,10.0,click_train_02236_start_4042.636s_ici_10.0.wav,/Users/nfot413/dolphin_project/official_click_features/segments/click_train_02236_start_4042.636s_ici_10.0.wav
2237,2238,4042.708839,4042.889198,0.18035899999995308,4042.688839,4042.909198,0.2203589999999167,10.0,click_train_02237_start_4042.709s_ici_10.0.wav,/Users/nfot413/dolphin_project/official_click_features/segments/click_train_02237_start_4042.709s_ici_10.0.wav
2238,2239,4042.889198,4042.972385,0.08318700000017998,4042.869198,4042.992385,0.1231870000001436,10.0,click_train_02238_start_4042.889s_ici_10.0.wav,/Users/nfot413/dolphin_project/official_click_features/segments/click_train_02238_start_4042.889s_ici_10.0.wav
2239,2240,4042.972385,4043.084349,0.11196400000017093,4042.952385,4043.104349,0.15196400000013455,25.0,click_train_02239_start_4042.972s_ici_25.0.wav,/Users/nfot413/dolphin_project/official_click_features/segments/click_train_02239_start_4042.972s_ici_25.0.wav
2240,2241,4043.084349,4043.876849,0.7925000000000182,4043.064349,4043.896849,0.8324999999999818,5.0,click_train_02240_start_4043.084s_ici_5.0.wav,/Users/nfot413/dolphin_project/official_click_features/segments/click_train_02240_start_4043.084s_ici_5.0.wav
2241,2242,4043.876849,4044.120536,0.24368699999968157,4043.8568490000002,4044.140536,0.2836869999996452,35.0,click_train_02241_start_4043.877s_ici_35.0.wav,/Users/nfot413/dolphin_project/official_click_features/segments/click_train_02241_start_4043.877s_ici_35.0.wav
2242,2243,4044.120536,4044.421214,0.30067800000006173,4044.100536,4044.441214,0.34067800000002535,5.0,click_train_02242_start_4044.121s_ici_5.0.wav,/Users/nfot413/dolphin_project/official_click_features/segments/click_train_02242_start_4044.121s_ici_5.0.wav
2243,2244,4044.421214,4045.920958,1.4997440000001916,4044.401214,4045.940958,1.5397440000001552,5.0,click_train_02243_start_4044.421s_ici_5.0.wav,/Users/nfot413/dolphin_project/official_click_features/segments/click_train_02243_start_4044.421s_ici_5.0.wav
2244,2245,4045.920958,4049.21787,3.296911999999793,4045.900958,4049.23787,3.3369119999997565,5.0,click_train_02244_start_4045.921s_ici_5.0.wav,/Users/nfot413/dolphin_project/official_click_features/segments/click_train_02244_start_4045.921s_ici_5.0.wav
2245,2246,4049.21787,4049.354078,0.13620799999989686,4049.19787,4049.374078,0.17620799999986048,30.0,click_train_02245_start_4049.218s_ici_30.0.wav,/Users/nfot413/dolphin_project/official_click_features/segments/click_train_02245_start_4049.218s_ici_30.0.wav
2246,2247,4049.37824,4049.499042,0.12080199999991237,4049.35824,4049.519042,0.160801999999876,20.0,click_train_02246_start_4049.378s_ici_20.0.wav,/Users/nfot413/dolphin_project/official_click_features/segments/click_train_02246_start_4049.378s_ici_20.0.wav
2247,2248,4049.499042,4051.024141,1.5250989999999547,4049.479042,4051.044141,1.5650989999999183,5.0,click_train_02247_start_4049.499s_ici_5.0.wav,/Users/nfot413/dolphin_project/official_click_features/segments/click_train_02247_start_4049.499s_ici_5.0.wav
2248,2249,4051.298578,4059.296719,7.998141000000032,4051.278578,4059.316719,8.038140999999996,5.0,click_train_02248_start_4051.299s_ici_5.0.wav,/Users/nfot413/dolphin_project/official_click_features/segments/click_train_02248_start_4051.299s_ici_5.0.wav
2249,2250,4059.296719,4070.144312,10.84759299999996,4059.276719,4070.164312,10.887592999999924,5.0,click_train_02249_start_4059.297s_ici_5.0.wav,/Users/nfot413/dolphin_project/official_click_features/segments/click_train_02249_start_4059.297s_ici_5.0.wav
2250,2251,4071.067443,4071.958714,0.8912709999999606,4071.047443,4071.978714,0.9312709999999242,85.0,click_train_02250_start_4071.067s_ici_85.0.wav,/Users/nfot413/dolphin_project/official_click_features/segments/click_train_02250_start_4071.067s_ici_85.0.wav
2251,2252,4071.958714,4072.913901,0.9551870000000235,4071.938714,4072.933901,0.9951869999999872,80.0,click_train_02251_start_4071.959s_ici_80.0.wav,/Users/nfot413/dolphin_project/official_click_features/segments/click_train_02251_start_4071.959s_ici_80.0.wav
2252,2253,4073.245953,4073.784427,0.538473999999951,4073.225953,4073.804427,0.5784739999999147,40.0,click_train_02252_start_4073.246s_ici_40.0.wav,/Users/nfot413/dolphin_project/official_click_features/segments/click_train_02252_start_4073.246s_ici_40.0.wav
2253,2254,4074.04363,4079.822036,5.7784059999999045,4074.02363,4079.842036,5.818405999999868,5.0,click_train_02253_start_4074.044s_ici_5.0.wav,/Users/nfot413/dolphin_project/official_click_features/segments/click_train_02253_start_4074.044s_ici_5.0.wav
2254,2255,4079.822036,4080.0,0.17796399999997448,4079.802036,4080.02,0.2179639999999381,25.0,click_train_02254_start_4079.822s_ici_25.0.wav,/Users/nfot413/dolphin_project/official_click_features/segments/click_train_02254_start_4079.822s_ici_25.0.wav
2255,2256,4080.030354,4080.200521,0.17016700000021956,4080.010354,4080.220521,0.21016700000018318,15.0,click_train_02255_start_4080.030s_ici_15.0.wav,/Users/nfot413/dolphin_project/official_click_features/segments/click_train_02255_start_4080.030s_ici_15.0.wav
2256,2257,4080.457042,4080.53649,0.07944799999995666,4080.437042,4080.55649,0.11944799999992028,10.0,click_train_02256_start_4080.457s_ici_10.0.wav,/Users/nfot413/dolphin_project/official_click_features/segments/click_train_02256_start_4080.457s_ici_10.0.wav
2257,2258,4080.53649,4080.810187,0.2736970000000838,4080.51649,4080.830187,0.3136970000000474,35.0,click_train_02257_start_4080.536s_ici_35.0.wav,/Users/nfot413/dolphin_project/official_click_features/segments/click_train_02257_start_4080.536s_ici_35.0.wav
2258,2259,4080.890292,4081.06174,0.1714480000000549,4080.870292,4081.08174,0.2114480000000185,25.0,click_train_02258_start_4080.890s_ici_25.0.wav,/Users/nfot413/dolphin_project/official_click_features/segments/click_train_02258_start_4080.890s_ici_25.0.wav
2259,2260,4081.088297,4081.36037,0.27207300000009127,4081.068297,4081.38037,0.3120730000000549,30.0,click_train_02259_start_4081.088s_ici_30.0.wav,/Users/nfot413/dolphin_project/official_click_features/segments/click_train_02259_start_4081.088s_ici_30.0.wav
2260,2261,4081.545875,4081.571214,0.02533900000025824,4081.525875,4081.591214,0.06533900000022186,5.0,click_train_02260_start_4081.546s_ici_5.0.wav,/Users/nfot413/dolphin_project/official_click_features/segments/click_train_02260_start_4081.546s_ici_5.0.wav
2261,2262,4081.612089,4081.75851,0.14642099999991842,4081.592089,4081.77851,0.18642099999988204,25.0,click_train_02261_start_4081.612s_ici_25.0.wav,/Users/nfot413/dolphin_project/official_click_features/segments/click_train_02261_start_4081.612s_ici_25.0.wav
2262,2263,4081.75851,4081.785781,0.02727099999992788,4081.73851,4081.805781,0.0672709999998915,5.0,click_train_02262_start_4081.759s_ici_5.0.wav,/Users/nfot413/dolphin_project/official_click_features/segments/click_train_02262_start_4081.759s_ici_5.0.wav
2263,2264,4081.834057,4081.862641,0.028584000000137166,4081.814057,4081.882641,0.06858400000010079,5.0,click_train_02263_start_4081.834s_ici_5.0.wav,/Users/nfot413/dolphin_project/official_click_features/segments/click_train_02263_start_4081.834s_ici_5.0.wav
2264,2265,4081.862641,4082.04601,0.1833689999998569,4081.842641,4082.06601,0.22336899999982052,30.0,click_train_02264_start_4081.863s_ici_30.0.wav,/Users/nfot413/dolphin_project/official_click_features/segments/click_train_02264_start_4081.863s_ici_30.0.wav
2265,2266,4082.04601,4082.071464,0.025454000000081578,4082.02601,4082.091464,0.0654540000000452,5.0,click_train_02265_start_4082.046s_ici_5.0.wav,/Users/nfot413/dolphin_project/official_click_features/segments/click_train_02265_start_4082.046s_ici_5.0.wav
2266,2267,4082.124958,4082.76849,0.6435320000000502,4082.104958,4082.78849,0.6835320000000138,10.0,click_train_02266_start_4082.125s_ici_10.0.wav,/Users/nfot413/dolphin_project/official_click_features/segments/click_train_02266_start_4082.125s_ici_10.0.wav
2267,2268,4082.892365,4086.565385,3.673019999999724,4082.872365,4086.585385,3.7130199999996876,5.0,click_train_02267_start_4082.892s_ici_5.0.wav,/Users/nfot413/dolphin_project/official_click_features/segments/click_train_02267_start_4082.892s_ici_5.0.wav
2268,2269,4086.565385,4086.946536,0.3811510000000453,4086.545385,4086.966536,0.42115100000000893,20.0,click_train_02268_start_4086.565s_ici_20.0.wav,/Users/nfot413/dolphin_project/official_click_features/segments/click_train_02268_start_4086.565s_ici_20.0.wav
2269,2270,4087.753516,4088.124729,0.3712129999998979,4087.7335160000002,4088.144729,0.4112129999998615,5.0,click_train_02269_start_4087.754s_ici_5.0.wav,/Users/nfot413/dolphin_project/official_click_features/segments/click_train_02269_start_4087.754s_ici_5.0.wav
2270,2271,4088.255458,4090.422526,2.1670679999997446,4088.235458,4090.442526,2.2070679999997083,5.0,click_train_02270_start_4088.255s_ici_5.0.wav,/Users/nfot413/dolphin_project/official_click_features/segments/click_train_02270_start_4088.255s_ici_5.0.wav
2271,2272,4090.599719,4090.637562,0.03784300000006624,4090.579719,4090.657562,0.07784300000002986,5.0,click_train_02271_start_4090.600s_ici_5.0.wav,/Users/nfot413/dolphin_project/official_click_features/segments/click_train_02271_start_4090.600s_ici_5.0.wav
2272,2273,4090.71712,4091.831432,1.1143120000001545,4090.69712,4091.851432,1.1543120000001181,5.0,click_train_02272_start_4090.717s_ici_5.0.wav,/Users/nfot413/dolphin_project/official_click_features/segments/click_train_02272_start_4090.717s_ici_5.0.wav
2273,2274,4091.831432,4091.894776,0.06334400000014284,4091.811432,4091.914776,0.10334400000010646,10.0,click_train_02273_start_4091.831s_ici_10.0.wav,/Users/nfot413/dolphin_project/official_click_features/segments/click_train_02273_start_4091.831s_ici_10.0.wav
2274,2275,4091.894776,4092.246448,0.3516719999997804,4091.874776,4092.266448,0.391671999999744,75.0,click_train_02274_start_4091.895s_ici_75.0.wav,/Users/nfot413/dolphin_project/official_click_features/segments/click_train_02274_start_4091.895s_ici_75.0.wav
2275,2276,4092.382786,4094.224625,1.841838999999709,4092.362786,4094.244625,1.8818389999996725,5.0,click_train_02275_start_4092.383s_ici_5.0.wav,/Users/nfot413/dolphin_project/official_click_features/segments/click_train_02275_start_4092.383s_ici_5.0.wav
2276,2277,4094.714635,4094.946786,0.2321510000001581,4094.694635,4094.966786,0.2721510000001217,40.0,click_train_02276_start_4094.715s_ici_40.0.wav,/Users/nfot413/dolphin_project/official_click_features/segments/click_train_02276_start_4094.715s_ici_40.0.wav
2277,2278,4095.328422,4095.665641,0.3372190000000046,4095.308422,4095.685641,0.3772189999999682,70.0,click_train_02277_start_4095.328s_ici_70.0.wav,/Users/nfot413/dolphin_project/official_click_features/segments/click_train_02277_start_4095.328s_ici_70.0.wav
2278,2279,4095.785104,4096.164156,0.3790519999997741,4095.765104,4096.184156,0.4190520000001925,65.0,click_train_02278_start_4095.785s_ici_65.0.wav,/Users/nfot413/dolphin_project/official_click_features/segments/click_train_02278_start_4095.785s_ici_65.0.wav
2279,2280,4096.202734,4097.225646,1.022911999999451,4096.182734,4097.245646,1.062912000000324,5.0,click_train_02279_start_4096.203s_ici_5.0.wav,/Users/nfot413/dolphin_project/official_click_features/segments/click_train_02279_start_4096.203s_ici_5.0.wav
2280,2281,4097.832328,4098.201354,0.3690259999993941,4097.812328,4098.221354,0.40902600000026723,20.0,click_train_02280_start_4097.832s_ici_20.0.wav,/Users/nfot413/dolphin_project/official_click_features/segments/click_train_02280_start_4097.832s_ici_20.0.wav
2281,2282,4098.360703,4098.818875,0.4581719999996494,4098.340703,4098.838875,0.49817200000052253,80.0,click_train_02281_start_4098.361s_ici_80.0.wav,/Users/nfot413/dolphin_project/official_click_features/segments/click_train_02281_start_4098.361s_ici_80.0.wav
2282,2283,4098.818875,4099.202083,0.38320800000019517,4098.7988749999995,4099.222083000001,0.4232080000010683,55.0,click_train_02282_start_4098.819s_ici_55.0.wav,/Users/nfot413/dolphin_project/official_click_features/segments/click_train_02282_start_4098.819s_ici_55.0.wav
2283,2284,4099.359208,4102.871021,3.5118130000000747,4099.339207999999,4102.891021,3.551813000000948,5.0,click_train_02283_start_4099.359s_ici_5.0.wav,/Users/nfot413/dolphin_project/official_click_features/segments/click_train_02283_start_4099.359s_ici_5.0.wav
2284,2285,4103.009104,4103.648438,0.6393340000004173,4102.989103999999,4103.668438000001,0.6793340000012904,55.0,click_train_02284_start_4103.009s_ici_55.0.wav,/Users/nfot413/dolphin_project/official_click_features/segments/click_train_02284_start_4103.009s_ici_55.0.wav
2285,2286,4104.938099,4106.595547,1.6574479999999312,4104.9180989999995,4106.615547,1.6974480000008043,5.0,click_train_02285_start_4104.938s_ici_5.0.wav,/Users/nfot413/dolphin_project/official_click_features/segments/click_train_02285_start_4104.938s_ici_5.0.wav
2286,2287,4107.688094,4111.537979,3.849884999999631,4107.668094,4111.557979,3.889885000000504,10.0,click_train_02286_start_4107.688s_ici_10.0.wav,/Users/nfot413/dolphin_project/official_click_features/segments/click_train_02286_start_4107.688s_ici_10.0.wav
2287,2288,4115.678583,4116.887099,1.2085159999996904,4115.658582999999,4116.907099,1.2485160000005635,80.0,click_train_02287_start_4115.679s_ici_80.0.wav,/Users/nfot413/dolphin_project/official_click_features/segments/click_train_02287_start_4115.679s_ici_80.0.wav
2288,2289,4142.300448,4142.478156,0.17770800000016607,4142.2804479999995,4142.498156000001,0.21770800000103918,40.0,click_train_02288_start_4142.300s_ici_40.0.wav,/Users/nfot413/dolphin_project/official_click_features/segments/click_train_02288_start_4142.300s_ici_40.0.wav
2289,2290,4144.281323,4144.681073,0.39974999999958527,4144.261323,4144.701073,0.4397500000004584,80.0,click_train_02289_start_4144.281s_ici_80.0.wav,/Users/nfot413/dolphin_project/official_click_features/segments/click_train_02289_start_4144.281s_ici_80.0.wav
2290,2291,4144.681073,4145.54749,0.8664170000001832,4144.661072999999,4145.56749,0.9064170000010563,110.0,click_train_02290_start_4144.681s_ici_110.0.wav,/Users/nfot413/dolphin_project/official_click_features/segments/click_train_02290_start_4144.681s_ici_110.0.wav
2291,2292,4146.711625,4147.163786,0.45216100000016013,4146.6916249999995,4147.1837860000005,0.49216100000103324,90.0,click_train_02291_start_4146.712s_ici_90.0.wav,/Users/nfot413/dolphin_project/official_click_features/segments/click_train_02291_start_4146.712s_ici_90.0.wav
2292,2293,4148.46388,4148.632786,0.168905999999879,4148.44388,4148.652786000001,0.2089060000007521,25.0,click_train_02292_start_4148.464s_ici_25.0.wav,/Users/nfot413/dolphin_project/official_click_features/segments/click_train_02292_start_4148.464s_ici_25.0.wav
2293,2294,4150.472078,4150.991932,0.519854000000123,4150.452077999999,4151.011932,0.5598540000009962,90.0,click_train_02293_start_4150.472s_ici_90.0.wav,/Users/nfot413/dolphin_project/official_click_features/segments/click_train_02293_start_4150.472s_ici_90.0.wav
2294,2295,4154.33312,4154.812078,0.47895799999969313,4154.31312,4154.832078,0.5189580000005662,80.0,click_train_02294_start_4154.333s_ici_80.0.wav,/Users/nfot413/dolphin_project/official_click_features/segments/click_train_02294_start_4154.333s_ici_80.0.wav
2295,2296,4154.924,4155.63462,0.7106199999998353,4154.9039999999995,4155.65462,0.7506200000007084,80.0,click_train_02295_start_4154.924s_ici_80.0.wav,/Users/nfot413/dolphin_project/official_click_features/segments/click_train_02295_start_4154.924s_ici_80.0.wav
2296,2297,4159.613052,4160.648526,1.0354740000002494,4159.593051999999,4160.668526,1.0754740000011225,65.0,click_train_02296_start_4159.613s_ici_65.0.wav,/Users/nfot413/dolphin_project/official_click_features/segments/click_train_02296_start_4159.613s_ici_65.0.wav
2297,2298,4162.282208,4162.566849,0.28464100000019243,4162.262207999999,4162.586849,0.32464100000106555,60.0,click_train_02297_start_4162.282s_ici_60.0.wav,/Users/nfot413/dolphin_project/official_click_features/segments/click_train_02297_start_4162.282s_ici_60.0.wav
2298,2299,4163.080938,4164.072599,0.9916610000000219,4163.060938,4164.0925990000005,1.031661000000895,65.0,click_train_02298_start_4163.081s_ici_65.0.wav,/Users/nfot413/dolphin_project/official_click_features/segments/click_train_02298_start_4163.081s_ici_65.0.wav
2299,2300,4164.739198,4164.889219,0.1500209999994695,4164.719198,4164.909219,0.1900210000003426,20.0,click_train_02299_start_4164.739s_ici_20.0.wav,/Users/nfot413/dolphin_project/official_click_features/segments/click_train_02299_start_4164.739s_ici_20.0.wav
2300,2301,4164.889219,4165.193745,0.30452599999989616,4164.869218999999,4165.213745,0.3445260000007693,35.0,click_train_02300_start_4164.889s_ici_35.0.wav,/Users/nfot413/dolphin_project/official_click_features/segments/click_train_02300_start_4164.889s_ici_35.0.wav
2301,2302,4165.829573,4166.147828,0.3182550000001356,4165.809573,4166.167828000001,0.35825500000100874,50.0,click_train_02301_start_4165.830s_ici_50.0.wav,/Users/nfot413/dolphin_project/official_click_features/segments/click_train_02301_start_4165.830s_ici_50.0.wav
2302,2303,4166.814385,4167.181354,0.3669690000006085,4166.794384999999,4167.201354000001,0.4069690000014816,75.0,click_train_02302_start_4166.814s_ici_75.0.wav,/Users/nfot413/dolphin_project/official_click_features/segments/click_train_02302_start_4166.814s_ici_75.0.wav
2303,2304,4168.842432,4168.993974,0.15154199999960838,4168.822432,4169.013974,0.1915420000004815,30.0,click_train_02303_start_4168.842s_ici_30.0.wav,/Users/nfot413/dolphin_project/official_click_features/segments/click_train_02303_start_4168.842s_ici_30.0.wav
2304,2305,4169.28525,4169.560526,0.2752760000003036,4169.2652499999995,4169.580526000001,0.3152760000011767,50.0,click_train_02304_start_4169.285s_ici_50.0.wav,/Users/nfot413/dolphin_project/official_click_features/segments/click_train_02304_start_4169.285s_ici_50.0.wav
2305,2306,4173.617609,4174.285286,0.6676770000003671,4173.5976089999995,4174.305286000001,0.7076770000012402,35.0,click_train_02305_start_4173.618s_ici_35.0.wav,/Users/nfot413/dolphin_project/official_click_features/segments/click_train_02305_start_4173.618s_ici_35.0.wav
2306,2307,4180.496552,4180.63075,0.13419800000065152,4180.476551999999,4180.650750000001,0.17419800000152463,10.0,click_train_02306_start_4180.497s_ici_10.0.wav,/Users/nfot413/dolphin_project/official_click_features/segments/click_train_02306_start_4180.497s_ici_10.0.wav
2307,2308,4182.33551,4182.810865,0.4753550000004907,4182.315509999999,4182.830865000001,0.5153550000013638,80.0,click_train_02307_start_4182.336s_ici_80.0.wav,/Users/nfot413/dolphin_project/official_click_features/segments/click_train_02307_start_4182.336s_ici_80.0.wav
2308,2309,4186.465052,4186.997396,0.5323440000001938,4186.445051999999,4187.017396,0.5723440000010669,65.0,click_train_02308_start_4186.465s_ici_65.0.wav,/Users/nfot413/dolphin_project/official_click_features/segments/click_train_02308_start_4186.465s_ici_65.0.wav
2309,2310,4187.836339,4187.956536,0.1201969999992798,4187.816339,4187.976536,0.1601970000001529,25.0,click_train_02309_start_4187.836s_ici_25.0.wav,/Users/nfot413/dolphin_project/official_click_features/segments/click_train_02309_start_4187.836s_ici_25.0.wav
2310,2311,4187.956536,4188.431234,0.4746979999999894,4187.936535999999,4188.451234,0.5146980000008625,5.0,click_train_02310_start_4187.957s_ici_5.0.wav,/Users/nfot413/dolphin_project/official_click_features/segments/click_train_02310_start_4187.957s_ici_5.0.wav
2311,2312,4193.412104,4193.831958,0.41985399999975925,4193.392104,4193.851958,0.45985400000063237,85.0,click_train_02311_start_4193.412s_ici_85.0.wav,/Users/nfot413/dolphin_project/official_click_features/segments/click_train_02311_start_4193.412s_ici_85.0.wav
2312,2313,4195.103927,4195.146516,0.0425889999996798,4195.083927,4195.166516,0.08258900000055291,5.0,click_train_02312_start_4195.104s_ici_5.0.wav,/Users/nfot413/dolphin_project/official_click_features/segments/click_train_02312_start_4195.104s_ici_5.0.wav
2313,2314,4195.37237,4195.997865,0.6254950000002282,4195.35237,4196.017865000001,0.6654950000011013,70.0,click_train_02313_start_4195.372s_ici_70.0.wav,/Users/nfot413/dolphin_project/official_click_features/segments/click_train_02313_start_4195.372s_ici_70.0.wav
2314,2315,4196.065745,4196.518245,0.4525000000003274,4196.045744999999,4196.538245000001,0.49250000000120053,55.0,click_train_02314_start_4196.066s_ici_55.0.wav,/Users/nfot413/dolphin_project/official_click_features/segments/click_train_02314_start_4196.066s_ici_55.0.wav
2315,2316,4196.604052,4196.838875,0.2348230000006879,4196.584051999999,4196.858875000001,0.274823000001561,40.0,click_train_02315_start_4196.604s_ici_40.0.wav,/Users/nfot413/dolphin_project/official_click_features/segments/click_train_02315_start_4196.604s_ici_40.0.wav
2316,2317,4196.977432,4197.365391,0.3879590000005919,4196.957431999999,4197.385391000001,0.42795900000146503,40.0,click_train_02316_start_4196.977s_ici_40.0.wav,/Users/nfot413/dolphin_project/official_click_features/segments/click_train_02316_start_4196.977s_ici_40.0.wav
2317,2318,4197.591672,4197.954505,0.36283300000013696,4197.571671999999,4197.974505,0.4028330000010101,45.0,click_train_02317_start_4197.592s_ici_45.0.wav,/Users/nfot413/dolphin_project/official_click_features/segments/click_train_02317_start_4197.592s_ici_45.0.wav
2318,2319,4199.766521,4199.891495,0.12497400000029302,4199.746520999999,4199.911495,0.16497400000116613,10.0,click_train_02318_start_4199.767s_ici_10.0.wav,/Users/nfot413/dolphin_project/official_click_features/segments/click_train_02318_start_4199.767s_ici_10.0.wav
2319,2320,4200.011792,4200.106875,0.09508300000015879,4199.991792,4200.126875000001,0.1350830000010319,10.0,click_train_02319_start_4200.012s_ici_10.0.wav,/Users/nfot413/dolphin_project/official_click_features/segments/click_train_02319_start_4200.012s_ici_10.0.wav
2320,2321,4200.289161,4200.658229,0.3690679999999702,4200.269160999999,4200.678229,0.4090680000008433,65.0,click_train_02320_start_4200.289s_ici_65.0.wav,/Users/nfot413/dolphin_project/official_click_features/segments/click_train_02320_start_4200.289s_ici_65.0.wav
2321,2322,4200.658229,4200.774542,0.11631300000044575,4200.638228999999,4200.794542000001,0.15631300000131887,20.0,click_train_02321_start_4200.658s_ici_20.0.wav,/Users/nfot413/dolphin_project/official_click_features/segments/click_train_02321_start_4200.658s_ici_20.0.wav
2322,2323,4200.908255,4201.012484,0.10422899999957735,4200.888255,4201.032484,0.14422900000045047,20.0,click_train_02322_start_4200.908s_ici_20.0.wav,/Users/nfot413/dolphin_project/official_click_features/segments/click_train_02322_start_4200.908s_ici_20.0.wav
2323,2324,4201.480458,4201.555099,0.07464100000015605,4201.460458,4201.575099000001,0.11464100000102917,10.0,click_train_02323_start_4201.480s_ici_10.0.wav,/Users/nfot413/dolphin_project/official_click_features/segments/click_train_02323_start_4201.480s_ici_10.0.wav
2324,2325,4201.71087,4201.735406,0.024535999999898195,4201.690869999999,4201.755406,0.06453600000077131,5.0,click_train_02324_start_4201.711s_ici_5.0.wav,/Users/nfot413/dolphin_project/official_click_features/segments/click_train_02324_start_4201.711s_ici_5.0.wav
2325,2326,4202.161927,4202.402479,0.24055200000020704,4202.141927,4202.422479000001,0.28055200000108016,30.0,click_train_02325_start_4202.162s_ici_30.0.wav,/Users/nfot413/dolphin_project/official_click_features/segments/click_train_02325_start_4202.162s_ici_30.0.wav
2326,2327,4202.402479,4202.476599,0.0741199999993114,4202.382479,4202.496599,0.11412000000018452,5.0,click_train_02326_start_4202.402s_ici_5.0.wav,/Users/nfot413/dolphin_project/official_click_features/segments/click_train_02326_start_4202.402s_ici_5.0.wav
2327,2328,4202.674479,4202.846078,0.1715989999993326,4202.654479,4202.866078,0.2115990000002057,30.0,click_train_02327_start_4202.674s_ici_30.0.wav,/Users/nfot413/dolphin_project/official_click_features/segments/click_train_02327_start_4202.674s_ici_30.0.wav
2328,2329,4203.287073,4203.461719,0.17464599999948405,4203.267073,4203.481719,0.21464600000035716,5.0,click_train_02328_start_4203.287s_ici_5.0.wav,/Users/nfot413/dolphin_project/official_click_features/segments/click_train_02328_start_4203.287s_ici_5.0.wav
2329,2330,4203.808646,4203.982844,0.17419799999970564,4203.788646,4204.002844000001,0.21419800000057876,10.0,click_train_02329_start_4203.809s_ici_10.0.wav,/Users/nfot413/dolphin_project/official_click_features/segments/click_train_02329_start_4203.809s_ici_10.0.wav
2330,2331,4204.313854,4204.495328,0.18147399999998015,4204.293854,4204.515328,0.22147400000085327,5.0,click_train_02330_start_4204.314s_ici_5.0.wav,/Users/nfot413/dolphin_project/official_click_features/segments/click_train_02330_start_4204.314s_ici_5.0.wav
2331,2332,4204.640891,4204.905547,0.26465600000028644,4204.620891,4204.925547000001,0.30465600000115955,55.0,click_train_02331_start_4204.641s_ici_55.0.wav,/Users/nfot413/dolphin_project/official_click_features/segments/click_train_02331_start_4204.641s_ici_55.0.wav
2332,2333,4205.306578,4205.478964,0.17238600000018778,4205.286577999999,4205.498964,0.2123860000010609,5.0,click_train_02332_start_4205.307s_ici_5.0.wav,/Users/nfot413/dolphin_project/official_click_features/segments/click_train_02332_start_4205.307s_ici_5.0.wav
2333,2334,4206.048203,4206.257599,0.2093959999992876,4206.028203,4206.277599,0.2493960000001607,35.0,click_train_02333_start_4206.048s_ici_35.0.wav,/Users/nfot413/dolphin_project/official_click_features/segments/click_train_02333_start_4206.048s_ici_35.0.wav
2334,2335,4206.294286,4206.509568,0.21528200000011566,4206.274286,4206.529568000001,0.2552820000009888,45.0,click_train_02334_start_4206.294s_ici_45.0.wav,/Users/nfot413/dolphin_project/official_click_features/segments/click_train_02334_start_4206.294s_ici_45.0.wav
2335,2336,4206.530516,4206.836062,0.30554600000050414,4206.510515999999,4206.856062000001,0.34554600000137725,65.0,click_train_02335_start_4206.531s_ici_65.0.wav,/Users/nfot413/dolphin_project/official_click_features/segments/click_train_02335_start_4206.531s_ici_65.0.wav
2336,2337,4206.899792,4207.272703,0.3729109999994762,4206.879792,4207.292703,0.4129110000003493,65.0,click_train_02336_start_4206.900s_ici_65.0.wav,/Users/nfot413/dolphin_project/official_click_features/segments/click_train_02336_start_4206.900s_ici_65.0.wav
2337,2338,4207.564943,4208.214786,0.6498429999992368,4207.544943,4208.234786,0.6898430000001099,10.0,click_train_02337_start_4207.565s_ici_10.0.wav,/Users/nfot413/dolphin_project/official_click_features/segments/click_train_02337_start_4207.565s_ici_10.0.wav
2338,2339,4208.214786,4208.371828,0.15704200000072888,4208.194785999999,4208.391828000001,0.197042000001602,30.0,click_train_02338_start_4208.215s_ici_30.0.wav,/Users/nfot413/dolphin_project/official_click_features/segments/click_train_02338_start_4208.215s_ici_30.0.wav
2339,2340,4209.243396,4209.590708,0.3473119999998744,4209.223395999999,4209.610708,0.3873120000007475,20.0,click_train_02339_start_4209.243s_ici_20.0.wav,/Users/nfot413/dolphin_project/official_click_features/segments/click_train_02339_start_4209.243s_ici_20.0.wav
2340,2341,4209.879938,4210.027365,0.14742699999987963,4209.859938,4210.047365,0.18742700000075274,25.0,click_train_02340_start_4209.880s_ici_25.0.wav,/Users/nfot413/dolphin_project/official_click_features/segments/click_train_02340_start_4209.880s_ici_25.0.wav
2341,2342,4210.205708,4211.072271,0.8665629999995872,4210.185708,4211.092271,0.9065630000004603,15.0,click_train_02341_start_4210.206s_ici_15.0.wav,/Users/nfot413/dolphin_project/official_click_features/segments/click_train_02341_start_4210.206s_ici_15.0.wav
2342,2343,4211.976422,4212.429922,0.45350000000053114,4211.956421999999,4212.449922000001,0.49350000000140426,10.0,click_train_02342_start_4211.976s_ici_10.0.wav,/Users/nfot413/dolphin_project/official_click_features/segments/click_train_02342_start_4211.976s_ici_10.0.wav
2343,2344,4219.171677,4219.536083,0.3644059999996898,4219.151677,4219.556083,0.4044060000005629,35.0,click_train_02343_start_4219.172s_ici_35.0.wav,/Users/nfot413/dolphin_project/official_click_features/segments/click_train_02343_start_4219.172s_ici_35.0.wav
2344,2345,4229.155188,4229.627828,0.47263999999995576,4229.135187999999,4229.647828,0.5126400000008289,55.0,click_train_02344_start_4229.155s_ici_55.0.wav,/Users/nfot413/dolphin_project/official_click_features/segments/click_train_02344_start_4229.155s_ici_55.0.wav
2345,2346,4229.946724,4230.180776,0.23405199999979232,4229.926724,4230.200776000001,0.27405200000066543,50.0,click_train_02345_start_4229.947s_ici_50.0.wav,/Users/nfot413/dolphin_project/official_click_features/segments/click_train_02345_start_4229.947s_ici_50.0.wav
2346,2347,4232.517089,4232.59574,0.07865099999980885,4232.4970889999995,4232.61574,0.11865100000068196,20.0,click_train_02346_start_4232.517s_ici_20.0.wav,/Users/nfot413/dolphin_project/official_click_features/segments/click_train_02346_start_4232.517s_ici_20.0.wav
2347,2348,4232.807698,4233.094078,0.28638000000046304,4232.787697999999,4233.1140780000005,0.32638000000133616,45.0,click_train_02347_start_4232.808s_ici_45.0.wav,/Users/nfot413/dolphin_project/official_click_features/segments/click_train_02347_start_4232.808s_ici_45.0.wav
2348,2349,4234.706969,4235.184693,0.47772400000030757,4234.686968999999,4235.204693000001,0.5177240000011807,80.0,click_train_02348_start_4234.707s_ici_80.0.wav,/Users/nfot413/dolphin_project/official_click_features/segments/click_train_02348_start_4234.707s_ici_80.0.wav
2349,2350,4235.200844,4236.021641,0.8207970000003115,4235.1808439999995,4236.041641000001,0.8607970000011846,75.0,click_train_02349_start_4235.201s_ici_75.0.wav,/Users/nfot413/dolphin_project/official_click_features/segments/click_train_02349_start_4235.201s_ici_75.0.wav
2350,2351,4236.021641,4236.43924,0.4175989999994272,4236.001641,4236.45924,0.4575990000003003,55.0,click_train_02350_start_4236.022s_ici_55.0.wav,/Users/nfot413/dolphin_project/official_click_features/segments/click_train_02350_start_4236.022s_ici_55.0.wav
2351,2352,4237.201854,4237.740026,0.5381720000004862,4237.1818539999995,4237.760026000001,0.5781720000013593,25.0,click_train_02351_start_4237.202s_ici_25.0.wav,/Users/nfot413/dolphin_project/official_click_features/segments/click_train_02351_start_4237.202s_ici_25.0.wav
2352,2353,4238.426719,4238.636417,0.209697999999662,4238.406719,4238.656417,0.2496980000005351,10.0,click_train_02352_start_4238.427s_ici_10.0.wav,/Users/nfot413/dolphin_project/official_click_features/segments/click_train_02352_start_4238.427s_ici_10.0.wav
2353,2354,4238.636417,4238.784146,0.14772900000025402,4238.616416999999,4238.804146,0.18772900000112713,25.0,click_train_02353_start_4238.636s_ici_25.0.wav,/Users/nfot413/dolphin_project/official_click_features/segments/click_train_02353_start_4238.636s_ici_25.0.wav
2354,2355,4238.822307,4238.921802,0.09949499999947875,4238.802307,4238.941802,0.13949500000035187,20.0,click_train_02354_start_4238.822s_ici_20.0.wav,/Users/nfot413/dolphin_project/official_click_features/segments/click_train_02354_start_4238.822s_ici_20.0.wav
2355,2356,4239.229182,4239.676443,0.44726100000025326,4239.209182,4239.696443000001,0.4872610000011264,35.0,click_train_02355_start_4239.229s_ici_35.0.wav,/Users/nfot413/dolphin_project/official_click_features/segments/click_train_02355_start_4239.229s_ici_35.0.wav
2356,2357,4240.175797,4240.424719,0.24892199999976583,4240.155796999999,4240.444719,0.28892200000063895,45.0,click_train_02356_start_4240.176s_ici_45.0.wav,/Users/nfot413/dolphin_project/official_click_features/segments/click_train_02356_start_4240.176s_ici_45.0.wav
2357,2358,4240.469141,4240.744604,0.27546300000085466,4240.449140999999,4240.764604000001,0.3154630000017278,15.0,click_train_02357_start_4240.469s_ici_15.0.wav,/Users/nfot413/dolphin_project/official_click_features/segments/click_train_02357_start_4240.469s_ici_15.0.wav
2358,2359,4240.744604,4240.877729,0.13312499999938154,4240.724604,4240.897729,0.17312500000025466,30.0,click_train_02358_start_4240.745s_ici_30.0.wav,/Users/nfot413/dolphin_project/official_click_features/segments/click_train_02358_start_4240.745s_ici_30.0.wav
2359,2360,4241.139922,4241.287891,0.14796899999964808,4241.119922,4241.307891,0.1879690000005212,20.0,click_train_02359_start_4241.140s_ici_20.0.wav,/Users/nfot413/dolphin_project/official_click_features/segments/click_train_02359_start_4241.140s_ici_20.0.wav
2360,2361,4241.423391,4242.910714,1.4873229999993782,4241.403391,4242.930714,1.5273230000002513,10.0,click_train_02360_start_4241.423s_ici_10.0.wav,/Users/nfot413/dolphin_project/official_click_features/segments/click_train_02360_start_4241.423s_ici_10.0.wav
2361,2362,4242.910714,4243.014635,0.10392100000080973,4242.890713999999,4243.034635000001,0.14392100000168284,15.0,click_train_02361_start_4242.911s_ici_15.0.wav,/Users/nfot413/dolphin_project/official_click_features/segments/click_train_02361_start_4242.911s_ici_15.0.wav
2362,2363,4243.127698,4243.903896,0.7761979999995674,4243.107698,4243.923896,0.8161980000004405,15.0,click_train_02362_start_4243.128s_ici_15.0.wav,/Users/nfot413/dolphin_project/official_click_features/segments/click_train_02362_start_4243.128s_ici_15.0.wav
2363,2364,4243.929198,4244.004422,0.07522400000016205,4243.909197999999,4244.024422,0.11522400000103517,10.0,click_train_02363_start_4243.929s_ici_10.0.wav,/Users/nfot413/dolphin_project/official_click_features/segments/click_train_02363_start_4243.929s_ici_10.0.wav
2364,2365,4244.027328,4244.176927,0.14959900000030757,4244.007328,4244.196927000001,0.18959900000118068,10.0,click_train_02364_start_4244.027s_ici_10.0.wav,/Users/nfot413/dolphin_project/official_click_features/segments/click_train_02364_start_4244.027s_ici_10.0.wav
2365,2366,4244.176927,4245.183656,1.0067289999997229,4244.156927,4245.203656000001,1.046729000000596,15.0,click_train_02365_start_4244.177s_ici_15.0.wav,/Users/nfot413/dolphin_project/official_click_features/segments/click_train_02365_start_4244.177s_ici_15.0.wav
2366,2367,4245.315807,4245.441563,0.12575600000036502,4245.2958069999995,4245.461563000001,0.16575600000123814,20.0,click_train_02366_start_4245.316s_ici_20.0.wav,/Users/nfot413/dolphin_project/official_click_features/segments/click_train_02366_start_4245.316s_ici_20.0.wav
2367,2368,4245.441563,4245.881031,0.43946799999957875,4245.421563,4245.901031,0.47946800000045187,30.0,click_train_02367_start_4245.442s_ici_30.0.wav,/Users/nfot413/dolphin_project/official_click_features/segments/click_train_02367_start_4245.442s_ici_30.0.wav
2368,2369,4245.881031,4246.122698,0.2416670000002341,4245.8610309999995,4246.142698000001,0.2816670000011072,20.0,click_train_02368_start_4245.881s_ici_20.0.wav,/Users/nfot413/dolphin_project/official_click_features/segments/click_train_02368_start_4245.881s_ici_20.0.wav
2369,2370,4246.476547,4246.809703,0.3331559999996898,4246.456547,4246.829703,0.3731560000005629,60.0,click_train_02369_start_4246.477s_ici_60.0.wav,/Users/nfot413/dolphin_project/official_click_features/segments/click_train_02369_start_4246.477s_ici_60.0.wav
2370,2371,4246.809703,4247.150432,0.340729000000465,4246.7897029999995,4247.170432000001,0.38072900000133814,55.0,click_train_02370_start_4246.810s_ici_55.0.wav,/Users/nfot413/dolphin_project/official_click_features/segments/click_train_02370_start_4246.810s_ici_55.0.wav
2371,2372,4247.150432,4247.264891,0.11445899999944231,4247.130432,4247.284891,0.15445900000031543,15.0,click_train_02371_start_4247.150s_ici_15.0.wav,/Users/nfot413/dolphin_project/official_click_features/segments/click_train_02371_start_4247.150s_ici_15.0.wav
2372,2373,4247.264891,4247.687734,0.4228430000002845,4247.244890999999,4247.7077340000005,0.46284300000115763,25.0,click_train_02372_start_4247.265s_ici_25.0.wav,/Users/nfot413/dolphin_project/official_click_features/segments/click_train_02372_start_4247.265s_ici_25.0.wav
2373,2374,4247.687734,4247.850661,0.1629270000003089,4247.667734,4247.870661000001,0.20292700000118202,35.0,click_train_02373_start_4247.688s_ici_35.0.wav,/Users/nfot413/dolphin_project/official_click_features/segments/click_train_02373_start_4247.688s_ici_35.0.wav
2374,2375,4247.904125,4248.04524,0.14111500000035448,4247.884125,4248.065240000001,0.1811150000012276,25.0,click_train_02374_start_4247.904s_ici_25.0.wav,/Users/nfot413/dolphin_project/official_click_features/segments/click_train_02374_start_4247.904s_ici_25.0.wav
2375,2376,4248.125161,4248.370005,0.24484399999982998,4248.1051609999995,4248.390005,0.2848440000007031,40.0,click_train_02375_start_4248.125s_ici_40.0.wav,/Users/nfot413/dolphin_project/official_click_features/segments/click_train_02375_start_4248.125s_ici_40.0.wav
2376,2377,4248.415083,4248.546318,0.13123499999983324,4248.395082999999,4248.566318,0.17123500000070635,30.0,click_train_02376_start_4248.415s_ici_30.0.wav,/Users/nfot413/dolphin_project/official_click_features/segments/click_train_02376_start_4248.415s_ici_30.0.wav
2377,2378,4248.637578,4248.947313,0.3097349999998187,4248.617577999999,4248.967313,0.3497350000006918,35.0,click_train_02377_start_4248.638s_ici_35.0.wav,/Users/nfot413/dolphin_project/official_click_features/segments/click_train_02377_start_4248.638s_ici_35.0.wav
2378,2379,4248.979714,4249.336677,0.356963000000178,4248.959714,4249.356677000001,0.3969630000010511,25.0,click_train_02378_start_4248.980s_ici_25.0.wav,/Users/nfot413/dolphin_project/official_click_features/segments/click_train_02378_start_4248.980s_ici_25.0.wav
2379,2380,4249.464297,4250.056526,0.5922289999998611,4249.444297,4250.076526000001,0.6322290000007342,50.0,click_train_02379_start_4249.464s_ici_50.0.wav,/Users/nfot413/dolphin_project/official_click_features/segments/click_train_02379_start_4249.464s_ici_50.0.wav
2380,2381,4251.372469,4251.465714,0.09324500000002445,4251.3524689999995,4251.485714,0.13324500000089756,15.0,click_train_02380_start_4251.372s_ici_15.0.wav,/Users/nfot413/dolphin_project/official_click_features/segments/click_train_02380_start_4251.372s_ici_15.0.wav
2381,2382,4251.465714,4252.714318,1.2486040000003413,4251.4457139999995,4252.734318000001,1.2886040000012144,30.0,click_train_02381_start_4251.466s_ici_30.0.wav,/Users/nfot413/dolphin_project/official_click_features/segments/click_train_02381_start_4251.466s_ici_30.0.wav
2382,2383,4252.928495,4252.982906,0.05441100000007282,4252.908495,4253.002906000001,0.09441100000094593,10.0,click_train_02382_start_4252.928s_ici_10.0.wav,/Users/nfot413/dolphin_project/official_click_features/segments/click_train_02382_start_4252.928s_ici_10.0.wav
2383,2384,4252.982906,4253.209245,0.22633899999982532,4252.962906,4253.229245,0.26633900000069843,20.0,click_train_02383_start_4252.983s_ici_20.0.wav,/Users/nfot413/dolphin_project/official_click_features/segments/click_train_02383_start_4252.983s_ici_20.0.wav
2384,2385,4253.250932,4253.743083,0.49215100000037637,4253.2309319999995,4253.763083000001,0.5321510000012495,15.0,click_train_02384_start_4253.251s_ici_15.0.wav,/Users/nfot413/dolphin_project/official_click_features/segments/click_train_02384_start_4253.251s_ici_15.0.wav
2385,2386,4253.781953,4253.942057,0.1601040000005014,4253.761952999999,4253.962057000001,0.20010400000137452,20.0,click_train_02385_start_4253.782s_ici_20.0.wav,/Users/nfot413/dolphin_project/official_click_features/segments/click_train_02385_start_4253.782s_ici_20.0.wav
2386,2387,4254.153177,4254.287604,0.13442699999995966,4254.133177,4254.3076040000005,0.17442700000083278,20.0,click_train_02386_start_4254.153s_ici_20.0.wav,/Users/nfot413/dolphin_project/official_click_features/segments/click_train_02386_start_4254.153s_ici_20.0.wav
2387,2388,4254.287604,4254.383672,0.09606799999983195,4254.267604,4254.403672,0.13606800000070507,10.0,click_train_02387_start_4254.288s_ici_10.0.wav,/Users/nfot413/dolphin_project/official_click_features/segments/click_train_02387_start_4254.288s_ici_10.0.wav
2388,2389,4254.899844,4255.20537,0.3055260000000999,4254.879843999999,4255.22537,0.345526000000973,30.0,click_train_02388_start_4254.900s_ici_30.0.wav,/Users/nfot413/dolphin_project/official_click_features/segments/click_train_02388_start_4254.900s_ici_30.0.wav
2389,2390,4255.231281,4255.445703,0.2144220000000132,4255.211281,4255.465703000001,0.25442200000088633,15.0,click_train_02389_start_4255.231s_ici_15.0.wav,/Users/nfot413/dolphin_project/official_click_features/segments/click_train_02389_start_4255.231s_ici_15.0.wav
2390,2391,4255.445703,4255.940536,0.49483299999974406,4255.425703,4255.9605360000005,0.5348330000006172,30.0,click_train_02390_start_4255.446s_ici_30.0.wav,/Users/nfot413/dolphin_project/official_click_features/segments/click_train_02390_start_4255.446s_ici_30.0.wav
2391,2392,4255.972182,4256.384844,0.4126619999997274,4255.952182,4256.404844000001,0.45266200000060053,20.0,click_train_02391_start_4255.972s_ici_20.0.wav,/Users/nfot413/dolphin_project/official_click_features/segments/click_train_02391_start_4255.972s_ici_20.0.wav
2392,2393,4256.817797,4257.293849,0.4760519999999815,4256.797796999999,4257.313849,0.5160520000008546,35.0,click_train_02392_start_4256.818s_ici_35.0.wav,/Users/nfot413/dolphin_project/official_click_features/segments/click_train_02392_start_4256.818s_ici_35.0.wav
2393,2394,4257.787505,4258.064557,0.2770519999994576,4257.767505,4258.084557,0.31705200000033074,35.0,click_train_02393_start_4257.788s_ici_35.0.wav,/Users/nfot413/dolphin_project/official_click_features/segments/click_train_02393_start_4257.788s_ici_35.0.wav
2394,2395,4258.326755,4259.100016,0.7732610000002751,4258.306755,4259.120016000001,0.8132610000011482,90.0,click_train_02394_start_4258.327s_ici_90.0.wav,/Users/nfot413/dolphin_project/official_click_features/segments/click_train_02394_start_4258.327s_ici_90.0.wav
2395,2396,4259.26149,4259.838307,0.5768170000001192,4259.241489999999,4259.858307,0.6168170000009923,30.0,click_train_02395_start_4259.261s_ici_30.0.wav,/Users/nfot413/dolphin_project/official_click_features/segments/click_train_02395_start_4259.261s_ici_30.0.wav
2396,2397,4260.029964,4260.389177,0.3592129999997269,4260.009964,4260.409177,0.3992130000006,20.0,click_train_02396_start_4260.030s_ici_20.0.wav,/Users/nfot413/dolphin_project/official_click_features/segments/click_train_02396_start_4260.030s_ici_20.0.wav
2397,2398,4260.389177,4260.502615,0.11343800000031479,4260.369177,4260.522615000001,0.1534380000011879,10.0,click_train_02397_start_4260.389s_ici_10.0.wav,/Users/nfot413/dolphin_project/official_click_features/segments/click_train_02397_start_4260.389s_ici_10.0.wav
2398,2399,4260.502615,4260.623536,0.12092099999972561,4260.482615,4260.6435360000005,0.16092100000059872,25.0,click_train_02398_start_4260.503s_ici_25.0.wav,/Users/nfot413/dolphin_project/official_click_features/segments/click_train_02398_start_4260.503s_ici_25.0.wav
2399,2400,4260.623536,4260.697708,0.07417199999963486,4260.603536,4260.717708,0.11417200000050798,10.0,click_train_02399_start_4260.624s_ici_10.0.wav,/Users/nfot413/dolphin_project/official_click_features/segments/click_train_02399_start_4260.624s_ici_10.0.wav
2400,2401,4260.759255,4261.07112,0.31186499999967054,4260.7392549999995,4261.09112,0.35186500000054366,15.0,click_train_02400_start_4260.759s_ici_15.0.wav,/Users/nfot413/dolphin_project/official_click_features/segments/click_train_02400_start_4260.759s_ici_15.0.wav
2401,2402,4261.07112,4261.52137,0.4502500000007785,4261.051119999999,4261.541370000001,0.49025000000165164,35.0,click_train_02401_start_4261.071s_ici_35.0.wav,/Users/nfot413/dolphin_project/official_click_features/segments/click_train_02401_start_4261.071s_ici_35.0.wav
2402,2403,4261.61037,4261.876865,0.2664949999998498,4261.59037,4261.896865000001,0.30649500000072294,50.0,click_train_02402_start_4261.610s_ici_50.0.wav,/Users/nfot413/dolphin_project/official_click_features/segments/click_train_02402_start_4261.610s_ici_50.0.wav
2403,2404,4273.900365,4274.020224,0.11985899999945104,4273.880365,4274.040224,0.15985900000032416,25.0,click_train_02403_start_4273.900s_ici_25.0.wav,/Users/nfot413/dolphin_project/official_click_features/segments/click_train_02403_start_4273.900s_ici_25.0.wav
2404,2405,4298.588672,4298.801354,0.21268200000031356,4298.568671999999,4298.821354000001,0.2526820000011867,40.0,click_train_02404_start_4298.589s_ici_40.0.wav,/Users/nfot413/dolphin_project/official_click_features/segments/click_train_02404_start_4298.589s_ici_40.0.wav
2405,2406,4300.45713,4300.717818,0.26068800000030024,4300.437129999999,4300.7378180000005,0.30068800000117335,55.0,click_train_02405_start_4300.457s_ici_55.0.wav,/Users/nfot413/dolphin_project/official_click_features/segments/click_train_02405_start_4300.457s_ici_55.0.wav
2406,2407,4300.717818,4301.08713,0.3693119999998089,4300.697818,4301.10713,0.409312000000682,75.0,click_train_02406_start_4300.718s_ici_75.0.wav,/Users/nfot413/dolphin_project/official_click_features/segments/click_train_02406_start_4300.718s_ici_75.0.wav
2407,2408,4304.53749,4305.094042,0.5565520000000106,4304.517489999999,4305.114042,0.5965520000008837,55.0,click_train_02407_start_4304.537s_ici_55.0.wav,/Users/nfot413/dolphin_project/official_click_features/segments/click_train_02407_start_4304.537s_ici_55.0.wav
2408,2409,4305.094042,4305.505792,0.411750000000211,4305.074041999999,4305.525792,0.4517500000010841,45.0,click_train_02408_start_4305.094s_ici_45.0.wav,/Users/nfot413/dolphin_project/official_click_features/segments/click_train_02408_start_4305.094s_ici_45.0.wav
2409,2410,4305.505792,4305.975146,0.4693539999998393,4305.4857919999995,4305.995146,0.5093540000007124,40.0,click_train_02409_start_4305.506s_ici_40.0.wav,/Users/nfot413/dolphin_project/official_click_features/segments/click_train_02409_start_4305.506s_ici_40.0.wav
2410,2411,4305.975146,4306.107807,0.13266100000055303,4305.955145999999,4306.127807000001,0.17266100000142615,10.0,click_train_02410_start_4305.975s_ici_10.0.wav,/Users/nfot413/dolphin_project/official_click_features/segments/click_train_02410_start_4305.975s_ici_10.0.wav
2411,2412,4306.107807,4306.327521,0.21971399999983987,4306.087807,4306.347521000001,0.259714000000713,25.0,click_train_02411_start_4306.108s_ici_25.0.wav,/Users/nfot413/dolphin_project/official_click_features/segments/click_train_02411_start_4306.108s_ici_25.0.wav
2412,2413,4306.327521,4306.81601,0.4884889999993902,4306.307521,4306.83601,0.5284890000002633,10.0,click_train_02412_start_4306.328s_ici_10.0.wav,/Users/nfot413/dolphin_project/official_click_features/segments/click_train_02412_start_4306.328s_ici_10.0.wav
2413,2414,4307.230396,4307.445703,0.2153070000003936,4307.2103959999995,4307.465703000001,0.2553070000012667,40.0,click_train_02413_start_4307.230s_ici_40.0.wav,/Users/nfot413/dolphin_project/official_click_features/segments/click_train_02413_start_4307.230s_ici_40.0.wav
2414,2415,4307.445703,4316.38613,8.940426999999545,4307.425703,4316.40613,8.980427000000418,5.0,click_train_02414_start_4307.446s_ici_5.0.wav,/Users/nfot413/dolphin_project/official_click_features/segments/click_train_02414_start_4307.446s_ici_5.0.wav
2415,2416,4316.479906,4319.767755,3.2878490000002785,4316.459905999999,4319.787755,3.3278490000011516,5.0,click_train_02415_start_4316.480s_ici_5.0.wav,/Users/nfot413/dolphin_project/official_click_features/segments/click_train_02415_start_4316.480s_ici_5.0.wav
2416,2417,4320.001505,4324.073812,4.072306999999455,4319.981505,4324.093812,4.112307000000328,5.0,click_train_02416_start_4320.002s_ici_5.0.wav,/Users/nfot413/dolphin_project/official_click_features/segments/click_train_02416_start_4320.002s_ici_5.0.wav
2417,2418,4324.547667,4324.583766,0.036098999999921944,4324.527666999999,4324.603766,0.07609900000079506,5.0,click_train_02417_start_4324.548s_ici_5.0.wav,/Users/nfot413/dolphin_project/official_click_features/segments/click_train_02417_start_4324.548s_ici_5.0.wav
2418,2419,4324.60413,4324.648536,0.04440599999998085,4324.584129999999,4324.668536,0.08440600000085396,5.0,click_train_02418_start_4324.604s_ici_5.0.wav,/Users/nfot413/dolphin_project/official_click_features/segments/click_train_02418_start_4324.604s_ici_5.0.wav
2419,2420,4324.648536,4324.799901,0.1513650000006237,4324.628535999999,4324.819901000001,0.1913650000014968,35.0,click_train_02419_start_4324.649s_ici_35.0.wav,/Users/nfot413/dolphin_project/official_click_features/segments/click_train_02419_start_4324.649s_ici_35.0.wav
2420,2421,4325.058464,4325.476203,0.41773900000043795,4325.038463999999,4325.496203000001,0.45773900000131107,40.0,click_train_02420_start_4325.058s_ici_40.0.wav,/Users/nfot413/dolphin_project/official_click_features/segments/click_train_02420_start_4325.058s_ici_40.0.wav
2421,2422,4325.599464,4325.777333,0.17786900000010064,4325.5794639999995,4325.797333,0.21786900000097376,40.0,click_train_02421_start_4325.599s_ici_40.0.wav,/Users/nfot413/dolphin_project/official_click_features/segments/click_train_02421_start_4325.599s_ici_40.0.wav
2422,2423,4325.816505,4326.081453,0.26494800000000396,4325.796504999999,4326.101453,0.3049480000008771,45.0,click_train_02422_start_4325.817s_ici_45.0.wav,/Users/nfot413/dolphin_project/official_click_features/segments/click_train_02422_start_4325.817s_ici_45.0.wav
2423,2424,4326.081453,4326.110672,0.029219000000011874,4326.061452999999,4326.130672,0.06921900000088499,5.0,click_train_02423_start_4326.081s_ici_5.0.wav,/Users/nfot413/dolphin_project/official_click_features/segments/click_train_02423_start_4326.081s_ici_5.0.wav
2424,2425,4326.898865,4326.930354,0.03148899999996502,4326.878865,4326.9503540000005,0.07148900000083813,5.0,click_train_02424_start_4326.899s_ici_5.0.wav,/Users/nfot413/dolphin_project/official_click_features/segments/click_train_02424_start_4326.899s_ici_5.0.wav
2425,2426,4326.930354,4327.683651,0.7532970000002024,4326.910354,4327.703651000001,0.7932970000010755,85.0,click_train_02425_start_4326.930s_ici_85.0.wav,/Users/nfot413/dolphin_project/official_click_features/segments/click_train_02425_start_4326.930s_ici_85.0.wav
2426,2427,4332.566125,4332.910417,0.34429199999976845,4332.546125,4332.9304170000005,0.38429200000064156,75.0,click_train_02426_start_4332.566s_ici_75.0.wav,/Users/nfot413/dolphin_project/official_click_features/segments/click_train_02426_start_4332.566s_ici_75.0.wav
2427,2428,4333.196224,4333.457781,0.2615569999998115,4333.176224,4333.4777810000005,0.30155700000068464,55.0,click_train_02427_start_4333.196s_ici_55.0.wav,/Users/nfot413/dolphin_project/official_click_features/segments/click_train_02427_start_4333.196s_ici_55.0.wav
2428,2429,4334.827359,4335.006057,0.17869799999971292,4334.807358999999,4335.026057,0.21869800000058603,40.0,click_train_02428_start_4334.827s_ici_40.0.wav,/Users/nfot413/dolphin_project/official_click_features/segments/click_train_02428_start_4334.827s_ici_40.0.wav
2429,2430,4335.006057,4335.054552,0.04849500000000262,4334.986056999999,4335.074552,0.08849500000087573,10.0,click_train_02429_start_4335.006s_ici_10.0.wav,/Users/nfot413/dolphin_project/official_click_features/segments/click_train_02429_start_4335.006s_ici_10.0.wav
2430,2431,4335.075557,4335.115281,0.039724000000205706,4335.055557,4335.135281000001,0.07972400000107882,5.0,click_train_02430_start_4335.076s_ici_5.0.wav,/Users/nfot413/dolphin_project/official_click_features/segments/click_train_02430_start_4335.076s_ici_5.0.wav
2431,2432,4335.208391,4335.428464,0.22007299999950192,4335.188391,4335.448464,0.26007300000037503,25.0,click_train_02431_start_4335.208s_ici_25.0.wav,/Users/nfot413/dolphin_project/official_click_features/segments/click_train_02431_start_4335.208s_ici_25.0.wav
2432,2433,4335.428464,4335.516906,0.08844200000021374,4335.408463999999,4335.536906,0.12844200000108685,10.0,click_train_02432_start_4335.428s_ici_10.0.wav,/Users/nfot413/dolphin_project/official_click_features/segments/click_train_02432_start_4335.428s_ici_10.0.wav
2433,2434,4335.639672,4335.910635,0.2709629999999379,4335.619672,4335.930635000001,0.310963000000811,25.0,click_train_02433_start_4335.640s_ici_25.0.wav,/Users/nfot413/dolphin_project/official_click_features/segments/click_train_02433_start_4335.640s_ici_25.0.wav
2434,2435,4336.027385,4336.166578,0.13919299999997747,4336.007385,4336.186578000001,0.1791930000008506,15.0,click_train_02434_start_4336.027s_ici_15.0.wav,/Users/nfot413/dolphin_project/official_click_features/segments/click_train_02434_start_4336.027s_ici_15.0.wav
2435,2436,4336.166578,4336.287677,0.12109899999995832,4336.146578,4336.307677000001,0.16109900000083144,25.0,click_train_02435_start_4336.167s_ici_25.0.wav,/Users/nfot413/dolphin_project/official_click_features/segments/click_train_02435_start_4336.167s_ici_25.0.wav
2436,2437,4336.300604,4336.84863,0.5480260000003909,4336.280604,4336.868630000001,0.588026000001264,10.0,click_train_02436_start_4336.301s_ici_10.0.wav,/Users/nfot413/dolphin_project/official_click_features/segments/click_train_02436_start_4336.301s_ici_10.0.wav
2437,2438,4336.869906,4337.104385,0.23447899999973743,4336.8499059999995,4337.124385,0.27447900000061054,10.0,click_train_02437_start_4336.870s_ici_10.0.wav,/Users/nfot413/dolphin_project/official_click_features/segments/click_train_02437_start_4336.870s_ici_10.0.wav
2438,2439,4337.104385,4337.29825,0.19386500000018714,4337.084384999999,4337.31825,0.23386500000106025,15.0,click_train_02438_start_4337.104s_ici_15.0.wav,/Users/nfot413/dolphin_project/official_click_features/segments/click_train_02438_start_4337.104s_ici_15.0.wav
2439,2440,4337.887349,4338.48101,0.5936610000007931,4337.867348999999,4338.501010000001,0.6336610000016663,30.0,click_train_02439_start_4337.887s_ici_30.0.wav,/Users/nfot413/dolphin_project/official_click_features/segments/click_train_02439_start_4337.887s_ici_30.0.wav
2440,2441,4340.224266,4340.550021,0.3257549999998446,4340.204266,4340.570021,0.3657550000007177,45.0,click_train_02440_start_4340.224s_ici_45.0.wav,/Users/nfot413/dolphin_project/official_click_features/segments/click_train_02440_start_4340.224s_ici_45.0.wav
2441,2442,4340.746708,4341.363724,0.6170160000001488,4340.726707999999,4341.383724,0.6570160000010219,45.0,click_train_02441_start_4340.747s_ici_45.0.wav,/Users/nfot413/dolphin_project/official_click_features/segments/click_train_02441_start_4340.747s_ici_45.0.wav
2442,2443,4343.346021,4344.056891,0.7108699999998862,4343.326021,4344.076891000001,0.7508700000007593,30.0,click_train_02442_start_4343.346s_ici_30.0.wav,/Users/nfot413/dolphin_project/official_click_features/segments/click_train_02442_start_4343.346s_ici_30.0.wav
2443,2444,4344.179979,4344.333156,0.15317700000014156,4344.159978999999,4344.353156,0.19317700000101468,15.0,click_train_02443_start_4344.180s_ici_15.0.wav,/Users/nfot413/dolphin_project/official_click_features/segments/click_train_02443_start_4344.180s_ici_15.0.wav
2444,2445,4344.333156,4344.589266,0.2561100000002625,4344.313155999999,4344.609266,0.29611000000113563,20.0,click_train_02444_start_4344.333s_ici_20.0.wav,/Users/nfot413/dolphin_project/official_click_features/segments/click_train_02444_start_4344.333s_ici_20.0.wav
2445,2446,4344.636396,4345.111656,0.4752600000001621,4344.616395999999,4345.1316560000005,0.5152600000010352,15.0,click_train_02445_start_4344.636s_ici_15.0.wav,/Users/nfot413/dolphin_project/official_click_features/segments/click_train_02445_start_4344.636s_ici_15.0.wav
2446,2447,4345.4335,4345.939552,0.5060519999997268,4345.4135,4345.959552,0.5460520000006,45.0,click_train_02446_start_4345.434s_ici_45.0.wav,/Users/nfot413/dolphin_project/official_click_features/segments/click_train_02446_start_4345.434s_ici_45.0.wav
2447,2448,4346.002932,4346.119771,0.1168389999993451,4345.982932,4346.139771,0.15683900000021822,25.0,click_train_02447_start_4346.003s_ici_25.0.wav,/Users/nfot413/dolphin_project/official_click_features/segments/click_train_02447_start_4346.003s_ici_25.0.wav
2448,2449,4346.556734,4347.290109,0.7333749999997963,4346.536733999999,4347.310109,0.7733750000006694,105.0,click_train_02448_start_4346.557s_ici_105.0.wav,/Users/nfot413/dolphin_project/official_click_features/segments/click_train_02448_start_4346.557s_ici_105.0.wav
2449,2450,4350.416859,4350.634328,0.21746900000016467,4350.3968589999995,4350.6543280000005,0.2574690000010378,45.0,click_train_02449_start_4350.417s_ici_45.0.wav,/Users/nfot413/dolphin_project/official_click_features/segments/click_train_02449_start_4350.417s_ici_45.0.wav
2450,2451,4352.19962,4353.733552,1.5339319999993677,4352.17962,4353.753552,1.5739320000002408,65.0,click_train_02450_start_4352.200s_ici_65.0.wav,/Users/nfot413/dolphin_project/official_click_features/segments/click_train_02450_start_4352.200s_ici_65.0.wav
2451,2452,4354.42488,4354.613182,0.18830200000047626,4354.404879999999,4354.6331820000005,0.22830200000134937,40.0,click_train_02451_start_4354.425s_ici_40.0.wav,/Users/nfot413/dolphin_project/official_click_features/segments/click_train_02451_start_4354.425s_ici_40.0.wav
2452,2453,4355.321047,4355.44076,0.11971300000004703,4355.301047,4355.460760000001,0.15971300000092015,25.0,click_train_02452_start_4355.321s_ici_25.0.wav,/Users/nfot413/dolphin_project/official_click_features/segments/click_train_02452_start_4355.321s_ici_25.0.wav
2453,2454,4356.051766,4356.538672,0.48690600000009,4356.031765999999,4356.558672,0.5269060000009631,55.0,click_train_02453_start_4356.052s_ici_55.0.wav,/Users/nfot413/dolphin_project/official_click_features/segments/click_train_02453_start_4356.052s_ici_55.0.wav
2454,2455,4356.538672,4356.613104,0.07443200000034267,4356.518671999999,4356.6331040000005,0.11443200000121578,5.0,click_train_02454_start_4356.539s_ici_5.0.wav,/Users/nfot413/dolphin_project/official_click_features/segments/click_train_02454_start_4356.539s_ici_5.0.wav
2455,2456,4359.263266,4359.43113,0.16786400000000867,4359.2432659999995,4359.45113,0.2078640000008818,30.0,click_train_02455_start_4359.263s_ici_30.0.wav,/Users/nfot413/dolphin_project/official_click_features/segments/click_train_02455_start_4359.263s_ici_30.0.wav
2456,2457,4359.484255,4360.119234,0.6349789999994755,4359.464255,4360.139234,0.6749790000003486,45.0,click_train_02456_start_4359.484s_ici_45.0.wav,/Users/nfot413/dolphin_project/official_click_features/segments/click_train_02456_start_4359.484s_ici_45.0.wav
2457,2458,4360.233286,4360.330776,0.0974900000001071,4360.213285999999,4360.350776,0.13749000000098022,10.0,click_train_02457_start_4360.233s_ici_10.0.wav,/Users/nfot413/dolphin_project/official_click_features/segments/click_train_02457_start_4360.233s_ici_10.0.wav
2458,2459,4360.330776,4360.563906,0.23313000000052853,4360.310775999999,4360.583906000001,0.27313000000140164,45.0,click_train_02458_start_4360.331s_ici_45.0.wav,/Users/nfot413/dolphin_project/official_click_features/segments/click_train_02458_start_4360.331s_ici_45.0.wav
2459,2460,4361.248286,4361.417026,0.16874000000007072,4361.228286,4361.4370260000005,0.20874000000094384,30.0,click_train_02459_start_4361.248s_ici_30.0.wav,/Users/nfot413/dolphin_project/official_click_features/segments/click_train_02459_start_4361.248s_ici_30.0.wav
2460,2461,4361.466984,4362.163313,0.6963290000003326,4361.446983999999,4362.183313,0.7363290000012057,60.0,click_train_02460_start_4361.467s_ici_60.0.wav,/Users/nfot413/dolphin_project/official_click_features/segments/click_train_02460_start_4361.467s_ici_60.0.wav
2461,2462,4362.163313,4362.303594,0.14028099999995902,4362.143313,4362.323594,0.18028100000083214,25.0,click_train_02461_start_4362.163s_ici_25.0.wav,/Users/nfot413/dolphin_project/official_click_features/segments/click_train_02461_start_4362.163s_ici_25.0.wav
2462,2463,4362.303594,4363.122214,0.8186200000000099,4362.2835939999995,4363.142214,0.858620000000883,40.0,click_train_02462_start_4362.304s_ici_40.0.wav,/Users/nfot413/dolphin_project/official_click_features/segments/click_train_02462_start_4362.304s_ici_40.0.wav
2463,2464,4363.423099,4363.51851,0.09541100000024016,4363.403098999999,4363.53851,0.13541100000111328,5.0,click_train_02463_start_4363.423s_ici_5.0.wav,/Users/nfot413/dolphin_project/official_click_features/segments/click_train_02463_start_4363.423s_ici_5.0.wav
2464,2465,4363.51851,4369.174104,5.655593999999837,4363.498509999999,4369.194104,5.69559400000071,5.0,click_train_02464_start_4363.519s_ici_5.0.wav,/Users/nfot413/dolphin_project/official_click_features/segments/click_train_02464_start_4363.519s_ici_5.0.wav
2465,2466,4369.174104,4369.587792,0.4136880000005476,4369.154103999999,4369.607792000001,0.45368800000142073,55.0,click_train_02465_start_4369.174s_ici_55.0.wav,/Users/nfot413/dolphin_project/official_click_features/segments/click_train_02465_start_4369.174s_ici_55.0.wav
2466,2467,4369.587792,4370.36788,0.7800879999995232,4369.567792,4370.38788,0.8200880000003963,10.0,click_train_02466_start_4369.588s_ici_10.0.wav,/Users/nfot413/dolphin_project/official_click_features/segments/click_train_02466_start_4369.588s_ici_10.0.wav
2467,2468,4370.36788,4370.817203,0.44932299999982206,4370.347879999999,4370.837203,0.4893230000006952,30.0,click_train_02467_start_4370.368s_ici_30.0.wav,/Users/nfot413/dolphin_project/official_click_features/segments/click_train_02467_start_4370.368s_ici_30.0.wav
2468,2469,4370.817203,4371.101359,0.28415600000062113,4370.797202999999,4371.121359000001,0.32415600000149425,15.0,click_train_02468_start_4370.817s_ici_15.0.wav,/Users/nfot413/dolphin_project/official_click_features/segments/click_train_02468_start_4370.817s_ici_15.0.wav
2469,2470,4371.101359,4371.331266,0.22990699999991193,4371.081359,4371.351266000001,0.26990700000078505,50.0,click_train_02469_start_4371.101s_ici_50.0.wav,/Users/nfot413/dolphin_project/official_click_features/segments/click_train_02469_start_4371.101s_ici_50.0.wav
2470,2471,4371.431016,4372.125495,0.6944789999997738,4371.411016,4372.145495000001,0.7344790000006469,45.0,click_train_02470_start_4371.431s_ici_45.0.wav,/Users/nfot413/dolphin_project/official_click_features/segments/click_train_02470_start_4371.431s_ici_45.0.wav
2471,2472,4372.125495,4372.257797,0.1323019999999815,4372.105495,4372.277797000001,0.1723020000008546,20.0,click_train_02471_start_4372.125s_ici_20.0.wav,/Users/nfot413/dolphin_project/official_click_features/segments/click_train_02471_start_4372.125s_ici_20.0.wav
2472,2473,4372.338536,4372.625245,0.28670899999997346,4372.318536,4372.645245000001,0.32670900000084657,40.0,click_train_02472_start_4372.339s_ici_40.0.wav,/Users/nfot413/dolphin_project/official_click_features/segments/click_train_02472_start_4372.339s_ici_40.0.wav
2473,2474,4373.264536,4373.475635,0.21109900000010384,4373.244535999999,4373.495635,0.25109900000097696,5.0,click_train_02473_start_4373.265s_ici_5.0.wav,/Users/nfot413/dolphin_project/official_click_features/segments/click_train_02473_start_4373.265s_ici_5.0.wav
2474,2475,4373.475635,4373.577911,0.10227600000052917,4373.455634999999,4373.597911000001,0.14227600000140228,15.0,click_train_02474_start_4373.476s_ici_15.0.wav,/Users/nfot413/dolphin_project/official_click_features/segments/click_train_02474_start_4373.476s_ici_15.0.wav
2475,2476,4373.880729,4374.072172,0.19144299999970826,4373.860729,4374.092172000001,0.23144300000058138,5.0,click_train_02475_start_4373.881s_ici_5.0.wav,/Users/nfot413/dolphin_project/official_click_features/segments/click_train_02475_start_4373.881s_ici_5.0.wav
2476,2477,4374.107271,4374.193167,0.08589600000050268,4374.087270999999,4374.213167000001,0.1258960000013758,5.0,click_train_02476_start_4374.107s_ici_5.0.wav,/Users/nfot413/dolphin_project/official_click_features/segments/click_train_02476_start_4374.107s_ici_5.0.wav
2477,2478,4374.193167,4374.365177,0.1720099999993181,4374.173167,4374.385177,0.2120100000001912,5.0,click_train_02477_start_4374.193s_ici_5.0.wav,/Users/nfot413/dolphin_project/official_click_features/segments/click_train_02477_start_4374.193s_ici_5.0.wav
2478,2479,4374.723974,4376.000823,1.2768489999998565,4374.703974,4376.020823000001,1.3168490000007296,5.0,click_train_02478_start_4374.724s_ici_5.0.wav,/Users/nfot413/dolphin_project/official_click_features/segments/click_train_02478_start_4374.724s_ici_5.0.wav
2479,2480,4376.000823,4376.156646,0.1558230000000549,4375.980823,4376.176646000001,0.195823000000928,35.0,click_train_02479_start_4376.001s_ici_35.0.wav,/Users/nfot413/dolphin_project/official_click_features/segments/click_train_02479_start_4376.001s_ici_35.0.wav
2480,2481,4376.156646,4376.236073,0.07942699999966862,4376.136646,4376.2560730000005,0.11942700000054174,5.0,click_train_02480_start_4376.157s_ici_5.0.wav,/Users/nfot413/dolphin_project/official_click_features/segments/click_train_02480_start_4376.157s_ici_5.0.wav
2481,2482,4376.523854,4376.638536,0.11468200000035722,4376.503854,4376.658536000001,0.15468200000123034,10.0,click_train_02481_start_4376.524s_ici_10.0.wav,/Users/nfot413/dolphin_project/official_click_features/segments/click_train_02481_start_4376.524s_ici_10.0.wav
2482,2483,4376.709109,4377.06124,0.3521309999996447,4376.689109,4377.08124,0.3921310000005178,20.0,click_train_02482_start_4376.709s_ici_20.0.wav,/Users/nfot413/dolphin_project/official_click_features/segments/click_train_02482_start_4376.709s_ici_20.0.wav
2483,2484,4377.20762,4377.456901,0.24928099999942788,4377.18762,4377.476901,0.289281000000301,5.0,click_train_02483_start_4377.208s_ici_5.0.wav,/Users/nfot413/dolphin_project/official_click_features/segments/click_train_02483_start_4377.208s_ici_5.0.wav
2484,2485,4377.519089,4377.665104,0.14601499999935186,4377.499089,4377.685104,0.18601500000022497,5.0,click_train_02484_start_4377.519s_ici_5.0.wav,/Users/nfot413/dolphin_project/official_click_features/segments/click_train_02484_start_4377.519s_ici_5.0.wav
2485,2486,4377.665104,4379.035781,1.370676999999887,4377.645103999999,4379.055781,1.41067700000076,5.0,click_train_02485_start_4377.665s_ici_5.0.wav,/Users/nfot413/dolphin_project/official_click_features/segments/click_train_02485_start_4377.665s_ici_5.0.wav
2486,2487,4380.171698,4380.327906,0.1562080000003334,4380.151698,4380.347906000001,0.19620800000120653,35.0,click_train_02486_start_4380.172s_ici_35.0.wav,/Users/nfot413/dolphin_project/official_click_features/segments/click_train_02486_start_4380.172s_ici_35.0.wav
2487,2488,4380.327906,4380.832656,0.5047499999991487,4380.307906,4380.852656,0.5447500000000218,5.0,click_train_02487_start_4380.328s_ici_5.0.wav,/Users/nfot413/dolphin_project/official_click_features/segments/click_train_02487_start_4380.328s_ici_5.0.wav
2488,2489,4380.859495,4381.017333,0.1578380000000834,4380.839494999999,4381.037333,0.19783800000095653,5.0,click_train_02488_start_4380.859s_ici_5.0.wav,/Users/nfot413/dolphin_project/official_click_features/segments/click_train_02488_start_4380.859s_ici_5.0.wav
2489,2490,4381.910531,4382.016062,0.10553099999924598,4381.890531,4382.036062,0.1455310000001191,5.0,click_train_02489_start_4381.911s_ici_5.0.wav,/Users/nfot413/dolphin_project/official_click_features/segments/click_train_02489_start_4381.911s_ici_5.0.wav
2490,2491,4382.117042,4382.226339,0.10929699999996956,4382.097041999999,4382.246339,0.14929700000084267,5.0,click_train_02490_start_4382.117s_ici_5.0.wav,/Users/nfot413/dolphin_project/official_click_features/segments/click_train_02490_start_4382.117s_ici_5.0.wav
2491,2492,4382.300651,4382.367021,0.066370000000461,4382.280650999999,4382.3870210000005,0.10637000000133412,5.0,click_train_02491_start_4382.301s_ici_5.0.wav,/Users/nfot413/dolphin_project/official_click_features/segments/click_train_02491_start_4382.301s_ici_5.0.wav
2492,2493,4382.531536,4383.042495,0.510958999999275,4382.511536,4383.062495,0.5509590000001481,40.0,click_train_02492_start_4382.532s_ici_40.0.wav,/Users/nfot413/dolphin_project/official_click_features/segments/click_train_02492_start_4382.532s_ici_40.0.wav
2493,2494,4383.042495,4383.129437,0.08694199999990815,4383.022494999999,4383.149437,0.12694200000078126,5.0,click_train_02493_start_4383.042s_ici_5.0.wav,/Users/nfot413/dolphin_project/official_click_features/segments/click_train_02493_start_4383.042s_ici_5.0.wav
2494,2495,4383.129437,4383.450208,0.32077100000060454,4383.109436999999,4383.470208000001,0.36077100000147766,45.0,click_train_02494_start_4383.129s_ici_45.0.wav,/Users/nfot413/dolphin_project/official_click_features/segments/click_train_02494_start_4383.129s_ici_45.0.wav
2495,2496,4383.651698,4384.286521,0.6348230000003241,4383.631697999999,4384.306521,0.6748230000011972,50.0,click_train_02495_start_4383.652s_ici_50.0.wav,/Users/nfot413/dolphin_project/official_click_features/segments/click_train_02495_start_4383.652s_ici_50.0.wav
2496,2497,4384.462573,4384.50312,0.040547000000515254,4384.442572999999,4384.523120000001,0.08054700000138837,10.0,click_train_02496_start_4384.463s_ici_10.0.wav,/Users/nfot413/dolphin_project/official_click_features/segments/click_train_02496_start_4384.463s_ici_10.0.wav
2497,2498,4384.50312,4385.078901,0.5757809999995516,4384.48312,4385.098901,0.6157810000004247,40.0,click_train_02497_start_4384.503s_ici_40.0.wav,/Users/nfot413/dolphin_project/official_click_features/segments/click_train_02497_start_4384.503s_ici_40.0.wav
2498,2499,4385.276958,4385.904646,0.6276879999995799,4385.256958,4385.924646,0.667688000000453,65.0,click_train_02498_start_4385.277s_ici_65.0.wav,/Users/nfot413/dolphin_project/official_click_features/segments/click_train_02498_start_4385.277s_ici_65.0.wav
2499,2500,4387.065437,4387.43776,0.3723229999995965,4387.045437,4387.45776,0.4123230000004696,60.0,click_train_02499_start_4387.065s_ici_60.0.wav,/Users/nfot413/dolphin_project/official_click_features/segments/click_train_02499_start_4387.065s_ici_60.0.wav
2500,2501,4387.707323,4388.010052,0.30272899999999936,4387.687322999999,4388.030052,0.3427290000008725,35.0,click_train_02500_start_4387.707s_ici_35.0.wav,/Users/nfot413/dolphin_project/official_click_features/segments/click_train_02500_start_4387.707s_ici_35.0.wav
2501,2502,4388.127354,4389.127844,1.000489999999445,4388.107354,4389.147844,1.040490000000318,5.0,click_train_02501_start_4388.127s_ici_5.0.wav,/Users/nfot413/dolphin_project/official_click_features/segments/click_train_02501_start_4388.127s_ici_5.0.wav
2502,2503,4389.283557,4389.444818,0.16126100000019505,4389.263556999999,4389.464818,0.20126100000106817,15.0,click_train_02502_start_4389.284s_ici_15.0.wav,/Users/nfot413/dolphin_project/official_click_features/segments/click_train_02502_start_4389.284s_ici_15.0.wav
2503,2504,4389.59775,4389.782854,0.1851040000001376,4389.5777499999995,4389.8028540000005,0.22510400000101072,40.0,click_train_02503_start_4389.598s_ici_40.0.wav,/Users/nfot413/dolphin_project/official_click_features/segments/click_train_02503_start_4389.598s_ici_40.0.wav
2504,2505,4389.782854,4389.879932,0.09707799999978306,4389.762854,4389.899932,0.13707800000065617,15.0,click_train_02504_start_4389.783s_ici_15.0.wav,/Users/nfot413/dolphin_project/official_click_features/segments/click_train_02504_start_4389.783s_ici_15.0.wav
2505,2506,4389.912771,4390.040484,0.12771299999985786,4389.892771,4390.0604840000005,0.16771300000073097,10.0,click_train_02505_start_4389.913s_ici_10.0.wav,/Users/nfot413/dolphin_project/official_click_features/segments/click_train_02505_start_4389.913s_ici_10.0.wav
2506,2507,4390.078094,4390.27138,0.1932859999997163,4390.058094,4390.291380000001,0.2332860000005894,40.0,click_train_02506_start_4390.078s_ici_40.0.wav,/Users/nfot413/dolphin_project/official_click_features/segments/click_train_02506_start_4390.078s_ici_40.0.wav
2507,2508,4390.589432,4390.675714,0.08628200000021025,4390.569431999999,4390.695714,0.12628200000108336,10.0,click_train_02507_start_4390.589s_ici_10.0.wav,/Users/nfot413/dolphin_project/official_click_features/segments/click_train_02507_start_4390.589s_ici_10.0.wav
2508,2509,4390.755979,4390.892833,0.13685400000031223,4390.735978999999,4390.912833,0.17685400000118534,25.0,click_train_02508_start_4390.756s_ici_25.0.wav,/Users/nfot413/dolphin_project/official_click_features/segments/click_train_02508_start_4390.756s_ici_25.0.wav
2509,2510,4390.892833,4391.181406,0.2885729999998148,4390.872832999999,4391.201406,0.3285730000006879,45.0,click_train_02509_start_4390.893s_ici_45.0.wav,/Users/nfot413/dolphin_project/official_click_features/segments/click_train_02509_start_4390.893s_ici_45.0.wav
2510,2511,4391.304526,4391.527297,0.2227709999997387,4391.2845259999995,4391.547297,0.2627710000006118,45.0,click_train_02510_start_4391.305s_ici_45.0.wav,/Users/nfot413/dolphin_project/official_click_features/segments/click_train_02510_start_4391.305s_ici_45.0.wav
2511,2512,4391.74724,4392.656719,0.9094789999999193,4391.727239999999,4392.676719,0.9494790000007924,5.0,click_train_02511_start_4391.747s_ici_5.0.wav,/Users/nfot413/dolphin_project/official_click_features/segments/click_train_02511_start_4391.747s_ici_5.0.wav
2512,2513,4392.656719,4392.917208,0.2604890000002342,4392.636718999999,4392.937208,0.30048900000110734,45.0,click_train_02512_start_4392.657s_ici_45.0.wav,/Users/nfot413/dolphin_project/official_click_features/segments/click_train_02512_start_4392.657s_ici_45.0.wav
2513,2514,4392.917208,4393.106323,0.18911500000012893,4392.897207999999,4393.126323,0.22911500000100204,10.0,click_train_02513_start_4392.917s_ici_10.0.wav,/Users/nfot413/dolphin_project/official_click_features/segments/click_train_02513_start_4392.917s_ici_10.0.wav
2514,2515,4393.106323,4393.235953,0.12963000000036118,4393.0863229999995,4393.255953000001,0.1696300000012343,25.0,click_train_02514_start_4393.106s_ici_25.0.wav,/Users/nfot413/dolphin_project/official_click_features/segments/click_train_02514_start_4393.106s_ici_25.0.wav
2515,2516,4393.402255,4393.452526,0.050271000000066124,4393.3822549999995,4393.4725260000005,0.09027100000093924,10.0,click_train_02515_start_4393.402s_ici_10.0.wav,/Users/nfot413/dolphin_project/official_click_features/segments/click_train_02515_start_4393.402s_ici_10.0.wav
2516,2517,4393.492234,4393.548542,0.05630800000017189,4393.472234,4393.568542000001,0.096308000001045,10.0,click_train_02516_start_4393.492s_ici_10.0.wav,/Users/nfot413/dolphin_project/official_click_features/segments/click_train_02516_start_4393.492s_ici_10.0.wav
2517,2518,4393.684094,4394.334312,0.6502179999997679,4393.664094,4394.354312,0.690218000000641,35.0,click_train_02517_start_4393.684s_ici_35.0.wav,/Users/nfot413/dolphin_project/official_click_features/segments/click_train_02517_start_4393.684s_ici_35.0.wav
2518,2519,4394.363792,4394.789177,0.42538499999955093,4394.343792,4394.809177,0.46538500000042404,30.0,click_train_02518_start_4394.364s_ici_30.0.wav,/Users/nfot413/dolphin_project/official_click_features/segments/click_train_02518_start_4394.364s_ici_30.0.wav
2519,2520,4395.052073,4395.318318,0.2662449999997989,4395.032072999999,4395.338318,0.306245000000672,25.0,click_train_02519_start_4395.052s_ici_25.0.wav,/Users/nfot413/dolphin_project/official_click_features/segments/click_train_02519_start_4395.052s_ici_25.0.wav
2520,2521,4395.318318,4395.707562,0.3892439999999624,4395.298317999999,4395.727562,0.4292440000008355,10.0,click_train_02520_start_4395.318s_ici_10.0.wav,/Users/nfot413/dolphin_project/official_click_features/segments/click_train_02520_start_4395.318s_ici_10.0.wav
2521,2522,4395.707562,4396.113302,0.40574000000015076,4395.687561999999,4396.133302,0.4457400000010239,35.0,click_train_02521_start_4395.708s_ici_35.0.wav,/Users/nfot413/dolphin_project/official_click_features/segments/click_train_02521_start_4395.708s_ici_35.0.wav
2522,2523,4396.143339,4396.410354,0.26701499999944645,4396.123339,4396.430354,0.30701500000031956,25.0,click_train_02522_start_4396.143s_ici_25.0.wav,/Users/nfot413/dolphin_project/official_click_features/segments/click_train_02522_start_4396.143s_ici_25.0.wav
2523,2524,4396.410354,4397.305411,0.8950570000006337,4396.390353999999,4397.325411000001,0.9350570000015068,5.0,click_train_02523_start_4396.410s_ici_5.0.wav,/Users/nfot413/dolphin_project/official_click_features/segments/click_train_02523_start_4396.410s_ici_5.0.wav
2524,2525,4397.305411,4397.579667,0.27425599999969563,4397.285411,4397.599667,0.31425600000056875,20.0,click_train_02524_start_4397.305s_ici_20.0.wav,/Users/nfot413/dolphin_project/official_click_features/segments/click_train_02524_start_4397.305s_ici_20.0.wav
2525,2526,4397.579667,4398.18425,0.6045830000002752,4397.5596669999995,4398.204250000001,0.6445830000011483,10.0,click_train_02525_start_4397.580s_ici_10.0.wav,/Users/nfot413/dolphin_project/official_click_features/segments/click_train_02525_start_4397.580s_ici_10.0.wav
2526,2527,4398.18425,4398.409573,0.225322999999662,4398.16425,4398.429573,0.2653230000005351,30.0,click_train_02526_start_4398.184s_ici_30.0.wav,/Users/nfot413/dolphin_project/official_click_features/segments/click_train_02526_start_4398.184s_ici_30.0.wav
2527,2528,4398.542854,4398.846255,0.3034010000001217,4398.522854,4398.866255000001,0.3434010000009948,40.0,click_train_02527_start_4398.543s_ici_40.0.wav,/Users/nfot413/dolphin_project/official_click_features/segments/click_train_02527_start_4398.543s_ici_40.0.wav
2528,2529,4398.994062,4399.543865,0.5498029999998835,4398.974061999999,4399.563865,0.5898030000007566,30.0,click_train_02528_start_4398.994s_ici_30.0.wav,/Users/nfot413/dolphin_project/official_click_features/segments/click_train_02528_start_4398.994s_ici_30.0.wav
2529,2530,4399.543865,4399.802703,0.25883800000065094,4399.523864999999,4399.822703000001,0.29883800000152405,15.0,click_train_02529_start_4399.544s_ici_15.0.wav,/Users/nfot413/dolphin_project/official_click_features/segments/click_train_02529_start_4399.544s_ici_15.0.wav
2530,2531,4399.892016,4400.784359,0.8923430000004373,4399.872015999999,4400.804359000001,0.9323430000013104,5.0,click_train_02530_start_4399.892s_ici_5.0.wav,/Users/nfot413/dolphin_project/official_click_features/segments/click_train_02530_start_4399.892s_ici_5.0.wav
2531,2532,4400.817292,4401.703172,0.885880000000725,4400.797291999999,4401.723172000001,0.9258800000015981,10.0,click_train_02531_start_4400.817s_ici_10.0.wav,/Users/nfot413/dolphin_project/official_click_features/segments/click_train_02531_start_4400.817s_ici_10.0.wav
2532,2533,4401.703172,4402.068417,0.36524499999995896,4401.683172,4402.088417000001,0.4052450000008321,15.0,click_train_02532_start_4401.703s_ici_15.0.wav,/Users/nfot413/dolphin_project/official_click_features/segments/click_train_02532_start_4401.703s_ici_15.0.wav
2533,2534,4402.140458,4403.13824,0.9977820000003703,4402.120457999999,4403.158240000001,1.0377820000012434,5.0,click_train_02533_start_4402.140s_ici_5.0.wav,/Users/nfot413/dolphin_project/official_click_features/segments/click_train_02533_start_4402.140s_ici_5.0.wav
2534,2535,4403.302266,4403.578135,0.275869000000057,4403.282265999999,4403.598135,0.3158690000009301,5.0,click_train_02534_start_4403.302s_ici_5.0.wav,/Users/nfot413/dolphin_project/official_click_features/segments/click_train_02534_start_4403.302s_ici_5.0.wav
2535,2536,4403.677911,4405.759089,2.0811780000003637,4403.657910999999,4405.779089000001,2.121178000001237,40.0,click_train_02535_start_4403.678s_ici_40.0.wav,/Users/nfot413/dolphin_project/official_click_features/segments/click_train_02535_start_4403.678s_ici_40.0.wav
2536,2537,4405.78938,4406.34438,0.5549999999993815,4405.76938,4406.36438,0.5950000000002547,30.0,click_train_02536_start_4405.789s_ici_30.0.wav,/Users/nfot413/dolphin_project/official_click_features/segments/click_train_02536_start_4405.789s_ici_30.0.wav
2537,2538,4406.34438,4406.490667,0.1462870000004841,4406.324379999999,4406.5106670000005,0.18628700000135723,10.0,click_train_02537_start_4406.344s_ici_10.0.wav,/Users/nfot413/dolphin_project/official_click_features/segments/click_train_02537_start_4406.344s_ici_10.0.wav
2538,2539,4406.490667,4408.067771,1.577103999999963,4406.470667,4408.087771,1.617104000000836,10.0,click_train_02538_start_4406.491s_ici_10.0.wav,/Users/nfot413/dolphin_project/official_click_features/segments/click_train_02538_start_4406.491s_ici_10.0.wav
2539,2540,4408.216188,4408.666438,0.45024999999986903,4408.196188,4408.686438000001,0.49025000000074215,10.0,click_train_02539_start_4408.216s_ici_10.0.wav,/Users/nfot413/dolphin_project/official_click_features/segments/click_train_02539_start_4408.216s_ici_10.0.wav
2540,2541,4408.693167,4409.345156,0.6519889999999577,4408.673167,4409.365156000001,0.6919890000008309,60.0,click_train_02540_start_4408.693s_ici_60.0.wav,/Users/nfot413/dolphin_project/official_click_features/segments/click_train_02540_start_4408.693s_ici_60.0.wav
2541,2542,4409.490687,4409.669479,0.17879199999970297,4409.470687,4409.689479000001,0.21879200000057608,20.0,click_train_02541_start_4409.491s_ici_20.0.wav,/Users/nfot413/dolphin_project/official_click_features/segments/click_train_02541_start_4409.491s_ici_20.0.wav
2542,2543,4410.315625,4410.603208,0.28758300000026793,4410.295625,4410.623208000001,0.32758300000114104,5.0,click_train_02542_start_4410.316s_ici_5.0.wav,/Users/nfot413/dolphin_project/official_click_features/segments/click_train_02542_start_4410.316s_ici_5.0.wav
2543,2544,4411.634021,4411.700828,0.0668070000001535,4411.614020999999,4411.720828,0.10680700000102661,10.0,click_train_02543_start_4411.634s_ici_10.0.wav,/Users/nfot413/dolphin_project/official_click_features/segments/click_train_02543_start_4411.634s_ici_10.0.wav
2544,2545,4411.847323,4412.076198,0.228874999999789,4411.8273229999995,4412.096198,0.2688750000006621,30.0,click_train_02544_start_4411.847s_ici_30.0.wav,/Users/nfot413/dolphin_project/official_click_features/segments/click_train_02544_start_4411.847s_ici_30.0.wav
2545,2546,4412.100984,4412.309703,0.20871900000020105,4412.080983999999,4412.329703,0.24871900000107416,30.0,click_train_02545_start_4412.101s_ici_30.0.wav,/Users/nfot413/dolphin_project/official_click_features/segments/click_train_02545_start_4412.101s_ici_30.0.wav
2546,2547,4412.309703,4412.382484,0.07278099999984988,4412.2897029999995,4412.402484,0.112781000000723,10.0,click_train_02546_start_4412.310s_ici_10.0.wav,/Users/nfot413/dolphin_project/official_click_features/segments/click_train_02546_start_4412.310s_ici_10.0.wav
2547,2548,4412.382484,4412.580578,0.1980940000003102,4412.362483999999,4412.6005780000005,0.2380940000011833,35.0,click_train_02547_start_4412.382s_ici_35.0.wav,/Users/nfot413/dolphin_project/official_click_features/segments/click_train_02547_start_4412.382s_ici_35.0.wav
2548,2549,4412.876953,4412.976323,0.09936999999990803,4412.8569529999995,4412.996323,0.13937000000078115,10.0,click_train_02548_start_4412.877s_ici_10.0.wav,/Users/nfot413/dolphin_project/official_click_features/segments/click_train_02548_start_4412.877s_ici_10.0.wav
2549,2550,4413.006958,4413.067724,0.06076600000051258,4412.9869579999995,4413.087724000001,0.10076600000138569,10.0,click_train_02549_start_4413.007s_ici_10.0.wav,/Users/nfot413/dolphin_project/official_click_features/segments/click_train_02549_start_4413.007s_ici_10.0.wav
2550,2551,4413.067724,4413.419885,0.35216099999979633,4413.047724,4413.439885000001,0.39216100000066945,15.0,click_train_02550_start_4413.068s_ici_15.0.wav,/Users/nfot413/dolphin_project/official_click_features/segments/click_train_02550_start_4413.068s_ici_15.0.wav
2551,2552,4413.517385,4413.662495,0.1451099999994767,4413.497385,4413.682495,0.18511000000034983,10.0,click_train_02551_start_4413.517s_ici_10.0.wav,/Users/nfot413/dolphin_project/official_click_features/segments/click_train_02551_start_4413.517s_ici_10.0.wav
2552,2553,4413.713453,4413.916526,0.20307299999967654,4413.693453,4413.936526,0.24307300000054965,25.0,click_train_02552_start_4413.713s_ici_25.0.wav,/Users/nfot413/dolphin_project/official_click_features/segments/click_train_02552_start_4413.713s_ici_25.0.wav
2553,2554,4413.975859,4414.055964,0.0801050000000032,4413.955859,4414.075964000001,0.12010500000087632,10.0,click_train_02553_start_4413.976s_ici_10.0.wav,/Users/nfot413/dolphin_project/official_click_features/segments/click_train_02553_start_4413.976s_ici_10.0.wav
2554,2555,4414.079719,4414.257661,0.1779419999993479,4414.059719,4414.277661,0.21794200000022101,15.0,click_train_02554_start_4414.080s_ici_15.0.wav,/Users/nfot413/dolphin_project/official_click_features/segments/click_train_02554_start_4414.080s_ici_15.0.wav
2555,2556,4416.709823,4417.067776,0.35795299999972485,4416.689823,4417.087776,0.39795300000059797,40.0,click_train_02555_start_4416.710s_ici_40.0.wav,/Users/nfot413/dolphin_project/official_click_features/segments/click_train_02555_start_4416.710s_ici_40.0.wav
2556,2557,4417.582078,4418.48913,0.9070519999995668,4417.562078,4418.50913,0.9470520000004399,5.0,click_train_02556_start_4417.582s_ici_5.0.wav,/Users/nfot413/dolphin_project/official_click_features/segments/click_train_02556_start_4417.582s_ici_5.0.wav
2557,2558,4419.005625,4420.560448,1.5548230000003969,4418.985624999999,4420.580448000001,1.59482300000127,15.0,click_train_02557_start_4419.006s_ici_15.0.wav,/Users/nfot413/dolphin_project/official_click_features/segments/click_train_02557_start_4419.006s_ici_15.0.wav
2558,2559,4420.716219,4420.953359,0.23714000000018132,4420.6962189999995,4420.9733590000005,0.27714000000105443,5.0,click_train_02558_start_4420.716s_ici_5.0.wav,/Users/nfot413/dolphin_project/official_click_features/segments/click_train_02558_start_4420.716s_ici_5.0.wav
2559,2560,4421.013969,4421.380187,0.36621800000011717,4420.993968999999,4421.400187,0.4062180000009903,20.0,click_train_02559_start_4421.014s_ici_20.0.wav,/Users/nfot413/dolphin_project/official_click_features/segments/click_train_02559_start_4421.014s_ici_20.0.wav
2560,2561,4421.380187,4421.734802,0.3546150000001944,4421.360186999999,4421.754802,0.39461500000106753,40.0,click_train_02560_start_4421.380s_ici_40.0.wav,/Users/nfot413/dolphin_project/official_click_features/segments/click_train_02560_start_4421.380s_ici_40.0.wav
2561,2562,4421.955073,4422.293286,0.3382129999999961,4421.935073,4422.3132860000005,0.3782130000008692,35.0,click_train_02561_start_4421.955s_ici_35.0.wav,/Users/nfot413/dolphin_project/official_click_features/segments/click_train_02561_start_4421.955s_ici_35.0.wav
2562,2563,4422.576943,4422.686792,0.10984900000039488,4422.556943,4422.706792000001,0.149849000001268,15.0,click_train_02562_start_4422.577s_ici_15.0.wav,/Users/nfot413/dolphin_project/official_click_features/segments/click_train_02562_start_4422.577s_ici_15.0.wav
2563,2564,4422.686792,4423.041812,0.3550199999999677,4422.666792,4423.061812000001,0.3950200000008408,30.0,click_train_02563_start_4422.687s_ici_30.0.wav,/Users/nfot413/dolphin_project/official_click_features/segments/click_train_02563_start_4422.687s_ici_30.0.wav
2564,2565,4423.061203,4423.876542,0.8153389999997671,4423.041203,4423.896542,0.8553390000006402,30.0,click_train_02564_start_4423.061s_ici_30.0.wav,/Users/nfot413/dolphin_project/official_click_features/segments/click_train_02564_start_4423.061s_ici_30.0.wav
2565,2566,4423.910906,4424.32912,0.4182140000002619,4423.890906,4424.349120000001,0.458214000001135,35.0,click_train_02565_start_4423.911s_ici_35.0.wav,/Users/nfot413/dolphin_project/official_click_features/segments/click_train_02565_start_4423.911s_ici_35.0.wav
2566,2567,4424.362521,4424.589151,0.2266300000001138,4424.342521,4424.609151000001,0.2666300000009869,30.0,click_train_02566_start_4424.363s_ici_30.0.wav,/Users/nfot413/dolphin_project/official_click_features/segments/click_train_02566_start_4424.363s_ici_30.0.wav
2567,2568,4425.057391,4426.382917,1.325525999999627,4425.037391,4426.402917,1.3655260000005,5.0,click_train_02567_start_4425.057s_ici_5.0.wav,/Users/nfot413/dolphin_project/official_click_features/segments/click_train_02567_start_4425.057s_ici_5.0.wav
2568,2569,4426.827589,4427.196516,0.3689269999995304,4426.807589,4427.216516,0.4089270000004035,50.0,click_train_02568_start_4426.828s_ici_50.0.wav,/Users/nfot413/dolphin_project/official_click_features/segments/click_train_02568_start_4426.828s_ici_50.0.wav
2569,2570,4427.426234,4427.633172,0.20693800000026386,4427.406233999999,4427.653172,0.24693800000113697,30.0,click_train_02569_start_4427.426s_ici_30.0.wav,/Users/nfot413/dolphin_project/official_click_features/segments/click_train_02569_start_4427.426s_ici_30.0.wav
2570,2571,4427.633172,4427.683651,0.05047900000045047,4427.613171999999,4427.703651000001,0.09047900000132358,10.0,click_train_02570_start_4427.633s_ici_10.0.wav,/Users/nfot413/dolphin_project/official_click_features/segments/click_train_02570_start_4427.633s_ici_10.0.wav
2571,2572,4428.371812,4428.48849,0.11667799999941053,4428.351812,4428.50849,0.15667800000028365,25.0,click_train_02571_start_4428.372s_ici_25.0.wav,/Users/nfot413/dolphin_project/official_click_features/segments/click_train_02571_start_4428.372s_ici_25.0.wav
2572,2573,4430.542047,4430.684115,0.14206800000010844,4430.5220469999995,4430.7041150000005,0.18206800000098156,20.0,click_train_02572_start_4430.542s_ici_20.0.wav,/Users/nfot413/dolphin_project/official_click_features/segments/click_train_02572_start_4430.542s_ici_20.0.wav
2573,2574,4430.741807,4430.839458,0.09765100000004168,4430.721807,4430.859458000001,0.1376510000009148,10.0,click_train_02573_start_4430.742s_ici_10.0.wav,/Users/nfot413/dolphin_project/official_click_features/segments/click_train_02573_start_4430.742s_ici_10.0.wav
2574,2575,4430.839458,4430.990208,0.150749999999789,4430.819458,4431.010208000001,0.1907500000006621,10.0,click_train_02574_start_4430.839s_ici_10.0.wav,/Users/nfot413/dolphin_project/official_click_features/segments/click_train_02574_start_4430.839s_ici_10.0.wav
2575,2576,4431.093328,4431.392943,0.2996149999999034,4431.0733279999995,4431.412943,0.3396150000007765,25.0,click_train_02575_start_4431.093s_ici_25.0.wav,/Users/nfot413/dolphin_project/official_click_features/segments/click_train_02575_start_4431.093s_ici_25.0.wav
2576,2577,4431.392943,4431.452719,0.05977600000005623,4431.372942999999,4431.472719,0.09977600000092934,5.0,click_train_02576_start_4431.393s_ici_5.0.wav,/Users/nfot413/dolphin_project/official_click_features/segments/click_train_02576_start_4431.393s_ici_5.0.wav
2577,2578,4431.452719,4432.216615,0.7638960000003863,4431.432718999999,4432.236615000001,0.8038960000012594,10.0,click_train_02577_start_4431.453s_ici_10.0.wav,/Users/nfot413/dolphin_project/official_click_features/segments/click_train_02577_start_4431.453s_ici_10.0.wav
2578,2579,4432.216615,4432.418807,0.2021919999997408,4432.196615,4432.438807,0.24219200000061392,30.0,click_train_02578_start_4432.217s_ici_30.0.wav,/Users/nfot413/dolphin_project/official_click_features/segments/click_train_02578_start_4432.217s_ici_30.0.wav
2579,2580,4432.494667,4432.834161,0.33949399999983143,4432.4746669999995,4432.854161,0.37949400000070455,25.0,click_train_02579_start_4432.495s_ici_25.0.wav,/Users/nfot413/dolphin_project/official_click_features/segments/click_train_02579_start_4432.495s_ici_25.0.wav
2580,2581,4432.918229,4434.897516,1.979287000000113,4432.898228999999,4434.917516,2.019287000000986,15.0,click_train_02580_start_4432.918s_ici_15.0.wav,/Users/nfot413/dolphin_project/official_click_features/segments/click_train_02580_start_4432.918s_ici_15.0.wav
2581,2582,4435.133724,4436.931901,1.7981769999996686,4435.113724,4436.951901,1.8381770000005417,5.0,click_train_02581_start_4435.134s_ici_5.0.wav,/Users/nfot413/dolphin_project/official_click_features/segments/click_train_02581_start_4435.134s_ici_5.0.wav
2582,2583,4436.987641,4437.040495,0.05285400000047957,4436.967640999999,4437.060495000001,0.09285400000135269,10.0,click_train_02582_start_4436.988s_ici_10.0.wav,/Users/nfot413/dolphin_project/official_click_features/segments/click_train_02582_start_4436.988s_ici_10.0.wav
2583,2584,4437.040495,4437.119536,0.07904099999996106,4437.020495,4437.139536000001,0.11904100000083417,10.0,click_train_02583_start_4437.040s_ici_10.0.wav,/Users/nfot413/dolphin_project/official_click_features/segments/click_train_02583_start_4437.040s_ici_10.0.wav
2584,2585,4437.612286,4437.775505,0.16321900000002643,4437.592285999999,4437.795505,0.20321900000089954,5.0,click_train_02584_start_4437.612s_ici_5.0.wav,/Users/nfot413/dolphin_project/official_click_features/segments/click_train_02584_start_4437.612s_ici_5.0.wav
2585,2586,4437.797828,4438.253016,0.45518799999990733,4437.777827999999,4438.273016,0.49518800000078045,65.0,click_train_02585_start_4437.798s_ici_65.0.wav,/Users/nfot413/dolphin_project/official_click_features/segments/click_train_02585_start_4437.798s_ici_65.0.wav
2586,2587,4438.64763,4438.91599,0.2683600000000297,4438.62763,4438.935990000001,0.3083600000009028,10.0,click_train_02586_start_4438.648s_ici_10.0.wav,/Users/nfot413/dolphin_project/official_click_features/segments/click_train_02586_start_4438.648s_ici_10.0.wav
2587,2588,4439.018823,4439.0985,0.07967699999971956,4438.998823,4439.1185000000005,0.11967700000059267,10.0,click_train_02587_start_4439.019s_ici_10.0.wav,/Users/nfot413/dolphin_project/official_click_features/segments/click_train_02587_start_4439.019s_ici_10.0.wav
2588,2589,4439.0985,4439.420042,0.32154199999968114,4439.0785,4439.440042,0.36154200000055425,10.0,click_train_02588_start_4439.099s_ici_10.0.wav,/Users/nfot413/dolphin_project/official_click_features/segments/click_train_02588_start_4439.099s_ici_10.0.wav
2589,2590,4439.420042,4439.521495,0.10145300000021962,4439.400041999999,4439.541495,0.14145300000109273,10.0,click_train_02589_start_4439.420s_ici_10.0.wav,/Users/nfot413/dolphin_project/official_click_features/segments/click_train_02589_start_4439.420s_ici_10.0.wav
2590,2591,4439.599469,4439.641245,0.041776000000027125,4439.579468999999,4439.661245,0.08177600000090024,5.0,click_train_02590_start_4439.599s_ici_5.0.wav,/Users/nfot413/dolphin_project/official_click_features/segments/click_train_02590_start_4439.599s_ici_5.0.wav
2591,2592,4439.641245,4439.732615,0.0913700000000972,4439.621244999999,4439.752615,0.13137000000097032,10.0,click_train_02591_start_4439.641s_ici_10.0.wav,/Users/nfot413/dolphin_project/official_click_features/segments/click_train_02591_start_4439.641s_ici_10.0.wav
2592,2593,4439.732615,4440.0,0.2673850000001039,4439.7126149999995,4440.02,0.307385000000977,30.0,click_train_02592_start_4439.733s_ici_30.0.wav,/Users/nfot413/dolphin_project/official_click_features/segments/click_train_02592_start_4439.733s_ici_30.0.wav
2593,2594,4440.004849,4440.060422,0.05557299999964016,4439.9848489999995,4440.080422,0.09557300000051328,10.0,click_train_02593_start_4440.005s_ici_10.0.wav,/Users/nfot413/dolphin_project/official_click_features/segments/click_train_02593_start_4440.005s_ici_10.0.wav
2594,2595,4440.060422,4440.177365,0.11694299999999203,4440.040421999999,4440.197365,0.15694300000086514,25.0,click_train_02594_start_4440.060s_ici_25.0.wav,/Users/nfot413/dolphin_project/official_click_features/segments/click_train_02594_start_4440.060s_ici_25.0.wav
2595,2596,4440.177365,4440.274943,0.09757800000079442,4440.157364999999,4440.294943000001,0.13757800000166753,5.0,click_train_02595_start_4440.177s_ici_5.0.wav,/Users/nfot413/dolphin_project/official_click_features/segments/click_train_02595_start_4440.177s_ici_5.0.wav
2596,2597,4440.347427,4440.438656,0.09122900000056688,4440.327426999999,4440.458656000001,0.13122900000144,10.0,click_train_02596_start_4440.347s_ici_10.0.wav,/Users/nfot413/dolphin_project/official_click_features/segments/click_train_02596_start_4440.347s_ici_10.0.wav
2597,2598,4440.550089,4440.694573,0.1444839999994656,4440.530089,4440.714573,0.1844840000003387,25.0,click_train_02597_start_4440.550s_ici_25.0.wav,/Users/nfot413/dolphin_project/official_click_features/segments/click_train_02597_start_4440.550s_ici_25.0.wav
2598,2599,4440.881958,4441.069604,0.1876460000003135,4440.8619579999995,4441.089604000001,0.22764600000118662,30.0,click_train_02598_start_4440.882s_ici_30.0.wav,/Users/nfot413/dolphin_project/official_click_features/segments/click_train_02598_start_4440.882s_ici_30.0.wav
2599,2600,4441.069604,4441.242385,0.17278099999930419,4441.049604,4441.262385,0.2127810000001773,40.0,click_train_02599_start_4441.070s_ici_40.0.wav,/Users/nfot413/dolphin_project/official_click_features/segments/click_train_02599_start_4441.070s_ici_40.0.wav
2600,2601,4441.810427,4441.947125,0.13669799999934185,4441.790427,4441.967125,0.17669800000021496,20.0,click_train_02600_start_4441.810s_ici_20.0.wav,/Users/nfot413/dolphin_project/official_click_features/segments/click_train_02600_start_4441.810s_ici_20.0.wav
2601,2602,4442.349224,4443.067917,0.7186930000007123,4442.329223999999,4443.087917000001,0.7586930000015855,30.0,click_train_02601_start_4442.349s_ici_30.0.wav,/Users/nfot413/dolphin_project/official_click_features/segments/click_train_02601_start_4442.349s_ici_30.0.wav
2602,2603,4443.067917,4443.1015,0.03358299999945302,4443.047917,4443.1215,0.07358300000032614,5.0,click_train_02602_start_4443.068s_ici_5.0.wav,/Users/nfot413/dolphin_project/official_click_features/segments/click_train_02602_start_4443.068s_ici_5.0.wav
2603,2604,4443.1015,4443.403323,0.3018229999997857,4443.081499999999,4443.423323,0.3418230000006588,30.0,click_train_02603_start_4443.101s_ici_30.0.wav,/Users/nfot413/dolphin_project/official_click_features/segments/click_train_02603_start_4443.101s_ici_30.0.wav
2604,2605,4443.403323,4443.446578,0.04325500000049942,4443.383322999999,4443.4665780000005,0.08325500000137254,5.0,click_train_02604_start_4443.403s_ici_5.0.wav,/Users/nfot413/dolphin_project/official_click_features/segments/click_train_02604_start_4443.403s_ici_5.0.wav
2605,2606,4443.446578,4450.313953,6.867374999999811,4443.426578,4450.333953,6.907375000000684,5.0,click_train_02605_start_4443.447s_ici_5.0.wav,/Users/nfot413/dolphin_project/official_click_features/segments/click_train_02605_start_4443.447s_ici_5.0.wav
2606,2607,4450.313953,4455.834948,5.520994999999857,4450.293952999999,4455.854948,5.56099500000073,5.0,click_train_02606_start_4450.314s_ici_5.0.wav,/Users/nfot413/dolphin_project/official_click_features/segments/click_train_02606_start_4450.314s_ici_5.0.wav
2607,2608,4455.834948,4456.188906,0.3539580000006026,4455.814947999999,4456.208906000001,0.39395800000147574,75.0,click_train_02607_start_4455.835s_ici_75.0.wav,/Users/nfot413/dolphin_project/official_click_features/segments/click_train_02607_start_4455.835s_ici_75.0.wav
2608,2609,4456.269344,4458.929974,2.6606299999994008,4456.249344,4458.949974,2.700630000000274,5.0,click_train_02608_start_4456.269s_ici_5.0.wav,/Users/nfot413/dolphin_project/official_click_features/segments/click_train_02608_start_4456.269s_ici_5.0.wav
2609,2610,4459.000286,4459.249443,0.2491569999992862,4458.980286,4459.269443,0.2891570000001593,50.0,click_train_02609_start_4459.000s_ici_50.0.wav,/Users/nfot413/dolphin_project/official_click_features/segments/click_train_02609_start_4459.000s_ici_50.0.wav
2610,2611,4459.868901,4462.547755,2.678853999999774,4459.848900999999,4462.567755,2.718854000000647,5.0,click_train_02610_start_4459.869s_ici_5.0.wav,/Users/nfot413/dolphin_project/official_click_features/segments/click_train_02610_start_4459.869s_ici_5.0.wav
2611,2612,4462.547755,4462.653078,0.10532300000068062,4462.527754999999,4462.673078000001,0.14532300000155374,10.0,click_train_02611_start_4462.548s_ici_10.0.wav,/Users/nfot413/dolphin_project/official_click_features/segments/click_train_02611_start_4462.548s_ici_10.0.wav
2612,2613,4462.706719,4463.05387,0.3471509999999398,4462.686718999999,4463.07387,0.38715100000081293,40.0,click_train_02612_start_4462.707s_ici_40.0.wav,/Users/nfot413/dolphin_project/official_click_features/segments/click_train_02612_start_4462.707s_ici_40.0.wav
2613,2614,4463.438266,4463.742708,0.3044419999996535,4463.418266,4463.762708,0.3444420000005266,30.0,click_train_02613_start_4463.438s_ici_30.0.wav,/Users/nfot413/dolphin_project/official_click_features/segments/click_train_02613_start_4463.438s_ici_30.0.wav
2614,2615,4463.760385,4463.886333,0.12594800000078976,4463.740384999999,4463.906333000001,0.16594800000166288,10.0,click_train_02614_start_4463.760s_ici_10.0.wav,/Users/nfot413/dolphin_project/official_click_features/segments/click_train_02614_start_4463.760s_ici_10.0.wav
2615,2616,4463.973995,4464.001641,0.02764599999954953,4463.953995,4464.021641,0.06764600000042265,5.0,click_train_02615_start_4463.974s_ici_5.0.wav,/Users/nfot413/dolphin_project/official_click_features/segments/click_train_02615_start_4463.974s_ici_5.0.wav
2616,2617,4464.001641,4466.217068,2.2154270000000906,4463.981640999999,4466.237068,2.2554270000009637,5.0,click_train_02616_start_4464.002s_ici_5.0.wav,/Users/nfot413/dolphin_project/official_click_features/segments/click_train_02616_start_4464.002s_ici_5.0.wav
2617,2618,4466.217068,4466.490677,0.2736089999998512,4466.1970679999995,4466.510677,0.31360900000072434,30.0,click_train_02617_start_4466.217s_ici_30.0.wav,/Users/nfot413/dolphin_project/official_click_features/segments/click_train_02617_start_4466.217s_ici_30.0.wav
2618,2619,4466.490677,4471.112714,4.622037000000091,4466.470676999999,4471.132714,4.662037000000964,5.0,click_train_02618_start_4466.491s_ici_5.0.wav,/Users/nfot413/dolphin_project/official_click_features/segments/click_train_02618_start_4466.491s_ici_5.0.wav
2619,2620,4471.112714,4472.827135,1.7144210000005842,4471.092713999999,4472.847135000001,1.7544210000014573,5.0,click_train_02619_start_4471.113s_ici_5.0.wav,/Users/nfot413/dolphin_project/official_click_features/segments/click_train_02619_start_4471.113s_ici_5.0.wav
2620,2621,4473.023641,4473.079172,0.055530999999973574,4473.003640999999,4473.099172,0.09553100000084669,10.0,click_train_02620_start_4473.024s_ici_10.0.wav,/Users/nfot413/dolphin_project/official_click_features/segments/click_train_02620_start_4473.024s_ici_10.0.wav
2621,2622,4473.257682,4473.302844,0.045161999999436375,4473.237682,4473.322844,0.08516200000030949,5.0,click_train_02621_start_4473.258s_ici_5.0.wav,/Users/nfot413/dolphin_project/official_click_features/segments/click_train_02621_start_4473.258s_ici_5.0.wav
2622,2623,4473.346714,4473.571932,0.22521799999958603,4473.326714,4473.591932,0.26521800000045914,30.0,click_train_02622_start_4473.347s_ici_30.0.wav,/Users/nfot413/dolphin_project/official_click_features/segments/click_train_02622_start_4473.347s_ici_30.0.wav
2623,2624,4473.69937,4474.030115,0.33074499999929685,4473.67937,4474.050115,0.37074500000016997,35.0,click_train_02623_start_4473.699s_ici_35.0.wav,/Users/nfot413/dolphin_project/official_click_features/segments/click_train_02623_start_4473.699s_ici_35.0.wav
2624,2625,4474.288297,4474.663849,0.37555199999951583,4474.268297,4474.683849,0.41555200000038894,80.0,click_train_02624_start_4474.288s_ici_80.0.wav,/Users/nfot413/dolphin_project/official_click_features/segments/click_train_02624_start_4474.288s_ici_80.0.wav
2625,2626,4474.764641,4474.793401,0.028760000000147556,4474.744640999999,4474.813401,0.06876000000102067,5.0,click_train_02625_start_4474.765s_ici_5.0.wav,/Users/nfot413/dolphin_project/official_click_features/segments/click_train_02625_start_4474.765s_ici_5.0.wav
2626,2627,4474.94001,4474.988599,0.048588999999992666,4474.92001,4475.008599000001,0.08858900000086578,10.0,click_train_02626_start_4474.940s_ici_10.0.wav,/Users/nfot413/dolphin_project/official_click_features/segments/click_train_02626_start_4474.940s_ici_10.0.wav
2627,2628,4475.066495,4475.094484,0.027989000000161468,4475.046495,4475.114484000001,0.06798900000103458,5.0,click_train_02627_start_4475.066s_ici_5.0.wav,/Users/nfot413/dolphin_project/official_click_features/segments/click_train_02627_start_4475.066s_ici_5.0.wav
2628,2629,4475.139474,4475.192901,0.05342700000073819,4475.119473999999,4475.212901000001,0.0934270000016113,10.0,click_train_02628_start_4475.139s_ici_10.0.wav,/Users/nfot413/dolphin_project/official_click_features/segments/click_train_02628_start_4475.139s_ici_10.0.wav
2629,2630,4475.518036,4481.570724,6.052687999999762,4475.498036,4481.590724000001,6.092688000000635,5.0,click_train_02629_start_4475.518s_ici_5.0.wav,/Users/nfot413/dolphin_project/official_click_features/segments/click_train_02629_start_4475.518s_ici_5.0.wav
2630,2631,4481.570724,4481.663792,0.09306800000013027,4481.550724,4481.683792000001,0.13306800000100338,15.0,click_train_02630_start_4481.571s_ici_15.0.wav,/Users/nfot413/dolphin_project/official_click_features/segments/click_train_02630_start_4481.571s_ici_15.0.wav
2631,2632,4481.839458,4482.074458,0.23499999999967258,4481.819458,4482.0944580000005,0.2750000000005457,15.0,click_train_02631_start_4481.839s_ici_15.0.wav,/Users/nfot413/dolphin_project/official_click_features/segments/click_train_02631_start_4481.839s_ici_15.0.wav
2632,2633,4482.074458,4482.498557,0.4240989999998419,4482.054458,4482.518557,0.464099000000715,25.0,click_train_02632_start_4482.074s_ici_25.0.wav,/Users/nfot413/dolphin_project/official_click_features/segments/click_train_02632_start_4482.074s_ici_25.0.wav
2633,2634,4482.498557,4483.355807,0.8572500000000218,4482.4785569999995,4483.375807,0.8972500000008949,5.0,click_train_02633_start_4482.499s_ici_5.0.wav,/Users/nfot413/dolphin_project/official_click_features/segments/click_train_02633_start_4482.499s_ici_5.0.wav
2634,2635,4483.419469,4483.540146,0.1206769999998869,4483.399469,4483.560146000001,0.16067700000076002,15.0,click_train_02634_start_4483.419s_ici_15.0.wav,/Users/nfot413/dolphin_project/official_click_features/segments/click_train_02634_start_4483.419s_ici_15.0.wav
2635,2636,4483.581406,4483.785234,0.20382799999970302,4483.561406,4483.805234,0.24382800000057614,35.0,click_train_02635_start_4483.581s_ici_35.0.wav,/Users/nfot413/dolphin_project/official_click_features/segments/click_train_02635_start_4483.581s_ici_35.0.wav
2636,2637,4484.156891,4484.580375,0.4234839999999167,4484.136890999999,4484.600375,0.4634840000007898,45.0,click_train_02636_start_4484.157s_ici_45.0.wav,/Users/nfot413/dolphin_project/official_click_features/segments/click_train_02636_start_4484.157s_ici_45.0.wav
2637,2638,4487.174943,4487.442646,0.2677030000004379,4487.154943,4487.462646000001,0.307703000001311,35.0,click_train_02637_start_4487.175s_ici_35.0.wav,/Users/nfot413/dolphin_project/official_click_features/segments/click_train_02637_start_4487.175s_ici_35.0.wav
2638,2639,4487.442646,4487.539995,0.09734899999966729,4487.422646,4487.5599950000005,0.1373490000005404,10.0,click_train_02638_start_4487.443s_ici_10.0.wav,/Users/nfot413/dolphin_project/official_click_features/segments/click_train_02638_start_4487.443s_ici_10.0.wav
2639,2640,4487.539995,4487.80487,0.2648749999998472,4487.519995,4487.82487,0.3048750000007203,10.0,click_train_02639_start_4487.540s_ici_10.0.wav,/Users/nfot413/dolphin_project/official_click_features/segments/click_train_02639_start_4487.540s_ici_10.0.wav
2640,2641,4487.80487,4488.084406,0.27953600000000733,4487.7848699999995,4488.104406,0.31953600000088045,30.0,click_train_02640_start_4487.805s_ici_30.0.wav,/Users/nfot413/dolphin_project/official_click_features/segments/click_train_02640_start_4487.805s_ici_30.0.wav
2641,2642,4488.113312,4488.499391,0.3860789999998815,4488.093312,4488.519391000001,0.4260790000007546,30.0,click_train_02641_start_4488.113s_ici_30.0.wav,/Users/nfot413/dolphin_project/official_click_features/segments/click_train_02641_start_4488.113s_ici_30.0.wav
2642,2643,4488.499391,4488.824094,0.3247029999993174,4488.479391,4488.844094,0.3647030000001905,10.0,click_train_02642_start_4488.499s_ici_10.0.wav,/Users/nfot413/dolphin_project/official_click_features/segments/click_train_02642_start_4488.499s_ici_10.0.wav
2643,2644,4490.281573,4490.500073,0.21849999999994907,4490.261573,4490.520073000001,0.2585000000008222,45.0,click_train_02643_start_4490.282s_ici_45.0.wav,/Users/nfot413/dolphin_project/official_click_features/segments/click_train_02643_start_4490.282s_ici_45.0.wav
2644,2645,4490.500073,4490.636646,0.13657299999977113,4490.480073,4490.656646,0.17657300000064424,10.0,click_train_02644_start_4490.500s_ici_10.0.wav,/Users/nfot413/dolphin_project/official_click_features/segments/click_train_02644_start_4490.500s_ici_10.0.wav
2645,2646,4490.636646,4491.510839,0.8741929999996501,4490.6166459999995,4491.530839,0.9141930000005232,40.0,click_train_02645_start_4490.637s_ici_40.0.wav,/Users/nfot413/dolphin_project/official_click_features/segments/click_train_02645_start_4490.637s_ici_40.0.wav
2646,2647,4491.553297,4492.535969,0.9826719999991838,4491.533297,4492.555969,1.0226720000000569,40.0,click_train_02646_start_4491.553s_ici_40.0.wav,/Users/nfot413/dolphin_project/official_click_features/segments/click_train_02646_start_4491.553s_ici_40.0.wav
2647,2648,4492.535969,4494.112281,1.5763120000001436,4492.515968999999,4494.132281,1.6163120000010167,5.0,click_train_02647_start_4492.536s_ici_5.0.wav,/Users/nfot413/dolphin_project/official_click_features/segments/click_train_02647_start_4492.536s_ici_5.0.wav
2648,2649,4494.133849,4494.542771,0.4089220000005298,4494.113848999999,4494.562771000001,0.4489220000014029,5.0,click_train_02648_start_4494.134s_ici_5.0.wav,/Users/nfot413/dolphin_project/official_click_features/segments/click_train_02648_start_4494.134s_ici_5.0.wav
2649,2650,4494.542771,4496.101188,1.558416999999281,4494.522771,4496.121188,1.598417000000154,30.0,click_train_02649_start_4494.543s_ici_30.0.wav,/Users/nfot413/dolphin_project/official_click_features/segments/click_train_02649_start_4494.543s_ici_30.0.wav
2650,2651,4496.101188,4496.694073,0.5928850000000239,4496.081187999999,4496.714073,0.632885000000897,5.0,click_train_02650_start_4496.101s_ici_5.0.wav,/Users/nfot413/dolphin_project/official_click_features/segments/click_train_02650_start_4496.101s_ici_5.0.wav
2651,2652,4497.241458,4497.789031,0.5475729999998293,4497.221458,4497.809031000001,0.5875730000007025,35.0,click_train_02651_start_4497.241s_ici_35.0.wav,/Users/nfot413/dolphin_project/official_click_features/segments/click_train_02651_start_4497.241s_ici_35.0.wav
2652,2653,4497.816193,4498.174859,0.35866600000008475,4497.796192999999,4498.194859,0.39866600000095787,25.0,click_train_02652_start_4497.816s_ici_25.0.wav,/Users/nfot413/dolphin_project/official_click_features/segments/click_train_02652_start_4497.816s_ici_25.0.wav
2653,2654,4498.197318,4498.569198,0.3718799999996918,4498.177318,4498.589198000001,0.4118800000005649,25.0,click_train_02653_start_4498.197s_ici_25.0.wav,/Users/nfot413/dolphin_project/official_click_features/segments/click_train_02653_start_4498.197s_ici_25.0.wav
2654,2655,4498.569198,4499.038094,0.468895999999404,4498.549198,4499.058094,0.5088960000002771,45.0,click_train_02654_start_4498.569s_ici_45.0.wav,/Users/nfot413/dolphin_project/official_click_features/segments/click_train_02654_start_4498.569s_ici_45.0.wav
2655,2656,4499.038094,4499.254312,0.21621800000048097,4499.018093999999,4499.2743120000005,0.2562180000013541,10.0,click_train_02655_start_4499.038s_ici_10.0.wav,/Users/nfot413/dolphin_project/official_click_features/segments/click_train_02655_start_4499.038s_ici_10.0.wav
2656,2657,4500.680823,4501.103135,0.422312000000602,4500.660822999999,4501.123135000001,0.4623120000014751,50.0,click_train_02656_start_4500.681s_ici_50.0.wav,/Users/nfot413/dolphin_project/official_click_features/segments/click_train_02656_start_4500.681s_ici_50.0.wav
2657,2658,4501.12801,4501.301276,0.17326599999978498,4501.10801,4501.321276000001,0.2132660000006581,30.0,click_train_02657_start_4501.128s_ici_30.0.wav,/Users/nfot413/dolphin_project/official_click_features/segments/click_train_02657_start_4501.128s_ici_30.0.wav
2658,2659,4501.340297,4501.566104,0.22580700000071374,4501.320296999999,4501.586104000001,0.26580700000158686,30.0,click_train_02658_start_4501.340s_ici_30.0.wav,/Users/nfot413/dolphin_project/official_click_features/segments/click_train_02658_start_4501.340s_ici_30.0.wav
2659,2660,4501.566104,4501.628005,0.061900999999124906,4501.546104,4501.648005,0.10190099999999802,10.0,click_train_02659_start_4501.566s_ici_10.0.wav,/Users/nfot413/dolphin_project/official_click_features/segments/click_train_02659_start_4501.566s_ici_10.0.wav
2660,2661,4501.658807,4501.99001,0.3312030000006416,4501.638806999999,4502.010010000001,0.37120300000151474,55.0,click_train_02660_start_4501.659s_ici_55.0.wav,/Users/nfot413/dolphin_project/official_click_features/segments/click_train_02660_start_4501.659s_ici_55.0.wav
2661,2662,4502.344703,4502.768333,0.4236300000002302,4502.324702999999,4502.788333,0.4636300000011033,30.0,click_train_02661_start_4502.345s_ici_30.0.wav,/Users/nfot413/dolphin_project/official_click_features/segments/click_train_02661_start_4502.345s_ici_30.0.wav
2662,2663,4502.768333,4502.827318,0.05898499999966589,4502.748333,4502.847318,0.098985000000539,10.0,click_train_02662_start_4502.768s_ici_10.0.wav,/Users/nfot413/dolphin_project/official_click_features/segments/click_train_02662_start_4502.768s_ici_10.0.wav
2663,2664,4502.827318,4503.00099,0.1736719999998968,4502.807317999999,4503.02099,0.2136720000007699,40.0,click_train_02663_start_4502.827s_ici_40.0.wav,/Users/nfot413/dolphin_project/official_click_features/segments/click_train_02663_start_4502.827s_ici_40.0.wav
2664,2665,4503.00099,4503.079573,0.07858300000043528,4502.980989999999,4503.099573,0.11858300000130839,10.0,click_train_02664_start_4503.001s_ici_10.0.wav,/Users/nfot413/dolphin_project/official_click_features/segments/click_train_02664_start_4503.001s_ici_10.0.wav
2665,2666,4503.294682,4503.362615,0.06793300000026647,4503.274681999999,4503.382615,0.10793300000113959,10.0,click_train_02665_start_4503.295s_ici_10.0.wav,/Users/nfot413/dolphin_project/official_click_features/segments/click_train_02665_start_4503.295s_ici_10.0.wav
2666,2667,4503.362615,4503.517104,0.15448899999955756,4503.342615,4503.537104,0.19448900000043068,35.0,click_train_02666_start_4503.363s_ici_35.0.wav,/Users/nfot413/dolphin_project/official_click_features/segments/click_train_02666_start_4503.363s_ici_35.0.wav
2667,2668,4503.517104,4503.581568,0.0644640000000436,4503.497103999999,4503.601568,0.10446400000091671,5.0,click_train_02667_start_4503.517s_ici_5.0.wav,/Users/nfot413/dolphin_project/official_click_features/segments/click_train_02667_start_4503.517s_ici_5.0.wav
2668,2669,4504.33551,4504.550547,0.21503699999993842,4504.315509999999,4504.570547,0.25503700000081153,10.0,click_train_02668_start_4504.336s_ici_10.0.wav,/Users/nfot413/dolphin_project/official_click_features/segments/click_train_02668_start_4504.336s_ici_10.0.wav
2669,2670,4504.575323,4504.658859,0.08353600000009465,4504.555323,4504.678859000001,0.12353600000096776,10.0,click_train_02669_start_4504.575s_ici_10.0.wav,/Users/nfot413/dolphin_project/official_click_features/segments/click_train_02669_start_4504.575s_ici_10.0.wav
2670,2671,4504.713677,4504.797708,0.08403100000032282,4504.693676999999,4504.8177080000005,0.12403100000119593,10.0,click_train_02670_start_4504.714s_ici_10.0.wav,/Users/nfot413/dolphin_project/official_click_features/segments/click_train_02670_start_4504.714s_ici_10.0.wav
2671,2672,4505.11849,4517.481625,12.363135000000511,4505.098489999999,4517.501625000001,12.403135000001384,5.0,click_train_02671_start_4505.118s_ici_5.0.wav,/Users/nfot413/dolphin_project/official_click_features/segments/click_train_02671_start_4505.118s_ici_5.0.wav
2672,2673,4517.571802,4518.028573,0.45677099999920756,4517.551802,4518.048573,0.4967710000000807,25.0,click_train_02672_start_4517.572s_ici_25.0.wav,/Users/nfot413/dolphin_project/official_click_features/segments/click_train_02672_start_4517.572s_ici_25.0.wav
2673,2674,4518.028573,4518.138448,0.10987500000010186,4518.008572999999,4518.158448,0.14987500000097498,5.0,click_train_02673_start_4518.029s_ici_5.0.wav,/Users/nfot413/dolphin_project/official_click_features/segments/click_train_02673_start_4518.029s_ici_5.0.wav
2674,2675,4518.138448,4518.220813,0.08236500000020897,4518.118447999999,4518.240813,0.12236500000108208,5.0,click_train_02674_start_4518.138s_ici_5.0.wav,/Users/nfot413/dolphin_project/official_click_features/segments/click_train_02674_start_4518.138s_ici_5.0.wav
2675,2676,4518.242255,4518.273578,0.03132300000015675,4518.222255,4518.293578000001,0.07132300000102987,5.0,click_train_02675_start_4518.242s_ici_5.0.wav,/Users/nfot413/dolphin_project/official_click_features/segments/click_train_02675_start_4518.242s_ici_5.0.wav
2676,2677,4518.273578,4518.343365,0.06978699999945093,4518.253578,4518.363365,0.10978700000032404,10.0,click_train_02676_start_4518.274s_ici_10.0.wav,/Users/nfot413/dolphin_project/official_click_features/segments/click_train_02676_start_4518.274s_ici_10.0.wav
2677,2678,4518.343365,4519.023557,0.6801920000007158,4518.323364999999,4519.043557000001,0.7201920000015889,30.0,click_train_02677_start_4518.343s_ici_30.0.wav,/Users/nfot413/dolphin_project/official_click_features/segments/click_train_02677_start_4518.343s_ici_30.0.wav
2678,2679,4519.047896,4519.221656,0.17375999999967462,4519.027896,4519.241656,0.21376000000054773,25.0,click_train_02678_start_4519.048s_ici_25.0.wav,/Users/nfot413/dolphin_project/official_click_features/segments/click_train_02678_start_4519.048s_ici_25.0.wav
2679,2680,4519.221656,4525.787406,6.565750000000662,4519.201655999999,4525.807406000001,6.605750000001535,5.0,click_train_02679_start_4519.222s_ici_5.0.wav,/Users/nfot413/dolphin_project/official_click_features/segments/click_train_02679_start_4519.222s_ici_5.0.wav
2680,2681,4525.787406,4526.476651,0.6892449999995733,4525.767406,4526.496651,0.7292450000004465,10.0,click_train_02680_start_4525.787s_ici_10.0.wav,/Users/nfot413/dolphin_project/official_click_features/segments/click_train_02680_start_4525.787s_ici_10.0.wav
2681,2682,4526.476651,4527.958891,1.4822400000002744,4526.4566509999995,4527.978891000001,1.5222400000011476,40.0,click_train_02681_start_4526.477s_ici_40.0.wav,/Users/nfot413/dolphin_project/official_click_features/segments/click_train_02681_start_4526.477s_ici_40.0.wav
2682,2683,4528.133599,4534.16288,6.029281000000083,4528.113598999999,4534.18288,6.069281000000956,5.0,click_train_02682_start_4528.134s_ici_5.0.wav,/Users/nfot413/dolphin_project/official_click_features/segments/click_train_02682_start_4528.134s_ici_5.0.wav
2683,2684,4534.375651,4534.805177,0.42952599999989616,4534.355651,4534.825177000001,0.4695260000007693,35.0,click_train_02683_start_4534.376s_ici_35.0.wav,/Users/nfot413/dolphin_project/official_click_features/segments/click_train_02683_start_4534.376s_ici_35.0.wav
2684,2685,4534.805177,4534.846229,0.04105199999958131,4534.785177,4534.866229,0.08105200000045443,5.0,click_train_02684_start_4534.805s_ici_5.0.wav,/Users/nfot413/dolphin_project/official_click_features/segments/click_train_02684_start_4534.805s_ici_5.0.wav
2685,2686,4534.939099,4534.97738,0.038281000000097265,4534.919099,4534.997380000001,0.07828100000097038,5.0,click_train_02685_start_4534.939s_ici_5.0.wav,/Users/nfot413/dolphin_project/official_click_features/segments/click_train_02685_start_4534.939s_ici_5.0.wav
2686,2687,4535.006536,4535.047031,0.040495000000191794,4534.986535999999,4535.0670310000005,0.08049500000106491,5.0,click_train_02686_start_4535.007s_ici_5.0.wav,/Users/nfot413/dolphin_project/official_click_features/segments/click_train_02686_start_4535.007s_ici_5.0.wav
2687,2688,4535.076224,4535.120714,0.04448999999931402,4535.056224,4535.140714,0.08449000000018714,5.0,click_train_02687_start_4535.076s_ici_5.0.wav,/Users/nfot413/dolphin_project/official_click_features/segments/click_train_02687_start_4535.076s_ici_5.0.wav
2688,2689,4535.120714,4535.199755,0.07904099999996106,4535.100713999999,4535.219755,0.11904100000083417,10.0,click_train_02688_start_4535.121s_ici_10.0.wav,/Users/nfot413/dolphin_project/official_click_features/segments/click_train_02688_start_4535.121s_ici_10.0.wav
2689,2690,4535.38549,4535.609297,0.2238070000003063,4535.365489999999,4535.629297,0.2638070000011794,45.0,click_train_02689_start_4535.385s_ici_45.0.wav,/Users/nfot413/dolphin_project/official_click_features/segments/click_train_02689_start_4535.385s_ici_45.0.wav
2690,2691,4535.609297,4535.656286,0.0469890000003943,4535.5892969999995,4535.676286000001,0.08698900000126741,5.0,click_train_02690_start_4535.609s_ici_5.0.wav,/Users/nfot413/dolphin_project/official_click_features/segments/click_train_02690_start_4535.609s_ici_5.0.wav
2691,2692,4535.760443,4535.786552,0.026108999999451044,4535.740443,4535.806552,0.06610900000032416,5.0,click_train_02691_start_4535.760s_ici_5.0.wav,/Users/nfot413/dolphin_project/official_click_features/segments/click_train_02691_start_4535.760s_ici_5.0.wav
2692,2693,4535.936042,4535.959318,0.023275999999896158,4535.916042,4535.979318000001,0.06327600000076927,5.0,click_train_02692_start_4535.936s_ici_5.0.wav,/Users/nfot413/dolphin_project/official_click_features/segments/click_train_02692_start_4535.936s_ici_5.0.wav
2693,2694,4535.995854,4536.046589,0.05073499999980413,4535.975853999999,4536.066589,0.09073500000067725,10.0,click_train_02693_start_4535.996s_ici_10.0.wav,/Users/nfot413/dolphin_project/official_click_features/segments/click_train_02693_start_4535.996s_ici_10.0.wav
2694,2695,4536.331599,4536.50649,0.1748909999996613,4536.311599,4536.52649,0.2148910000005344,35.0,click_train_02694_start_4536.332s_ici_35.0.wav,/Users/nfot413/dolphin_project/official_click_features/segments/click_train_02694_start_4536.332s_ici_35.0.wav
2695,2696,4536.681719,4536.748135,0.06641599999966274,4536.661719,4536.768135,0.10641600000053586,10.0,click_train_02695_start_4536.682s_ici_10.0.wav,/Users/nfot413/dolphin_project/official_click_features/segments/click_train_02695_start_4536.682s_ici_10.0.wav
2696,2697,4537.093141,4537.137292,0.04415100000005623,4537.073141,4537.157292000001,0.08415100000092934,5.0,click_train_02696_start_4537.093s_ici_5.0.wav,/Users/nfot413/dolphin_project/official_click_features/segments/click_train_02696_start_4537.093s_ici_5.0.wav
2697,2698,4537.168734,4537.207974,0.039240000000063446,4537.148733999999,4537.227974,0.07924000000093656,5.0,click_train_02697_start_4537.169s_ici_5.0.wav,/Users/nfot413/dolphin_project/official_click_features/segments/click_train_02697_start_4537.169s_ici_5.0.wav
2698,2699,4537.207974,4538.065948,0.8579740000004676,4537.1879739999995,4538.085948000001,0.8979740000013408,40.0,click_train_02698_start_4537.208s_ici_40.0.wav,/Users/nfot413/dolphin_project/official_click_features/segments/click_train_02698_start_4537.208s_ici_40.0.wav
2699,2700,4538.250943,4539.429609,1.1786659999997937,4538.230943,4539.449609,1.2186660000006668,40.0,click_train_02699_start_4538.251s_ici_40.0.wav,/Users/nfot413/dolphin_project/official_click_features/segments/click_train_02699_start_4538.251s_ici_40.0.wav
2700,2701,4539.429609,4539.98188,0.5522710000004736,4539.409608999999,4540.001880000001,0.5922710000013467,5.0,click_train_02700_start_4539.430s_ici_5.0.wav,/Users/nfot413/dolphin_project/official_click_features/segments/click_train_02700_start_4539.430s_ici_5.0.wav
2701,2702,4540.72725,4541.03337,0.3061200000001918,4540.7072499999995,4541.0533700000005,0.3461200000010649,25.0,click_train_02701_start_4540.727s_ici_25.0.wav,/Users/nfot413/dolphin_project/official_click_features/segments/click_train_02701_start_4540.727s_ici_25.0.wav
2702,2703,4541.065307,4541.431823,0.3665160000000469,4541.045306999999,4541.451823,0.40651600000092003,40.0,click_train_02702_start_4541.065s_ici_40.0.wav,/Users/nfot413/dolphin_project/official_click_features/segments/click_train_02702_start_4541.065s_ici_40.0.wav
2703,2704,4541.716646,4542.146375,0.4297290000004068,4541.696645999999,4542.166375000001,0.46972900000127993,55.0,click_train_02703_start_4541.717s_ici_55.0.wav,/Users/nfot413/dolphin_project/official_click_features/segments/click_train_02703_start_4541.717s_ici_55.0.wav
2704,2705,4542.423943,4542.704266,0.280322999999953,4542.403942999999,4542.724266,0.32032300000082614,35.0,click_train_02704_start_4542.424s_ici_35.0.wav,/Users/nfot413/dolphin_project/official_click_features/segments/click_train_02704_start_4542.424s_ici_35.0.wav
2705,2706,4542.738,4542.957703,0.21970299999975396,4542.718,4542.9777030000005,0.25970300000062707,40.0,click_train_02705_start_4542.738s_ici_40.0.wav,/Users/nfot413/dolphin_project/official_click_features/segments/click_train_02705_start_4542.738s_ici_40.0.wav
2706,2707,4542.957703,4543.003396,0.045693000000028405,4542.937703,4543.0233960000005,0.08569300000090152,10.0,click_train_02706_start_4542.958s_ici_10.0.wav,/Users/nfot413/dolphin_project/official_click_features/segments/click_train_02706_start_4542.958s_ici_10.0.wav
2707,2708,4543.117016,4543.35926,0.24224400000002788,4543.097016,4543.379260000001,0.282244000000901,5.0,click_train_02707_start_4543.117s_ici_5.0.wav,/Users/nfot413/dolphin_project/official_click_features/segments/click_train_02707_start_4543.117s_ici_5.0.wav
2708,2709,4543.35926,4543.523307,0.16404700000020966,4543.33926,4543.543307000001,0.20404700000108278,35.0,click_train_02708_start_4543.359s_ici_35.0.wav,/Users/nfot413/dolphin_project/official_click_features/segments/click_train_02708_start_4543.359s_ici_35.0.wav
2709,2710,4543.556807,4544.088552,0.5317450000002282,4543.5368069999995,4544.108552000001,0.5717450000011013,35.0,click_train_02709_start_4543.557s_ici_35.0.wav,/Users/nfot413/dolphin_project/official_click_features/segments/click_train_02709_start_4543.557s_ici_35.0.wav
2710,2711,4544.088552,4544.331,0.24244799999996758,4544.068552,4544.351000000001,0.2824480000008407,10.0,click_train_02710_start_4544.089s_ici_10.0.wav,/Users/nfot413/dolphin_project/official_click_features/segments/click_train_02710_start_4544.089s_ici_10.0.wav
2711,2712,4544.420255,4546.306318,1.8860629999999219,4544.400255,4546.326318,1.926063000000795,25.0,click_train_02711_start_4544.420s_ici_25.0.wav,/Users/nfot413/dolphin_project/official_click_features/segments/click_train_02711_start_4544.420s_ici_25.0.wav
2712,2713,4546.306318,4546.818281,0.5119629999999233,4546.2863179999995,4546.838281,0.5519630000007965,5.0,click_train_02712_start_4546.306s_ici_5.0.wav,/Users/nfot413/dolphin_project/official_click_features/segments/click_train_02712_start_4546.306s_ici_5.0.wav
2713,2714,4546.818281,4547.20399,0.38570900000013353,4546.798280999999,4547.22399,0.42570900000100664,5.0,click_train_02713_start_4546.818s_ici_5.0.wav,/Users/nfot413/dolphin_project/official_click_features/segments/click_train_02713_start_4546.818s_ici_5.0.wav
2714,2715,4547.20399,4547.762776,0.5587859999995999,4547.1839899999995,4547.782776,0.598786000000473,15.0,click_train_02714_start_4547.204s_ici_15.0.wav,/Users/nfot413/dolphin_project/official_click_features/segments/click_train_02714_start_4547.204s_ici_15.0.wav
2715,2716,4547.762776,4548.168281,0.4055050000006304,4547.742775999999,4548.188281000001,0.4455050000015035,45.0,click_train_02715_start_4547.763s_ici_45.0.wav,/Users/nfot413/dolphin_project/official_click_features/segments/click_train_02715_start_4547.763s_ici_45.0.wav
2716,2717,4548.50313,4548.693151,0.1900210000003426,4548.48313,4548.713151000001,0.23002100000121573,15.0,click_train_02716_start_4548.503s_ici_15.0.wav,/Users/nfot413/dolphin_project/official_click_features/segments/click_train_02716_start_4548.503s_ici_15.0.wav
2717,2718,4548.937026,4550.58025,1.643224000000373,4548.917025999999,4550.60025,1.6832240000012462,35.0,click_train_02717_start_4548.937s_ici_35.0.wav,/Users/nfot413/dolphin_project/official_click_features/segments/click_train_02717_start_4548.937s_ici_35.0.wav
2718,2719,4550.58025,4551.03025,0.4499999999998181,4550.5602499999995,4551.05025,0.4900000000006912,10.0,click_train_02718_start_4550.580s_ici_10.0.wav,/Users/nfot413/dolphin_project/official_click_features/segments/click_train_02718_start_4550.580s_ici_10.0.wav
2719,2720,4551.03025,4551.616146,0.5858960000005027,4551.010249999999,4551.636146000001,0.6258960000013758,30.0,click_train_02719_start_4551.030s_ici_30.0.wav,/Users/nfot413/dolphin_project/official_click_features/segments/click_train_02719_start_4551.030s_ici_30.0.wav
2720,2721,4552.397849,4552.983917,0.5860679999996137,4552.3778489999995,4553.003917,0.6260680000004868,75.0,click_train_02720_start_4552.398s_ici_75.0.wav,/Users/nfot413/dolphin_project/official_click_features/segments/click_train_02720_start_4552.398s_ici_75.0.wav
2721,2722,4554.072891,4554.312464,0.2395729999998366,4554.052890999999,4554.332464,0.2795730000007097,35.0,click_train_02721_start_4554.073s_ici_35.0.wav,/Users/nfot413/dolphin_project/official_click_features/segments/click_train_02721_start_4554.073s_ici_35.0.wav
2722,2723,4554.346339,4554.507896,0.16155700000035722,4554.326338999999,4554.5278960000005,0.20155700000123034,25.0,click_train_02722_start_4554.346s_ici_25.0.wav,/Users/nfot413/dolphin_project/official_click_features/segments/click_train_02722_start_4554.346s_ici_25.0.wav
2723,2724,4554.507896,4554.597854,0.08995799999956944,4554.487896,4554.617854,0.12995800000044255,5.0,click_train_02723_start_4554.508s_ici_5.0.wav,/Users/nfot413/dolphin_project/official_click_features/segments/click_train_02723_start_4554.508s_ici_5.0.wav
2724,2725,4554.597854,4554.65851,0.060656000000562926,4554.577853999999,4554.678510000001,0.10065600000143604,10.0,click_train_02724_start_4554.598s_ici_10.0.wav,/Users/nfot413/dolphin_project/official_click_features/segments/click_train_02724_start_4554.598s_ici_10.0.wav
2725,2726,4554.65851,4555.010562,0.3520520000001852,4554.63851,4555.030562000001,0.39205200000105833,20.0,click_train_02725_start_4554.659s_ici_20.0.wav,/Users/nfot413/dolphin_project/official_click_features/segments/click_train_02725_start_4554.659s_ici_20.0.wav
2726,2727,4555.190156,4555.289385,0.09922900000037771,4555.170155999999,4555.3093850000005,0.13922900000125082,10.0,click_train_02726_start_4555.190s_ici_10.0.wav,/Users/nfot413/dolphin_project/official_click_features/segments/click_train_02726_start_4555.190s_ici_10.0.wav
2727,2728,4555.33862,4555.754182,0.4155619999992268,4555.31862,4555.774182,0.45556200000009994,10.0,click_train_02727_start_4555.339s_ici_10.0.wav,/Users/nfot413/dolphin_project/official_click_features/segments/click_train_02727_start_4555.339s_ici_10.0.wav
2728,2729,4555.77376,4555.981229,0.2074689999999464,4555.75376,4556.001229,0.2474690000008195,10.0,click_train_02728_start_4555.774s_ici_10.0.wav,/Users/nfot413/dolphin_project/official_click_features/segments/click_train_02728_start_4555.774s_ici_10.0.wav
2729,2730,4556.046885,4556.11613,0.06924500000059197,4556.026884999999,4556.136130000001,0.10924500000146509,5.0,click_train_02729_start_4556.047s_ici_5.0.wav,/Users/nfot413/dolphin_project/official_click_features/segments/click_train_02729_start_4556.047s_ici_5.0.wav
2730,2731,4556.11613,4556.30187,0.1857399999998961,4556.09613,4556.321870000001,0.22574000000076921,10.0,click_train_02730_start_4556.116s_ici_10.0.wav,/Users/nfot413/dolphin_project/official_click_features/segments/click_train_02730_start_4556.116s_ici_10.0.wav
2731,2732,4556.483089,4556.510552,0.027462999999443127,4556.463089,4556.530552,0.06746300000031624,5.0,click_train_02731_start_4556.483s_ici_5.0.wav,/Users/nfot413/dolphin_project/official_click_features/segments/click_train_02731_start_4556.483s_ici_5.0.wav
2732,2733,4556.510552,4556.556995,0.0464430000001812,4556.490551999999,4556.576995,0.08644300000105432,5.0,click_train_02732_start_4556.511s_ici_5.0.wav,/Users/nfot413/dolphin_project/official_click_features/segments/click_train_02732_start_4556.511s_ici_5.0.wav
2733,2734,4556.575656,4556.60487,0.029214000000138185,4556.5556559999995,4556.624870000001,0.0692140000010113,5.0,click_train_02733_start_4556.576s_ici_5.0.wav,/Users/nfot413/dolphin_project/official_click_features/segments/click_train_02733_start_4556.576s_ici_5.0.wav
2734,2735,4556.60487,4556.695141,0.09027100000002974,4556.58487,4556.715141000001,0.13027100000090286,5.0,click_train_02734_start_4556.605s_ici_5.0.wav,/Users/nfot413/dolphin_project/official_click_features/segments/click_train_02734_start_4556.605s_ici_5.0.wav
2735,2736,4556.714844,4556.744396,0.029551999999966938,4556.694844,4556.7643960000005,0.06955200000084005,5.0,click_train_02735_start_4556.715s_ici_5.0.wav,/Users/nfot413/dolphin_project/official_click_features/segments/click_train_02735_start_4556.715s_ici_5.0.wav
2736,2737,4556.764714,4556.795089,0.030375000000276486,4556.7447139999995,4556.815089000001,0.0703750000011496,5.0,click_train_02736_start_4556.765s_ici_5.0.wav,/Users/nfot413/dolphin_project/official_click_features/segments/click_train_02736_start_4556.765s_ici_5.0.wav
2737,2738,4556.844411,4556.877604,0.033193000000210304,4556.824411,4556.897604000001,0.07319300000108342,5.0,click_train_02737_start_4556.844s_ici_5.0.wav,/Users/nfot413/dolphin_project/official_click_features/segments/click_train_02737_start_4556.844s_ici_5.0.wav
2738,2739,4556.898484,4556.930089,0.03160500000012689,4556.878484,4556.950089000001,0.07160500000100001,5.0,click_train_02738_start_4556.898s_ici_5.0.wav,/Users/nfot413/dolphin_project/official_click_features/segments/click_train_02738_start_4556.898s_ici_5.0.wav
2739,2740,4556.980156,4557.054833,0.07467700000051991,4556.960155999999,4557.074833000001,0.11467700000139303,5.0,click_train_02739_start_4556.980s_ici_5.0.wav,/Users/nfot413/dolphin_project/official_click_features/segments/click_train_02739_start_4556.980s_ici_5.0.wav
2740,2741,4557.211865,4557.317839,0.10597400000006019,4557.191865,4557.337839000001,0.1459740000009333,10.0,click_train_02740_start_4557.212s_ici_10.0.wav,/Users/nfot413/dolphin_project/official_click_features/segments/click_train_02740_start_4557.212s_ici_10.0.wav
2741,2742,4557.449776,4557.530167,0.0803909999995085,4557.429776,4557.550167,0.12039100000038161,5.0,click_train_02741_start_4557.450s_ici_5.0.wav,/Users/nfot413/dolphin_project/official_click_features/segments/click_train_02741_start_4557.450s_ici_5.0.wav
2742,2743,4557.699078,4557.884016,0.18493800000032934,4557.679077999999,4557.904016,0.22493800000120245,10.0,click_train_02742_start_4557.699s_ici_10.0.wav,/Users/nfot413/dolphin_project/official_click_features/segments/click_train_02742_start_4557.699s_ici_10.0.wav
2743,2744,4557.884016,4557.974385,0.09036900000046444,4557.8640159999995,4557.994385000001,0.13036900000133755,10.0,click_train_02743_start_4557.884s_ici_10.0.wav,/Users/nfot413/dolphin_project/official_click_features/segments/click_train_02743_start_4557.884s_ici_10.0.wav
2744,2745,4558.032458,4558.343427,0.31096900000011374,4558.012457999999,4558.363427,0.35096900000098685,5.0,click_train_02744_start_4558.032s_ici_5.0.wav,/Users/nfot413/dolphin_project/official_click_features/segments/click_train_02744_start_4558.032s_ici_5.0.wav
2745,2746,4558.343427,4558.588844,0.2454170000000886,4558.323426999999,4558.608844,0.2854170000009617,10.0,click_train_02745_start_4558.343s_ici_10.0.wav,/Users/nfot413/dolphin_project/official_click_features/segments/click_train_02745_start_4558.343s_ici_10.0.wav
2746,2747,4560.004812,4564.644641,4.639828999999736,4559.984812,4564.664641,4.679829000000609,5.0,click_train_02746_start_4560.005s_ici_5.0.wav,/Users/nfot413/dolphin_project/official_click_features/segments/click_train_02746_start_4560.005s_ici_5.0.wav
2747,2748,4564.644641,4564.713083,0.06844199999977718,4564.624640999999,4564.733083,0.1084420000006503,10.0,click_train_02747_start_4564.645s_ici_10.0.wav,/Users/nfot413/dolphin_project/official_click_features/segments/click_train_02747_start_4564.645s_ici_10.0.wav
2748,2749,4564.739948,4565.473104,0.733155999999326,4564.719948,4565.493104,0.7731560000001991,10.0,click_train_02748_start_4564.740s_ici_10.0.wav,/Users/nfot413/dolphin_project/official_click_features/segments/click_train_02748_start_4564.740s_ici_10.0.wav
2749,2750,4565.592984,4565.676932,0.08394800000041869,4565.572983999999,4565.696932000001,0.1239480000012918,5.0,click_train_02749_start_4565.593s_ici_5.0.wav,/Users/nfot413/dolphin_project/official_click_features/segments/click_train_02749_start_4565.593s_ici_5.0.wav
2750,2751,4565.676932,4565.804859,0.12792699999954493,4565.656932,4565.824859,0.16792700000041805,30.0,click_train_02750_start_4565.677s_ici_30.0.wav,/Users/nfot413/dolphin_project/official_click_features/segments/click_train_02750_start_4565.677s_ici_30.0.wav
2751,2752,4565.804859,4570.916875,5.11201600000004,4565.784858999999,4570.936875,5.152016000000913,5.0,click_train_02751_start_4565.805s_ici_5.0.wav,/Users/nfot413/dolphin_project/official_click_features/segments/click_train_02751_start_4565.805s_ici_5.0.wav
2752,2753,4570.916875,4571.928411,1.0115359999999782,4570.896874999999,4571.948411,1.0515360000008513,5.0,click_train_02752_start_4570.917s_ici_5.0.wav,/Users/nfot413/dolphin_project/official_click_features/segments/click_train_02752_start_4570.917s_ici_5.0.wav
2753,2754,4571.928411,4572.315323,0.3869119999999384,4571.908410999999,4572.335323,0.42691200000081153,25.0,click_train_02753_start_4571.928s_ici_25.0.wav,/Users/nfot413/dolphin_project/official_click_features/segments/click_train_02753_start_4571.928s_ici_25.0.wav
2754,2755,4572.888,4573.286875,0.39887499999986176,4572.8679999999995,4573.306875,0.43887500000073487,30.0,click_train_02754_start_4572.888s_ici_30.0.wav,/Users/nfot413/dolphin_project/official_click_features/segments/click_train_02754_start_4572.888s_ici_30.0.wav
2755,2756,4573.629297,4575.425521,1.796223999999711,4573.609297,4575.445521000001,1.836224000000584,5.0,click_train_02755_start_4573.629s_ici_5.0.wav,/Users/nfot413/dolphin_project/official_click_features/segments/click_train_02755_start_4573.629s_ici_5.0.wav
2756,2757,4575.425521,4575.625448,0.19992699999966135,4575.405521,4575.645448,0.23992700000053446,40.0,click_train_02756_start_4575.426s_ici_40.0.wav,/Users/nfot413/dolphin_project/official_click_features/segments/click_train_02756_start_4575.426s_ici_40.0.wav
2757,2758,4575.625448,4575.715286,0.08983799999987241,4575.605447999999,4575.735286,0.12983800000074552,10.0,click_train_02757_start_4575.625s_ici_10.0.wav,/Users/nfot413/dolphin_project/official_click_features/segments/click_train_02757_start_4575.625s_ici_10.0.wav
2758,2759,4575.715286,4576.139245,0.4239590000006501,4575.695285999999,4576.159245000001,0.46395900000152324,45.0,click_train_02758_start_4575.715s_ici_45.0.wav,/Users/nfot413/dolphin_project/official_click_features/segments/click_train_02758_start_4575.715s_ici_45.0.wav
2759,2760,4576.470562,4576.843536,0.37297399999988556,4576.450562,4576.863536000001,0.4129740000007587,40.0,click_train_02759_start_4576.471s_ici_40.0.wav,/Users/nfot413/dolphin_project/official_click_features/segments/click_train_02759_start_4576.471s_ici_40.0.wav
2760,2761,4576.843536,4576.922734,0.07919799999945099,4576.823536,4576.942734,0.1191980000003241,10.0,click_train_02760_start_4576.844s_ici_10.0.wav,/Users/nfot413/dolphin_project/official_click_features/segments/click_train_02760_start_4576.844s_ici_10.0.wav
2761,2762,4576.922734,4577.186073,0.26333900000008725,4576.902733999999,4577.206073,0.30333900000096037,45.0,click_train_02761_start_4576.923s_ici_45.0.wav,/Users/nfot413/dolphin_project/official_click_features/segments/click_train_02761_start_4576.923s_ici_45.0.wav
2762,2763,4577.392656,4580.660135,3.267479000000094,4577.372656,4580.6801350000005,3.307479000000967,5.0,click_train_02762_start_4577.393s_ici_5.0.wav,/Users/nfot413/dolphin_project/official_click_features/segments/click_train_02762_start_4577.393s_ici_5.0.wav
2763,2764,4580.660135,4580.932083,0.27194799999961106,4580.640135,4580.952083,0.31194800000048417,10.0,click_train_02763_start_4580.660s_ici_10.0.wav,/Users/nfot413/dolphin_project/official_click_features/segments/click_train_02763_start_4580.660s_ici_10.0.wav
2764,2765,4580.932083,4581.47751,0.5454270000000179,4580.912082999999,4581.49751,0.585427000000891,20.0,click_train_02764_start_4580.932s_ici_20.0.wav,/Users/nfot413/dolphin_project/official_click_features/segments/click_train_02764_start_4580.932s_ici_20.0.wav
2765,2766,4581.47751,4582.458974,0.9814640000004147,4581.457509999999,4582.478974000001,1.0214640000012878,20.0,click_train_02765_start_4581.478s_ici_20.0.wav,/Users/nfot413/dolphin_project/official_click_features/segments/click_train_02765_start_4581.478s_ici_20.0.wav
2766,2767,4582.458974,4582.499448,0.040473999999449006,4582.438974,4582.519448,0.08047400000032212,5.0,click_train_02766_start_4582.459s_ici_5.0.wav,/Users/nfot413/dolphin_project/official_click_features/segments/click_train_02766_start_4582.459s_ici_5.0.wav
2767,2768,4582.499448,4582.726943,0.22749500000008993,4582.479447999999,4582.746943,0.26749500000096305,35.0,click_train_02767_start_4582.499s_ici_35.0.wav,/Users/nfot413/dolphin_project/official_click_features/segments/click_train_02767_start_4582.499s_ici_35.0.wav
2768,2769,4582.756198,4583.277193,0.5209949999998571,4582.736198,4583.297193,0.5609950000007302,30.0,click_train_02768_start_4582.756s_ici_30.0.wav,/Users/nfot413/dolphin_project/official_click_features/segments/click_train_02768_start_4582.756s_ici_30.0.wav
2769,2770,4583.308266,4583.995292,0.6870259999996051,4583.288266,4584.015292,0.7270260000004782,5.0,click_train_02769_start_4583.308s_ici_5.0.wav,/Users/nfot413/dolphin_project/official_click_features/segments/click_train_02769_start_4583.308s_ici_5.0.wav
2770,2771,4583.995292,4585.443318,1.4480260000000271,4583.975291999999,4585.463318,1.4880260000009002,5.0,click_train_02770_start_4583.995s_ici_5.0.wav,/Users/nfot413/dolphin_project/official_click_features/segments/click_train_02770_start_4583.995s_ici_5.0.wav
2771,2772,4585.443318,4585.795526,0.3522080000002461,4585.423317999999,4585.815526,0.3922080000011192,10.0,click_train_02771_start_4585.443s_ici_10.0.wav,/Users/nfot413/dolphin_project/official_click_features/segments/click_train_02771_start_4585.443s_ici_10.0.wav
2772,2773,4585.795526,4586.010583,0.21505700000034267,4585.775525999999,4586.030583000001,0.2550570000012158,25.0,click_train_02772_start_4585.796s_ici_25.0.wav,/Users/nfot413/dolphin_project/official_click_features/segments/click_train_02772_start_4585.796s_ici_25.0.wav
2773,2774,4586.010583,4586.040307,0.029723999999987427,4585.990583,4586.060307000001,0.06972400000086054,5.0,click_train_02773_start_4586.011s_ici_5.0.wav,/Users/nfot413/dolphin_project/official_click_features/segments/click_train_02773_start_4586.011s_ici_5.0.wav
2774,2775,4586.06188,4586.092448,0.03056800000013027,4586.04188,4586.112448000001,0.07056800000100338,5.0,click_train_02774_start_4586.062s_ici_5.0.wav,/Users/nfot413/dolphin_project/official_click_features/segments/click_train_02774_start_4586.062s_ici_5.0.wav
2775,2776,4586.092448,4586.274172,0.18172400000003108,4586.072448,4586.294172000001,0.2217240000009042,35.0,click_train_02775_start_4586.092s_ici_35.0.wav,/Users/nfot413/dolphin_project/official_click_features/segments/click_train_02775_start_4586.092s_ici_35.0.wav
2776,2777,4586.274172,4586.315385,0.04121299999951589,4586.254172,4586.335385,0.081213000000389,5.0,click_train_02776_start_4586.274s_ici_5.0.wav,/Users/nfot413/dolphin_project/official_click_features/segments/click_train_02776_start_4586.274s_ici_5.0.wav
2777,2778,4586.315385,4588.67101,2.3556250000001455,4586.295384999999,4588.6910100000005,2.3956250000010186,5.0,click_train_02777_start_4586.315s_ici_5.0.wav,/Users/nfot413/dolphin_project/official_click_features/segments/click_train_02777_start_4586.315s_ici_5.0.wav
2778,2779,4588.78775,4588.84275,0.054999999999381544,4588.76775,4588.86275,0.09500000000025466,5.0,click_train_02778_start_4588.788s_ici_5.0.wav,/Users/nfot413/dolphin_project/official_click_features/segments/click_train_02778_start_4588.788s_ici_5.0.wav
2779,2780,4588.84275,4588.978031,0.13528099999984988,4588.822749999999,4588.998031,0.175281000000723,5.0,click_train_02779_start_4588.843s_ici_5.0.wav,/Users/nfot413/dolphin_project/official_click_features/segments/click_train_02779_start_4588.843s_ici_5.0.wav
2780,2781,4588.978031,4589.804036,0.826005000000805,4588.958030999999,4589.824036000001,0.8660050000016781,5.0,click_train_02780_start_4588.978s_ici_5.0.wav,/Users/nfot413/dolphin_project/official_click_features/segments/click_train_02780_start_4588.978s_ici_5.0.wav
2781,2782,4589.804036,4590.474781,0.6707449999994424,4589.784036,4590.494781,0.7107450000003155,5.0,click_train_02781_start_4589.804s_ici_5.0.wav,/Users/nfot413/dolphin_project/official_click_features/segments/click_train_02781_start_4589.804s_ici_5.0.wav
2782,2783,4590.474781,4596.363583,5.888802000000396,4590.4547809999995,4596.383583000001,5.928802000001269,10.0,click_train_02782_start_4590.475s_ici_10.0.wav,/Users/nfot413/dolphin_project/official_click_features/segments/click_train_02782_start_4590.475s_ici_10.0.wav
2783,2784,4596.44376,4596.834562,0.3908019999998942,4596.42376,4596.854562,0.4308020000007673,5.0,click_train_02783_start_4596.444s_ici_5.0.wav,/Users/nfot413/dolphin_project/official_click_features/segments/click_train_02783_start_4596.444s_ici_5.0.wav
2784,2785,4597.277885,4604.160073,6.882187999999587,4597.257885,4604.180073,6.92218800000046,10.0,click_train_02784_start_4597.278s_ici_10.0.wav,/Users/nfot413/dolphin_project/official_click_features/segments/click_train_02784_start_4597.278s_ici_10.0.wav
2785,2786,4604.420115,4604.9275,0.5073849999998856,4604.4001149999995,4604.9475,0.5473850000007587,45.0,click_train_02785_start_4604.420s_ici_45.0.wav,/Users/nfot413/dolphin_project/official_click_features/segments/click_train_02785_start_4604.420s_ici_45.0.wav
2786,2787,4604.9275,4605.743146,0.8156460000000152,4604.907499999999,4605.763146,0.8556460000008883,15.0,click_train_02786_start_4604.927s_ici_15.0.wav,/Users/nfot413/dolphin_project/official_click_features/segments/click_train_02786_start_4604.927s_ici_15.0.wav
2787,2788,4605.834484,4606.296312,0.46182800000042334,4605.8144839999995,4606.316312000001,0.5018280000012965,30.0,click_train_02787_start_4605.834s_ici_30.0.wav,/Users/nfot413/dolphin_project/official_click_features/segments/click_train_02787_start_4605.834s_ici_30.0.wav
2788,2789,4606.76713,4606.806047,0.03891699999985576,4606.74713,4606.8260470000005,0.07891700000072888,5.0,click_train_02788_start_4606.767s_ici_5.0.wav,/Users/nfot413/dolphin_project/official_click_features/segments/click_train_02788_start_4606.767s_ici_5.0.wav
2789,2790,4606.806047,4606.99363,0.18758299999990413,4606.786047,4607.01363,0.22758300000077725,25.0,click_train_02789_start_4606.806s_ici_25.0.wav,/Users/nfot413/dolphin_project/official_click_features/segments/click_train_02789_start_4606.806s_ici_25.0.wav
2790,2791,4607.18812,4608.299172,1.1110520000001998,4607.168119999999,4608.319172,1.1510520000010729,45.0,click_train_02790_start_4607.188s_ici_45.0.wav,/Users/nfot413/dolphin_project/official_click_features/segments/click_train_02790_start_4607.188s_ici_45.0.wav
2791,2792,4608.299172,4608.62162,0.3224479999998948,4608.279172,4608.64162,0.36244800000076793,10.0,click_train_02791_start_4608.299s_ici_10.0.wav,/Users/nfot413/dolphin_project/official_click_features/segments/click_train_02791_start_4608.299s_ici_10.0.wav
2792,2793,4608.720245,4608.756625,0.03637999999955355,4608.700245,4608.776625,0.07638000000042666,5.0,click_train_02792_start_4608.720s_ici_5.0.wav,/Users/nfot413/dolphin_project/official_click_features/segments/click_train_02792_start_4608.720s_ici_5.0.wav
2793,2794,4608.756625,4609.174458,0.417833000000428,4608.736625,4609.194458000001,0.4578330000013011,30.0,click_train_02793_start_4608.757s_ici_30.0.wav,/Users/nfot413/dolphin_project/official_click_features/segments/click_train_02793_start_4608.757s_ici_30.0.wav
2794,2795,4609.174458,4609.206339,0.03188099999988481,4609.154458,4609.226339000001,0.07188100000075792,5.0,click_train_02794_start_4609.174s_ici_5.0.wav,/Users/nfot413/dolphin_project/official_click_features/segments/click_train_02794_start_4609.174s_ici_5.0.wav
2795,2796,4609.206339,4609.327714,0.12137499999971624,4609.186339,4609.347714,0.16137500000058935,25.0,click_train_02795_start_4609.206s_ici_25.0.wav,/Users/nfot413/dolphin_project/official_click_features/segments/click_train_02795_start_4609.206s_ici_25.0.wav
2796,2797,4609.327714,4609.386542,0.05882800000017596,4609.307714,4609.406542000001,0.09882800000104908,10.0,click_train_02796_start_4609.328s_ici_10.0.wav,/Users/nfot413/dolphin_project/official_click_features/segments/click_train_02796_start_4609.328s_ici_10.0.wav
2797,2798,4609.386542,4609.559344,0.17280200000004697,4609.366542,4609.579344000001,0.2128020000009201,10.0,click_train_02797_start_4609.387s_ici_10.0.wav,/Users/nfot413/dolphin_project/official_click_features/segments/click_train_02797_start_4609.387s_ici_10.0.wav
2798,2799,4609.559344,4610.708922,1.1495779999995648,4609.539344,4610.728922,1.189578000000438,30.0,click_train_02798_start_4609.559s_ici_30.0.wav,/Users/nfot413/dolphin_project/official_click_features/segments/click_train_02798_start_4609.559s_ici_30.0.wav
2799,2800,4610.730979,4610.839906,0.1089270000002216,4610.7109789999995,4610.859906000001,0.1489270000010947,10.0,click_train_02799_start_4610.731s_ici_10.0.wav,/Users/nfot413/dolphin_project/official_click_features/segments/click_train_02799_start_4610.731s_ici_10.0.wav
2800,2801,4610.839906,4611.036229,0.19632300000012037,4610.819906,4611.056229000001,0.2363230000009935,35.0,click_train_02800_start_4610.840s_ici_35.0.wav,/Users/nfot413/dolphin_project/official_click_features/segments/click_train_02800_start_4610.840s_ici_35.0.wav
2801,2802,4611.036229,4611.626542,0.5903129999996963,4611.016229,4611.646542,0.6303130000005694,5.0,click_train_02801_start_4611.036s_ici_5.0.wav,/Users/nfot413/dolphin_project/official_click_features/segments/click_train_02801_start_4611.036s_ici_5.0.wav
2802,2803,4611.676542,4611.985953,0.30941100000018196,4611.656542,4612.005953000001,0.34941100000105507,25.0,click_train_02802_start_4611.677s_ici_25.0.wav,/Users/nfot413/dolphin_project/official_click_features/segments/click_train_02802_start_4611.677s_ici_25.0.wav
2803,2804,4612.16887,4612.459375,0.2905049999999392,4612.14887,4612.479375000001,0.3305050000008123,25.0,click_train_02803_start_4612.169s_ici_25.0.wav,/Users/nfot413/dolphin_project/official_click_features/segments/click_train_02803_start_4612.169s_ici_25.0.wav
2804,2805,4612.532745,4612.610167,0.07742199999938748,4612.512745,4612.630167,0.1174220000002606,10.0,click_train_02804_start_4612.533s_ici_10.0.wav,/Users/nfot413/dolphin_project/official_click_features/segments/click_train_02804_start_4612.533s_ici_10.0.wav
2805,2806,4612.747318,4613.096448,0.349130000000514,4612.727317999999,4613.116448000001,0.3891300000013871,10.0,click_train_02805_start_4612.747s_ici_10.0.wav,/Users/nfot413/dolphin_project/official_click_features/segments/click_train_02805_start_4612.747s_ici_10.0.wav
2806,2807,4613.193141,4613.351286,0.1581450000003315,4613.173140999999,4613.3712860000005,0.1981450000012046,20.0,click_train_02806_start_4613.193s_ici_20.0.wav,/Users/nfot413/dolphin_project/official_click_features/segments/click_train_02806_start_4613.193s_ici_20.0.wav
2807,2808,4613.351286,4613.411234,0.05994800000007672,4613.331286,4613.431234000001,0.09994800000094983,10.0,click_train_02807_start_4613.351s_ici_10.0.wav,/Users/nfot413/dolphin_project/official_click_features/segments/click_train_02807_start_4613.351s_ici_10.0.wav
2808,2809,4613.430948,4613.999344,0.568395999999666,4613.410948,4614.019344,0.6083960000005391,10.0,click_train_02808_start_4613.431s_ici_10.0.wav,/Users/nfot413/dolphin_project/official_click_features/segments/click_train_02808_start_4613.431s_ici_10.0.wav
2809,2810,4613.999344,4614.885286,0.8859419999998863,4613.979343999999,4614.905286,0.9259420000007594,10.0,click_train_02809_start_4613.999s_ici_10.0.wav,/Users/nfot413/dolphin_project/official_click_features/segments/click_train_02809_start_4613.999s_ici_10.0.wav
2810,2811,4614.885286,4615.085328,0.20004200000039418,4614.865285999999,4615.105328000001,0.2400420000012673,25.0,click_train_02810_start_4614.885s_ici_25.0.wav,/Users/nfot413/dolphin_project/official_click_features/segments/click_train_02810_start_4614.885s_ici_25.0.wav
2811,2812,4615.085328,4615.681094,0.5957659999994576,4615.065328,4615.701094,0.6357660000003307,10.0,click_train_02811_start_4615.085s_ici_10.0.wav,/Users/nfot413/dolphin_project/official_click_features/segments/click_train_02811_start_4615.085s_ici_10.0.wav
2812,2813,4615.681094,4615.833484,0.15239000000019587,4615.661093999999,4615.853484,0.19239000000106898,25.0,click_train_02812_start_4615.681s_ici_25.0.wav,/Users/nfot413/dolphin_project/official_click_features/segments/click_train_02812_start_4615.681s_ici_25.0.wav
2813,2814,4615.833484,4615.904651,0.07116700000005949,4615.813483999999,4615.924651,0.1111670000009326,5.0,click_train_02813_start_4615.833s_ici_5.0.wav,/Users/nfot413/dolphin_project/official_click_features/segments/click_train_02813_start_4615.833s_ici_5.0.wav
2814,2815,4615.904651,4615.98525,0.08059899999989284,4615.884650999999,4616.00525,0.12059900000076595,10.0,click_train_02814_start_4615.905s_ici_10.0.wav,/Users/nfot413/dolphin_project/official_click_features/segments/click_train_02814_start_4615.905s_ici_10.0.wav
2815,2816,4616.112995,4616.282667,0.16967199999999139,4616.092995,4616.302667000001,0.2096720000008645,5.0,click_train_02815_start_4616.113s_ici_5.0.wav,/Users/nfot413/dolphin_project/official_click_features/segments/click_train_02815_start_4616.113s_ici_5.0.wav
2816,2817,4616.282667,4616.346885,0.06421799999952782,4616.262667,4616.366885,0.10421800000040093,10.0,click_train_02816_start_4616.283s_ici_10.0.wav,/Users/nfot413/dolphin_project/official_click_features/segments/click_train_02816_start_4616.283s_ici_10.0.wav
2817,2818,4616.395745,4616.495589,0.09984400000030291,4616.375744999999,4616.515589000001,0.13984400000117603,10.0,click_train_02817_start_4616.396s_ici_10.0.wav,/Users/nfot413/dolphin_project/official_click_features/segments/click_train_02817_start_4616.396s_ici_10.0.wav
2818,2819,4616.57312,4616.605583,0.03246299999955227,4616.55312,4616.625583,0.07246300000042538,5.0,click_train_02818_start_4616.573s_ici_5.0.wav,/Users/nfot413/dolphin_project/official_click_features/segments/click_train_02818_start_4616.573s_ici_5.0.wav
2819,2820,4616.605583,4617.001594,0.3960110000007262,4616.585582999999,4617.021594000001,0.4360110000015993,25.0,click_train_02819_start_4616.606s_ici_25.0.wav,/Users/nfot413/dolphin_project/official_click_features/segments/click_train_02819_start_4616.606s_ici_25.0.wav
2820,2821,4617.029745,4617.272776,0.24303099999997357,4617.009744999999,4617.292776,0.2830310000008467,35.0,click_train_02820_start_4617.030s_ici_35.0.wav,/Users/nfot413/dolphin_project/official_click_features/segments/click_train_02820_start_4617.030s_ici_35.0.wav
2821,2822,4617.272776,4617.43349,0.16071400000055291,4617.252775999999,4617.453490000001,0.20071400000142603,10.0,click_train_02821_start_4617.273s_ici_10.0.wav,/Users/nfot413/dolphin_project/official_click_features/segments/click_train_02821_start_4617.273s_ici_10.0.wav
2822,2823,4617.43349,4617.852875,0.41938499999923806,4617.41349,4617.872875,0.4593850000001112,30.0,click_train_02822_start_4617.433s_ici_30.0.wav,/Users/nfot413/dolphin_project/official_click_features/segments/click_train_02822_start_4617.433s_ici_30.0.wav
2823,2824,4617.993078,4618.154547,0.1614689999996699,4617.973078,4618.1745470000005,0.20146900000054302,10.0,click_train_02823_start_4617.993s_ici_10.0.wav,/Users/nfot413/dolphin_project/official_click_features/segments/click_train_02823_start_4617.993s_ici_10.0.wav
2824,2825,4618.287672,4618.693891,0.40621899999950983,4618.267672,4618.713891,0.44621900000038295,25.0,click_train_02824_start_4618.288s_ici_25.0.wav,/Users/nfot413/dolphin_project/official_click_features/segments/click_train_02824_start_4618.288s_ici_25.0.wav
2825,2826,4618.693891,4618.852724,0.15883300000041345,4618.6738909999995,4618.872724000001,0.19883300000128656,10.0,click_train_02825_start_4618.694s_ici_10.0.wav,/Users/nfot413/dolphin_project/official_click_features/segments/click_train_02825_start_4618.694s_ici_10.0.wav
2826,2827,4618.852724,4619.230651,0.37792699999954493,4618.832724,4619.250651,0.41792700000041805,25.0,click_train_02826_start_4618.853s_ici_25.0.wav,/Users/nfot413/dolphin_project/official_click_features/segments/click_train_02826_start_4618.853s_ici_25.0.wav
2827,2828,4619.230651,4619.296031,0.06538000000000466,4619.210650999999,4619.316031,0.10538000000087777,10.0,click_train_02827_start_4619.231s_ici_10.0.wav,/Users/nfot413/dolphin_project/official_click_features/segments/click_train_02827_start_4619.231s_ici_10.0.wav
2828,2829,4619.296031,4619.427755,0.13172399999984918,4619.276030999999,4619.447755,0.1717240000007223,10.0,click_train_02828_start_4619.296s_ici_10.0.wav,/Users/nfot413/dolphin_project/official_click_features/segments/click_train_02828_start_4619.296s_ici_10.0.wav
2829,2830,4619.427755,4619.553,0.12524500000017724,4619.407754999999,4619.573,0.16524500000105036,30.0,click_train_02829_start_4619.428s_ici_30.0.wav,/Users/nfot413/dolphin_project/official_click_features/segments/click_train_02829_start_4619.428s_ici_30.0.wav
2830,2831,4619.553,4619.616135,0.06313500000032946,4619.532999999999,4619.636135000001,0.10313500000120257,10.0,click_train_02830_start_4619.553s_ici_10.0.wav,/Users/nfot413/dolphin_project/official_click_features/segments/click_train_02830_start_4619.553s_ici_10.0.wav
2831,2832,4620.000068,4620.382437,0.382368999999926,4619.980068,4620.402437000001,0.42236900000079913,10.0,click_train_02831_start_4620.000s_ici_10.0.wav,/Users/nfot413/dolphin_project/official_click_features/segments/click_train_02831_start_4620.000s_ici_10.0.wav
2832,2833,4620.382437,4620.490635,0.1081979999999021,4620.362437,4620.510635000001,0.1481980000007752,25.0,click_train_02832_start_4620.382s_ici_25.0.wav,/Users/nfot413/dolphin_project/official_click_features/segments/click_train_02832_start_4620.382s_ici_25.0.wav
2833,2834,4620.608156,4620.657062,0.048905999999988126,4620.588156,4620.677062000001,0.08890600000086124,5.0,click_train_02833_start_4620.608s_ici_5.0.wav,/Users/nfot413/dolphin_project/official_click_features/segments/click_train_02833_start_4620.608s_ici_5.0.wav
2834,2835,4620.70388,4620.75763,0.05375000000003638,4620.68388,4620.7776300000005,0.0937500000009095,10.0,click_train_02834_start_4620.704s_ici_10.0.wav,/Users/nfot413/dolphin_project/official_click_features/segments/click_train_02834_start_4620.704s_ici_10.0.wav
2835,2836,4620.75763,4621.246677,0.48904700000002777,4620.73763,4621.2666770000005,0.5290470000009009,30.0,click_train_02835_start_4620.758s_ici_30.0.wav,/Users/nfot413/dolphin_project/official_click_features/segments/click_train_02835_start_4620.758s_ici_30.0.wav
2836,2837,4621.246677,4622.22188,0.975202999999965,4621.226677,4622.2418800000005,1.015203000000838,5.0,click_train_02836_start_4621.247s_ici_5.0.wav,/Users/nfot413/dolphin_project/official_click_features/segments/click_train_02836_start_4621.247s_ici_5.0.wav
2837,2838,4622.22188,4622.291927,0.07004700000015873,4622.20188,4622.311927000001,0.11004700000103185,10.0,click_train_02837_start_4622.222s_ici_10.0.wav,/Users/nfot413/dolphin_project/official_click_features/segments/click_train_02837_start_4622.222s_ici_10.0.wav
2838,2839,4622.336573,4622.774661,0.4380880000007892,4622.316572999999,4622.794661000001,0.4780880000016623,25.0,click_train_02838_start_4622.337s_ici_25.0.wav,/Users/nfot413/dolphin_project/official_click_features/segments/click_train_02838_start_4622.337s_ici_25.0.wav
2839,2840,4622.844156,4623.053349,0.20919299999968644,4622.824156,4623.073349,0.24919300000055955,35.0,click_train_02839_start_4622.844s_ici_35.0.wav,/Users/nfot413/dolphin_project/official_click_features/segments/click_train_02839_start_4622.844s_ici_35.0.wav
2840,2841,4623.053349,4623.133453,0.08010400000057416,4623.033348999999,4623.153453000001,0.12010400000144728,10.0,click_train_02840_start_4623.053s_ici_10.0.wav,/Users/nfot413/dolphin_project/official_click_features/segments/click_train_02840_start_4623.053s_ici_10.0.wav
2841,2842,4623.338781,4623.835266,0.4964849999996659,4623.318781,4623.8552660000005,0.536485000000539,50.0,click_train_02841_start_4623.339s_ici_50.0.wav,/Users/nfot413/dolphin_project/official_click_features/segments/click_train_02841_start_4623.339s_ici_50.0.wav
2842,2843,4623.875682,4624.378693,0.5030109999997876,4623.855681999999,4624.398693,0.5430110000006607,30.0,click_train_02842_start_4623.876s_ici_30.0.wav,/Users/nfot413/dolphin_project/official_click_features/segments/click_train_02842_start_4623.876s_ici_30.0.wav
2843,2844,4624.378693,4624.757734,0.37904100000014296,4624.358692999999,4624.777734,0.4190410000010161,10.0,click_train_02843_start_4624.379s_ici_10.0.wav,/Users/nfot413/dolphin_project/official_click_features/segments/click_train_02843_start_4624.379s_ici_10.0.wav
2844,2845,4624.757734,4625.29274,0.5350060000000667,4624.737733999999,4625.31274,0.5750060000009398,30.0,click_train_02844_start_4624.758s_ici_30.0.wav,/Users/nfot413/dolphin_project/official_click_features/segments/click_train_02844_start_4624.758s_ici_30.0.wav
2845,2846,4625.330417,4625.548484,0.21806699999979173,4625.310417,4625.568484,0.25806700000066485,35.0,click_train_02845_start_4625.330s_ici_35.0.wav,/Users/nfot413/dolphin_project/official_click_features/segments/click_train_02845_start_4625.330s_ici_35.0.wav
2846,2847,4625.577755,4626.531849,0.9540939999997136,4625.557755,4626.551849,0.9940940000005867,40.0,click_train_02846_start_4625.578s_ici_40.0.wav,/Users/nfot413/dolphin_project/official_click_features/segments/click_train_02846_start_4625.578s_ici_40.0.wav
2847,2848,4626.650406,4626.707031,0.05662500000016735,4626.630405999999,4626.727031,0.09662500000104046,10.0,click_train_02847_start_4626.650s_ici_10.0.wav,/Users/nfot413/dolphin_project/official_click_features/segments/click_train_02847_start_4626.650s_ici_10.0.wav
2848,2849,4626.707031,4626.886745,0.17971399999987625,4626.6870309999995,4626.906745,0.21971400000074937,25.0,click_train_02848_start_4626.707s_ici_25.0.wav,/Users/nfot413/dolphin_project/official_click_features/segments/click_train_02848_start_4626.707s_ici_25.0.wav
2849,2850,4626.928953,4627.107417,0.1784640000005311,4626.908952999999,4627.127417000001,0.2184640000014042,30.0,click_train_02849_start_4626.929s_ici_30.0.wav,/Users/nfot413/dolphin_project/official_click_features/segments/click_train_02849_start_4626.929s_ici_30.0.wav
2850,2851,4627.107417,4627.152828,0.045411000000058266,4627.087417,4627.172828000001,0.08541100000093138,5.0,click_train_02850_start_4627.107s_ici_5.0.wav,/Users/nfot413/dolphin_project/official_click_features/segments/click_train_02850_start_4627.107s_ici_5.0.wav
2851,2852,4627.175495,4627.239594,0.06409899999925983,4627.155495,4627.259594,0.10409900000013295,10.0,click_train_02851_start_4627.175s_ici_10.0.wav,/Users/nfot413/dolphin_project/official_click_features/segments/click_train_02851_start_4627.175s_ici_10.0.wav
2852,2853,4627.239594,4627.609146,0.36955200000011246,4627.219593999999,4627.629146,0.40955200000098557,35.0,click_train_02852_start_4627.240s_ici_35.0.wav,/Users/nfot413/dolphin_project/official_click_features/segments/click_train_02852_start_4627.240s_ici_35.0.wav
2853,2854,4627.644161,4627.992104,0.3479429999997592,4627.624161,4628.012104,0.3879430000006323,40.0,click_train_02853_start_4627.644s_ici_40.0.wav,/Users/nfot413/dolphin_project/official_click_features/segments/click_train_02853_start_4627.644s_ici_40.0.wav
2854,2855,4628.327635,4629.096974,0.7693390000004001,4628.307634999999,4629.1169740000005,0.8093390000012732,40.0,click_train_02854_start_4628.328s_ici_40.0.wav,/Users/nfot413/dolphin_project/official_click_features/segments/click_train_02854_start_4628.328s_ici_40.0.wav
2855,2856,4629.552807,4630.391203,0.8383960000001025,4629.532807,4630.411203000001,0.8783960000009756,40.0,click_train_02855_start_4629.553s_ici_40.0.wav,/Users/nfot413/dolphin_project/official_click_features/segments/click_train_02855_start_4629.553s_ici_40.0.wav
2856,2857,4630.391203,4631.170427,0.7792239999998856,4630.371203,4631.190427,0.8192240000007587,20.0,click_train_02856_start_4630.391s_ici_20.0.wav,/Users/nfot413/dolphin_project/official_click_features/segments/click_train_02856_start_4630.391s_ici_20.0.wav
2857,2858,4631.170427,4632.691661,1.5212339999998221,4631.150427,4632.711661,1.5612340000006952,5.0,click_train_02857_start_4631.170s_ici_5.0.wav,/Users/nfot413/dolphin_project/official_click_features/segments/click_train_02857_start_4631.170s_ici_5.0.wav
2858,2859,4633.004245,4634.461297,1.4570519999997487,4632.984245,4634.481297,1.4970520000006218,10.0,click_train_02858_start_4633.004s_ici_10.0.wav,/Users/nfot413/dolphin_project/official_click_features/segments/click_train_02858_start_4633.004s_ici_10.0.wav
2859,2860,4634.461297,4634.693229,0.23193200000059733,4634.441296999999,4634.713229000001,0.27193200000147044,15.0,click_train_02859_start_4634.461s_ici_15.0.wav,/Users/nfot413/dolphin_project/official_click_features/segments/click_train_02859_start_4634.461s_ici_15.0.wav
2860,2861,4634.693229,4635.223984,0.5307549999997718,4634.673229,4635.243984000001,0.5707550000006449,35.0,click_train_02860_start_4634.693s_ici_35.0.wav,/Users/nfot413/dolphin_project/official_click_features/segments/click_train_02860_start_4634.693s_ici_35.0.wav
2861,2862,4635.265979,4635.421938,0.15595900000062102,4635.245978999999,4635.441938000001,0.19595900000149413,30.0,click_train_02861_start_4635.266s_ici_30.0.wav,/Users/nfot413/dolphin_project/official_click_features/segments/click_train_02861_start_4635.266s_ici_30.0.wav
2862,2863,4635.927984,4636.314151,0.3861669999996593,4635.9079839999995,4636.334151,0.4261670000005324,40.0,click_train_02862_start_4635.928s_ici_40.0.wav,/Users/nfot413/dolphin_project/official_click_features/segments/click_train_02862_start_4635.928s_ici_40.0.wav
2863,2864,4636.314151,4636.394562,0.08041100000082224,4636.294150999999,4636.414562000001,0.12041100000169536,10.0,click_train_02863_start_4636.314s_ici_10.0.wav,/Users/nfot413/dolphin_project/official_click_features/segments/click_train_02863_start_4636.314s_ici_10.0.wav
2864,2865,4636.394562,4637.300932,0.906369999999697,4636.374562,4637.3209320000005,0.9463700000005701,40.0,click_train_02864_start_4636.395s_ici_40.0.wav,/Users/nfot413/dolphin_project/official_click_features/segments/click_train_02864_start_4636.395s_ici_40.0.wav
2865,2866,4637.679297,4638.861411,1.1821140000001833,4637.659296999999,4638.881411,1.2221140000010564,35.0,click_train_02865_start_4637.679s_ici_35.0.wav,/Users/nfot413/dolphin_project/official_click_features/segments/click_train_02865_start_4637.679s_ici_35.0.wav
2866,2867,4638.892859,4639.911047,1.0181880000000092,4638.872858999999,4639.931047,1.0581880000008823,5.0,click_train_02866_start_4638.893s_ici_5.0.wav,/Users/nfot413/dolphin_project/official_click_features/segments/click_train_02866_start_4638.893s_ici_5.0.wav
2867,2868,4640.419687,4640.596979,0.17729200000030687,4640.399686999999,4640.616979,0.21729200000117999,5.0,click_train_02867_start_4640.420s_ici_5.0.wav,/Users/nfot413/dolphin_project/official_click_features/segments/click_train_02867_start_4640.420s_ici_5.0.wav
2868,2869,4641.064964,4641.505198,0.44023399999969115,4641.044964,4641.525198,0.48023400000056427,35.0,click_train_02868_start_4641.065s_ici_35.0.wav,/Users/nfot413/dolphin_project/official_click_features/segments/click_train_02868_start_4641.065s_ici_35.0.wav
2869,2870,4641.505198,4645.614589,4.10939099999996,4641.485197999999,4645.634589,4.149391000000833,5.0,click_train_02869_start_4641.505s_ici_5.0.wav,/Users/nfot413/dolphin_project/official_click_features/segments/click_train_02869_start_4641.505s_ici_5.0.wav
2870,2871,4646.087682,4646.356198,0.26851600000009057,4646.067682,4646.376198000001,0.3085160000009637,40.0,click_train_02870_start_4646.088s_ici_40.0.wav,/Users/nfot413/dolphin_project/official_click_features/segments/click_train_02870_start_4646.088s_ici_40.0.wav
2871,2872,4646.356198,4646.411078,0.054879999999684514,4646.336198,4646.4310780000005,0.09488000000055763,10.0,click_train_02871_start_4646.356s_ici_10.0.wav,/Users/nfot413/dolphin_project/official_click_features/segments/click_train_02871_start_4646.356s_ici_10.0.wav
2872,2873,4646.50613,4646.582708,0.07657800000015413,4646.486129999999,4646.602708,0.11657800000102725,10.0,click_train_02872_start_4646.506s_ici_10.0.wav,/Users/nfot413/dolphin_project/official_click_features/segments/click_train_02872_start_4646.506s_ici_10.0.wav
2873,2874,4646.792943,4646.859109,0.06616599999961181,4646.772943,4646.879109,0.10616600000048493,10.0,click_train_02873_start_4646.793s_ici_10.0.wav,/Users/nfot413/dolphin_project/official_click_features/segments/click_train_02873_start_4646.793s_ici_10.0.wav
2874,2875,4646.859109,4647.456141,0.5970319999996718,4646.839109,4647.476141,0.6370320000005449,25.0,click_train_02874_start_4646.859s_ici_25.0.wav,/Users/nfot413/dolphin_project/official_click_features/segments/click_train_02874_start_4646.859s_ici_25.0.wav
2875,2876,4647.476797,4647.708063,0.2312659999997777,4647.456797,4647.7280630000005,0.2712660000006508,25.0,click_train_02875_start_4647.477s_ici_25.0.wav,/Users/nfot413/dolphin_project/official_click_features/segments/click_train_02875_start_4647.477s_ici_25.0.wav
2876,2877,4647.708063,4647.80663,0.09856700000000274,4647.688063,4647.8266300000005,0.13856700000087585,10.0,click_train_02876_start_4647.708s_ici_10.0.wav,/Users/nfot413/dolphin_project/official_click_features/segments/click_train_02876_start_4647.708s_ici_10.0.wav
2877,2878,4647.80663,4648.260448,0.45381799999995565,4647.78663,4648.280448,0.49381800000082876,40.0,click_train_02877_start_4647.807s_ici_40.0.wav,/Users/nfot413/dolphin_project/official_click_features/segments/click_train_02877_start_4647.807s_ici_40.0.wav
2878,2879,4648.296427,4649.076672,0.7802449999999226,4648.276427,4649.096672000001,0.8202450000007957,45.0,click_train_02878_start_4648.296s_ici_45.0.wav,/Users/nfot413/dolphin_project/official_click_features/segments/click_train_02878_start_4648.296s_ici_45.0.wav
2879,2880,4649.111135,4649.685417,0.5742819999995845,4649.091135,4649.705417,0.6142820000004576,45.0,click_train_02879_start_4649.111s_ici_45.0.wav,/Users/nfot413/dolphin_project/official_click_features/segments/click_train_02879_start_4649.111s_ici_45.0.wav
2880,2881,4649.719573,4650.487359,0.7677859999994325,4649.699573,4650.507359,0.8077860000003056,30.0,click_train_02880_start_4649.720s_ici_30.0.wav,/Users/nfot413/dolphin_project/official_click_features/segments/click_train_02880_start_4649.720s_ici_30.0.wav
2881,2882,4650.487359,4651.507177,1.0198180000006687,4650.467358999999,4651.527177000001,1.0598180000015418,45.0,click_train_02881_start_4650.487s_ici_45.0.wav,/Users/nfot413/dolphin_project/official_click_features/segments/click_train_02881_start_4650.487s_ici_45.0.wav
2882,2883,4651.507177,4653.46162,1.9544429999996282,4651.487177,4653.4816200000005,1.9944430000005013,5.0,click_train_02882_start_4651.507s_ici_5.0.wav,/Users/nfot413/dolphin_project/official_click_features/segments/click_train_02882_start_4651.507s_ici_5.0.wav
2883,2884,4653.46162,4653.572839,0.11121900000034657,4653.44162,4653.592839000001,0.15121900000121968,20.0,click_train_02883_start_4653.462s_ici_20.0.wav,/Users/nfot413/dolphin_project/official_click_features/segments/click_train_02883_start_4653.462s_ici_20.0.wav
2884,2885,4653.572839,4653.837443,0.264603999999963,4653.552839,4653.857443000001,0.3046040000008361,10.0,click_train_02884_start_4653.573s_ici_10.0.wav,/Users/nfot413/dolphin_project/official_click_features/segments/click_train_02884_start_4653.573s_ici_10.0.wav
2885,2886,4653.837443,4654.589599,0.7521559999995588,4653.817443,4654.609599,0.792156000000432,15.0,click_train_02885_start_4653.837s_ici_15.0.wav,/Users/nfot413/dolphin_project/official_click_features/segments/click_train_02885_start_4653.837s_ici_15.0.wav
2886,2887,4654.735781,4655.254583,0.5188019999995959,4654.715781,4655.274583,0.558802000000469,40.0,click_train_02886_start_4654.736s_ici_40.0.wav,/Users/nfot413/dolphin_project/official_click_features/segments/click_train_02886_start_4654.736s_ici_40.0.wav
2887,2888,4655.288526,4655.476583,0.18805699999938952,4655.268526,4655.496583,0.22805700000026263,25.0,click_train_02887_start_4655.289s_ici_25.0.wav,/Users/nfot413/dolphin_project/official_click_features/segments/click_train_02887_start_4655.289s_ici_25.0.wav
2888,2889,4655.476583,4655.570385,0.09380200000032346,4655.456582999999,4655.590385,0.13380200000119657,10.0,click_train_02888_start_4655.477s_ici_10.0.wav,/Users/nfot413/dolphin_project/official_click_features/segments/click_train_02888_start_4655.477s_ici_10.0.wav
2889,2890,4655.61651,4656.42488,0.8083699999997407,4655.596509999999,4656.44488,0.8483700000006138,35.0,click_train_02889_start_4655.617s_ici_35.0.wav,/Users/nfot413/dolphin_project/official_click_features/segments/click_train_02889_start_4655.617s_ici_35.0.wav
2890,2891,4656.42488,4656.626115,0.2012350000004517,4656.404879999999,4656.6461150000005,0.2412350000013248,10.0,click_train_02890_start_4656.425s_ici_10.0.wav,/Users/nfot413/dolphin_project/official_click_features/segments/click_train_02890_start_4656.425s_ici_10.0.wav
2891,2892,4656.626115,4656.755771,0.12965600000006816,4656.606115,4656.7757710000005,0.16965600000094128,30.0,click_train_02891_start_4656.626s_ici_30.0.wav,/Users/nfot413/dolphin_project/official_click_features/segments/click_train_02891_start_4656.626s_ici_30.0.wav
2892,2893,4656.784974,4659.016276,2.2313020000001416,4656.764974,4659.036276000001,2.2713020000010147,30.0,click_train_02892_start_4656.785s_ici_30.0.wav,/Users/nfot413/dolphin_project/official_click_features/segments/click_train_02892_start_4656.785s_ici_30.0.wav
2893,2894,4659.05612,4659.33487,0.2787499999994907,4659.03612,4659.35487,0.3187500000003638,30.0,click_train_02893_start_4659.056s_ici_30.0.wav,/Users/nfot413/dolphin_project/official_click_features/segments/click_train_02893_start_4659.056s_ici_30.0.wav
2894,2895,4659.750573,4659.85862,0.1080469999997149,4659.730573,4659.87862,0.148047000000588,15.0,click_train_02894_start_4659.751s_ici_15.0.wav,/Users/nfot413/dolphin_project/official_click_features/segments/click_train_02894_start_4659.751s_ici_15.0.wav
2895,2896,4659.85862,4660.974078,1.115458000000217,4659.8386199999995,4660.994078000001,1.1554580000010901,40.0,click_train_02895_start_4659.859s_ici_40.0.wav,/Users/nfot413/dolphin_project/official_click_features/segments/click_train_02895_start_4659.859s_ici_40.0.wav
2896,2897,4661.094406,4662.088198,0.9937920000002123,4661.074406,4662.108198000001,1.0337920000010854,35.0,click_train_02896_start_4661.094s_ici_35.0.wav,/Users/nfot413/dolphin_project/official_click_features/segments/click_train_02896_start_4661.094s_ici_35.0.wav
2897,2898,4662.113839,4663.551672,1.437832999999955,4662.093838999999,4663.571672,1.4778330000008282,30.0,click_train_02897_start_4662.114s_ici_30.0.wav,/Users/nfot413/dolphin_project/official_click_features/segments/click_train_02897_start_4662.114s_ici_30.0.wav
2898,2899,4663.586297,4663.974927,0.38863000000037573,4663.566296999999,4663.994927000001,0.42863000000124885,35.0,click_train_02898_start_4663.586s_ici_35.0.wav,/Users/nfot413/dolphin_project/official_click_features/segments/click_train_02898_start_4663.586s_ici_35.0.wav
2899,2900,4663.999807,4664.722141,0.7223340000000462,4663.979807,4664.742141000001,0.7623340000009193,30.0,click_train_02899_start_4664.000s_ici_30.0.wav,/Users/nfot413/dolphin_project/official_click_features/segments/click_train_02899_start_4664.000s_ici_30.0.wav
2900,2901,4664.722141,4664.820005,0.09786399999939022,4664.702141,4664.840005,0.13786400000026333,5.0,click_train_02900_start_4664.722s_ici_5.0.wav,/Users/nfot413/dolphin_project/official_click_features/segments/click_train_02900_start_4664.722s_ici_5.0.wav
2901,2902,4664.820005,4665.082589,0.26258400000006077,4664.800004999999,4665.102589,0.3025840000009339,5.0,click_train_02901_start_4664.820s_ici_5.0.wav,/Users/nfot413/dolphin_project/official_click_features/segments/click_train_02901_start_4664.820s_ici_5.0.wav
2902,2903,4665.284828,4666.451604,1.1667760000000271,4665.264827999999,4666.471604,1.2067760000009002,30.0,click_train_02902_start_4665.285s_ici_30.0.wav,/Users/nfot413/dolphin_project/official_click_features/segments/click_train_02902_start_4665.285s_ici_30.0.wav
2903,2904,4666.58949,4667.024583,0.4350930000000517,4666.56949,4667.044583000001,0.4750930000009248,35.0,click_train_02903_start_4666.589s_ici_35.0.wav,/Users/nfot413/dolphin_project/official_click_features/segments/click_train_02903_start_4666.589s_ici_35.0.wav
2904,2905,4667.024583,4667.326062,0.3014789999997447,4667.004583,4667.3460620000005,0.3414790000006178,10.0,click_train_02904_start_4667.025s_ici_10.0.wav,/Users/nfot413/dolphin_project/official_click_features/segments/click_train_02904_start_4667.025s_ici_10.0.wav
2905,2906,4668.166135,4668.580917,0.4147819999998319,4668.146135,4668.600917000001,0.454782000000705,35.0,click_train_02905_start_4668.166s_ici_35.0.wav,/Users/nfot413/dolphin_project/official_click_features/segments/click_train_02905_start_4668.166s_ici_35.0.wav
2906,2907,4668.580917,4668.666344,0.08542699999998149,4668.560917,4668.686344000001,0.1254270000008546,10.0,click_train_02906_start_4668.581s_ici_10.0.wav,/Users/nfot413/dolphin_project/official_click_features/segments/click_train_02906_start_4668.581s_ici_10.0.wav
2907,2908,4668.666344,4668.785854,0.11950999999953638,4668.646344,4668.805854,0.1595100000004095,25.0,click_train_02907_start_4668.666s_ici_25.0.wav,/Users/nfot413/dolphin_project/official_click_features/segments/click_train_02907_start_4668.666s_ici_25.0.wav
2908,2909,4668.921547,4670.111177,1.1896299999998519,4668.9015469999995,4670.131177,1.229630000000725,10.0,click_train_02908_start_4668.922s_ici_10.0.wav,/Users/nfot413/dolphin_project/official_click_features/segments/click_train_02908_start_4668.922s_ici_10.0.wav
2909,2910,4670.164302,4670.38463,0.22032799999942654,4670.144302,4670.40463,0.26032800000029965,30.0,click_train_02909_start_4670.164s_ici_30.0.wav,/Users/nfot413/dolphin_project/official_click_features/segments/click_train_02909_start_4670.164s_ici_30.0.wav
2910,2911,4670.38463,4671.188698,0.8040680000003704,4670.364629999999,4671.208698,0.8440680000012435,20.0,click_train_02910_start_4670.385s_ici_20.0.wav,/Users/nfot413/dolphin_project/official_click_features/segments/click_train_02910_start_4670.385s_ici_20.0.wav
2911,2912,4671.188698,4672.20313,1.0144319999999425,4671.1686979999995,4672.22313,1.0544320000008156,15.0,click_train_02911_start_4671.189s_ici_15.0.wav,/Users/nfot413/dolphin_project/official_click_features/segments/click_train_02911_start_4671.189s_ici_15.0.wav
2912,2913,4672.233578,4672.347547,0.11396899999999732,4672.213578,4672.367547000001,0.15396900000087044,10.0,click_train_02912_start_4672.234s_ici_10.0.wav,/Users/nfot413/dolphin_project/official_click_features/segments/click_train_02912_start_4672.234s_ici_10.0.wav
2913,2914,4672.919396,4673.383401,0.4640049999998155,4672.899396,4673.4034010000005,0.5040050000006886,10.0,click_train_02913_start_4672.919s_ici_10.0.wav,/Users/nfot413/dolphin_project/official_click_features/segments/click_train_02913_start_4672.919s_ici_10.0.wav
2914,2915,4673.604479,4673.971333,0.36685400000078516,4673.584478999999,4673.991333000001,0.4068540000016583,5.0,click_train_02914_start_4673.604s_ici_5.0.wav,/Users/nfot413/dolphin_project/official_click_features/segments/click_train_02914_start_4673.604s_ici_5.0.wav
2915,2916,4674.521328,4675.222813,0.7014850000005026,4674.501327999999,4675.242813000001,0.7414850000013757,80.0,click_train_02915_start_4674.521s_ici_80.0.wav,/Users/nfot413/dolphin_project/official_click_features/segments/click_train_02915_start_4674.521s_ici_80.0.wav
2916,2917,4675.609344,4675.680693,0.07134899999982736,4675.589344,4675.700693000001,0.11134900000070047,10.0,click_train_02916_start_4675.609s_ici_10.0.wav,/Users/nfot413/dolphin_project/official_click_features/segments/click_train_02916_start_4675.609s_ici_10.0.wav
2917,2918,4675.748135,4675.8155,0.06736499999988155,4675.728134999999,4675.8355,0.10736500000075466,10.0,click_train_02917_start_4675.748s_ici_10.0.wav,/Users/nfot413/dolphin_project/official_click_features/segments/click_train_02917_start_4675.748s_ici_10.0.wav
2918,2919,4676.066167,4676.235698,0.16953100000046106,4676.0461669999995,4676.255698000001,0.20953100000133418,5.0,click_train_02918_start_4676.066s_ici_5.0.wav,/Users/nfot413/dolphin_project/official_click_features/segments/click_train_02918_start_4676.066s_ici_5.0.wav
2919,2920,4676.235698,4676.594599,0.3589009999996051,4676.215698,4676.614599,0.39890100000047823,65.0,click_train_02919_start_4676.236s_ici_65.0.wav,/Users/nfot413/dolphin_project/official_click_features/segments/click_train_02919_start_4676.236s_ici_65.0.wav
2920,2921,4676.594599,4676.839198,0.24459899999965273,4676.574599,4676.859198,0.28459900000052585,35.0,click_train_02920_start_4676.595s_ici_35.0.wav,/Users/nfot413/dolphin_project/official_click_features/segments/click_train_02920_start_4676.595s_ici_35.0.wav
2921,2922,4677.213286,4677.680078,0.4667920000001686,4677.193286,4677.700078000001,0.5067920000010417,5.0,click_train_02921_start_4677.213s_ici_5.0.wav,/Users/nfot413/dolphin_project/official_click_features/segments/click_train_02921_start_4677.213s_ici_5.0.wav
2922,2923,4677.680078,4677.960458,0.2803799999992407,4677.660078,4677.980458,0.3203800000001138,50.0,click_train_02922_start_4677.680s_ici_50.0.wav,/Users/nfot413/dolphin_project/official_click_features/segments/click_train_02922_start_4677.680s_ici_50.0.wav
2923,2924,4677.960458,4678.398646,0.43818800000008196,4677.940457999999,4678.418646,0.47818800000095507,55.0,click_train_02923_start_4677.960s_ici_55.0.wav,/Users/nfot413/dolphin_project/official_click_features/segments/click_train_02923_start_4677.960s_ici_55.0.wav
2924,2925,4678.398646,4678.514193,0.11554700000033336,4678.378645999999,4678.534193,0.15554700000120647,25.0,click_train_02924_start_4678.399s_ici_25.0.wav,/Users/nfot413/dolphin_project/official_click_features/segments/click_train_02924_start_4678.399s_ici_25.0.wav
2925,2926,4679.22176,4679.545734,0.3239739999999074,4679.20176,4679.565734000001,0.3639740000007805,5.0,click_train_02925_start_4679.222s_ici_5.0.wav,/Users/nfot413/dolphin_project/official_click_features/segments/click_train_02925_start_4679.222s_ici_5.0.wav
2926,2927,4679.545734,4679.685516,0.1397819999992862,4679.525734,4679.705516,0.17978200000015931,30.0,click_train_02926_start_4679.546s_ici_30.0.wav,/Users/nfot413/dolphin_project/official_click_features/segments/click_train_02926_start_4679.546s_ici_30.0.wav
2927,2928,4680.036182,4680.117359,0.08117700000002515,4680.016181999999,4680.137359,0.12117700000089826,15.0,click_train_02927_start_4680.036s_ici_15.0.wav,/Users/nfot413/dolphin_project/official_click_features/segments/click_train_02927_start_4680.036s_ici_15.0.wav
2928,2929,4681.527516,4681.869885,0.3423689999999624,4681.507516,4681.8898850000005,0.3823690000008355,60.0,click_train_02928_start_4681.528s_ici_60.0.wav,/Users/nfot413/dolphin_project/official_click_features/segments/click_train_02928_start_4681.528s_ici_60.0.wav
2929,2930,4682.554906,4683.002167,0.44726099999934377,4682.534906,4683.022167,0.4872610000002169,50.0,click_train_02929_start_4682.555s_ici_50.0.wav,/Users/nfot413/dolphin_project/official_click_features/segments/click_train_02929_start_4682.555s_ici_50.0.wav
2930,2931,4683.002167,4683.145661,0.14349399999991874,4682.982166999999,4683.165661,0.18349400000079186,15.0,click_train_02930_start_4683.002s_ici_15.0.wav,/Users/nfot413/dolphin_project/official_click_features/segments/click_train_02930_start_4683.002s_ici_15.0.wav
2931,2932,4683.644547,4684.389328,0.7447810000003301,4683.624546999999,4684.409328000001,0.7847810000012032,5.0,click_train_02931_start_4683.645s_ici_5.0.wav,/Users/nfot413/dolphin_project/official_click_features/segments/click_train_02931_start_4683.645s_ici_5.0.wav
2932,2933,4701.02875,4701.770432,0.7416819999998552,4701.00875,4701.790432000001,0.7816820000007283,95.0,click_train_02932_start_4701.029s_ici_95.0.wav,/Users/nfot413/dolphin_project/official_click_features/segments/click_train_02932_start_4701.029s_ici_95.0.wav
2933,2934,4703.481125,4703.52326,0.04213499999968917,4703.461125,4703.54326,0.08213500000056229,10.0,click_train_02933_start_4703.481s_ici_10.0.wav,/Users/nfot413/dolphin_project/official_click_features/segments/click_train_02933_start_4703.481s_ici_10.0.wav
2934,2935,4709.731359,4710.001036,0.2696769999993194,4709.711359,4710.021036,0.3096770000001925,55.0,click_train_02934_start_4709.731s_ici_55.0.wav,/Users/nfot413/dolphin_project/official_click_features/segments/click_train_02934_start_4709.731s_ici_55.0.wav
2935,2936,4726.966297,4727.005057,0.038760000000365835,4726.9462969999995,4727.025057000001,0.07876000000123895,5.0,click_train_02935_start_4726.966s_ici_5.0.wav,/Users/nfot413/dolphin_project/official_click_features/segments/click_train_02935_start_4726.966s_ici_5.0.wav
2936,2937,4756.855052,4757.052016,0.19696399999975256,4756.835051999999,4757.072016,0.23696400000062567,40.0,click_train_02936_start_4756.855s_ici_40.0.wav,/Users/nfot413/dolphin_project/official_click_features/segments/click_train_02936_start_4756.855s_ici_40.0.wav
2937,2938,4788.696375,4789.202438,0.5060629999998127,4788.676375,4789.222438000001,0.5460630000006859,105.0,click_train_02937_start_4788.696s_ici_105.0.wav,/Users/nfot413/dolphin_project/official_click_features/segments/click_train_02937_start_4788.696s_ici_105.0.wav
2938,2939,4789.825266,4790.338083,0.5128169999998136,4789.805265999999,4790.358083,0.5528170000006867,105.0,click_train_02938_start_4789.825s_ici_105.0.wav,/Users/nfot413/dolphin_project/official_click_features/segments/click_train_02938_start_4789.825s_ici_105.0.wav
2939,2940,4791.188911,4791.420396,0.23148500000024796,4791.168911,4791.440396000001,0.2714850000011211,15.0,click_train_02939_start_4791.189s_ici_15.0.wav,/Users/nfot413/dolphin_project/official_click_features/segments/click_train_02939_start_4791.189s_ici_15.0.wav
2940,2941,4792.579604,4792.853661,0.2740570000005391,4792.559603999999,4792.8736610000005,0.31405700000141223,60.0,click_train_02940_start_4792.580s_ici_60.0.wav,/Users/nfot413/dolphin_project/official_click_features/segments/click_train_02940_start_4792.580s_ici_60.0.wav
2941,2942,4802.092708,4802.750307,0.6575990000001184,4802.072708,4802.770307000001,0.6975990000009915,50.0,click_train_02941_start_4802.093s_ici_50.0.wav,/Users/nfot413/dolphin_project/official_click_features/segments/click_train_02941_start_4802.093s_ici_50.0.wav
2942,2943,4803.783672,4804.33676,0.5530880000005709,4803.763671999999,4804.356760000001,0.593088000001444,95.0,click_train_02942_start_4803.784s_ici_95.0.wav,/Users/nfot413/dolphin_project/official_click_features/segments/click_train_02942_start_4803.784s_ici_95.0.wav
2943,2944,4804.472375,4804.881839,0.40946399999938876,4804.452375,4804.901839,0.4494640000002619,50.0,click_train_02943_start_4804.472s_ici_50.0.wav,/Users/nfot413/dolphin_project/official_click_features/segments/click_train_02943_start_4804.472s_ici_50.0.wav
2944,2945,4805.971443,4806.319766,0.34832299999925453,4805.951443,4806.339766,0.38832300000012765,50.0,click_train_02944_start_4805.971s_ici_50.0.wav,/Users/nfot413/dolphin_project/official_click_features/segments/click_train_02944_start_4805.971s_ici_50.0.wav
2945,2946,4806.928047,4807.292438,0.36439100000006874,4806.908047,4807.312438000001,0.40439100000094186,55.0,click_train_02945_start_4806.928s_ici_55.0.wav,/Users/nfot413/dolphin_project/official_click_features/segments/click_train_02945_start_4806.928s_ici_55.0.wav
2946,2947,4811.318156,4811.770281,0.4521249999997963,4811.298156,4811.7902810000005,0.4921250000006694,80.0,click_train_02946_start_4811.318s_ici_80.0.wav,/Users/nfot413/dolphin_project/official_click_features/segments/click_train_02946_start_4811.318s_ici_80.0.wav
2947,2948,4828.140948,4828.307594,0.16664599999967322,4828.120948,4828.327594,0.20664600000054634,30.0,click_train_02947_start_4828.141s_ici_30.0.wav,/Users/nfot413/dolphin_project/official_click_features/segments/click_train_02947_start_4828.141s_ici_30.0.wav
2948,2949,4828.882693,4829.332635,0.4499420000001919,4828.862692999999,4829.352635,0.489942000001065,75.0,click_train_02948_start_4828.883s_ici_75.0.wav,/Users/nfot413/dolphin_project/official_click_features/segments/click_train_02948_start_4828.883s_ici_75.0.wav
2949,2950,4831.893984,4832.014453,0.12046899999950256,4831.873984,4832.034453,0.16046900000037567,20.0,click_train_02949_start_4831.894s_ici_20.0.wav,/Users/nfot413/dolphin_project/official_click_features/segments/click_train_02949_start_4831.894s_ici_20.0.wav
2950,2951,4832.184349,4832.328365,0.14401600000019243,4832.164349,4832.348365000001,0.18401600000106555,15.0,click_train_02950_start_4832.184s_ici_15.0.wav,/Users/nfot413/dolphin_project/official_click_features/segments/click_train_02950_start_4832.184s_ici_15.0.wav
2951,2952,4832.328365,4833.140828,0.8124629999992976,4832.308365,4833.160828,0.8524630000001707,45.0,click_train_02951_start_4832.328s_ici_45.0.wav,/Users/nfot413/dolphin_project/official_click_features/segments/click_train_02951_start_4832.328s_ici_45.0.wav
2952,2953,4833.564734,4833.695234,0.130500000000211,4833.544733999999,4833.715234,0.17050000000108412,25.0,click_train_02952_start_4833.565s_ici_25.0.wav,/Users/nfot413/dolphin_project/official_click_features/segments/click_train_02952_start_4833.565s_ici_25.0.wav
2953,2954,4833.695234,4833.961052,0.2658179999998538,4833.675233999999,4833.981052,0.3058180000007269,50.0,click_train_02953_start_4833.695s_ici_50.0.wav,/Users/nfot413/dolphin_project/official_click_features/segments/click_train_02953_start_4833.695s_ici_50.0.wav
2954,2955,4834.960208,4835.203599,0.24339099999997416,4834.940208,4835.223599000001,0.28339100000084727,10.0,click_train_02954_start_4834.960s_ici_10.0.wav,/Users/nfot413/dolphin_project/official_click_features/segments/click_train_02954_start_4834.960s_ici_10.0.wav
2955,2956,4835.481,4835.84937,0.36837000000014086,4835.460999999999,4835.86937,0.408370000001014,5.0,click_train_02955_start_4835.481s_ici_5.0.wav,/Users/nfot413/dolphin_project/official_click_features/segments/click_train_02955_start_4835.481s_ici_5.0.wav
2956,2957,4835.84937,4835.897807,0.04843700000037643,4835.8293699999995,4835.917807000001,0.08843700000124954,10.0,click_train_02956_start_4835.849s_ici_10.0.wav,/Users/nfot413/dolphin_project/official_click_features/segments/click_train_02956_start_4835.849s_ici_10.0.wav
2957,2958,4836.25562,4836.705995,0.45037500000034925,4836.2356199999995,4836.725995000001,0.49037500000122236,80.0,click_train_02957_start_4836.256s_ici_80.0.wav,/Users/nfot413/dolphin_project/official_click_features/segments/click_train_02957_start_4836.256s_ici_80.0.wav
2958,2959,4836.775448,4837.147281,0.371832999999242,4836.755448,4837.167281,0.41183300000011513,30.0,click_train_02958_start_4836.775s_ici_30.0.wav,/Users/nfot413/dolphin_project/official_click_features/segments/click_train_02958_start_4836.775s_ici_30.0.wav
2959,2960,4837.956698,4838.400562,0.4438639999998486,4837.9366979999995,4838.420562,0.4838640000007217,65.0,click_train_02959_start_4837.957s_ici_65.0.wav,/Users/nfot413/dolphin_project/official_click_features/segments/click_train_02959_start_4837.957s_ici_65.0.wav
2960,2961,4838.727562,4838.935099,0.20753700000022945,4838.707562,4838.955099000001,0.24753700000110257,35.0,click_train_02960_start_4838.728s_ici_35.0.wav,/Users/nfot413/dolphin_project/official_click_features/segments/click_train_02960_start_4838.728s_ici_35.0.wav
2961,2962,4839.485391,4839.814495,0.32910399999946094,4839.465391,4839.834495,0.36910400000033405,70.0,click_train_02961_start_4839.485s_ici_70.0.wav,/Users/nfot413/dolphin_project/official_click_features/segments/click_train_02961_start_4839.485s_ici_70.0.wav
2962,2963,4839.94725,4840.244177,0.29692699999941397,4839.92725,4840.264177,0.3369270000002871,25.0,click_train_02962_start_4839.947s_ici_25.0.wav,/Users/nfot413/dolphin_project/official_click_features/segments/click_train_02962_start_4839.947s_ici_25.0.wav
2963,2964,4840.898656,4841.188974,0.2903179999993881,4840.878656,4841.208974,0.33031800000026124,60.0,click_train_02963_start_4840.899s_ici_60.0.wav,/Users/nfot413/dolphin_project/official_click_features/segments/click_train_02963_start_4840.899s_ici_60.0.wav
2964,2965,4841.354188,4841.531073,0.17688499999985652,4841.334188,4841.5510730000005,0.21688500000072963,35.0,click_train_02964_start_4841.354s_ici_35.0.wav,/Users/nfot413/dolphin_project/official_click_features/segments/click_train_02964_start_4841.354s_ici_35.0.wav
2965,2966,4841.746406,4841.908448,0.16204199999992852,4841.726406,4841.928448000001,0.20204200000080164,35.0,click_train_02965_start_4841.746s_ici_35.0.wav,/Users/nfot413/dolphin_project/official_click_features/segments/click_train_02965_start_4841.746s_ici_35.0.wav
2966,2967,4842.092208,4842.18324,0.09103200000026845,4842.072208,4842.203240000001,0.13103200000114157,10.0,click_train_02966_start_4842.092s_ici_10.0.wav,/Users/nfot413/dolphin_project/official_click_features/segments/click_train_02966_start_4842.092s_ici_10.0.wav
2967,2968,4842.229073,4842.602734,0.373660999999629,4842.209073,4842.6227340000005,0.4136610000005021,70.0,click_train_02967_start_4842.229s_ici_70.0.wav,/Users/nfot413/dolphin_project/official_click_features/segments/click_train_02967_start_4842.229s_ici_70.0.wav
2968,2969,4843.292661,4843.700734,0.4080729999996038,4843.272661,4843.720734,0.4480730000004769,25.0,click_train_02968_start_4843.293s_ici_25.0.wav,/Users/nfot413/dolphin_project/official_click_features/segments/click_train_02968_start_4843.293s_ici_25.0.wav
2969,2970,4844.349359,4844.481182,0.13182300000062241,4844.329358999999,4844.501182000001,0.17182300000149553,15.0,click_train_02969_start_4844.349s_ici_15.0.wav,/Users/nfot413/dolphin_project/official_click_features/segments/click_train_02969_start_4844.349s_ici_15.0.wav
2970,2971,4844.547839,4844.625885,0.07804600000054052,4844.527838999999,4844.645885000001,0.11804600000141363,10.0,click_train_02970_start_4844.548s_ici_10.0.wav,/Users/nfot413/dolphin_project/official_click_features/segments/click_train_02970_start_4844.548s_ici_10.0.wav
2971,2972,4844.625885,4845.409281,0.7833959999998115,4844.605885,4845.429281000001,0.8233960000006846,35.0,click_train_02971_start_4844.626s_ici_35.0.wav,/Users/nfot413/dolphin_project/official_click_features/segments/click_train_02971_start_4844.626s_ici_35.0.wav
2972,2973,4845.409281,4845.620302,0.2110210000000734,4845.389281,4845.640302000001,0.2510210000009465,15.0,click_train_02972_start_4845.409s_ici_15.0.wav,/Users/nfot413/dolphin_project/official_click_features/segments/click_train_02972_start_4845.409s_ici_15.0.wav
2973,2974,4846.834292,4847.229292,0.39500000000043656,4846.814291999999,4847.249292,0.4350000000013097,5.0,click_train_02973_start_4846.834s_ici_5.0.wav,/Users/nfot413/dolphin_project/official_click_features/segments/click_train_02973_start_4846.834s_ici_5.0.wav
2974,2975,4849.961813,4850.034078,0.07226499999978842,4849.9418129999995,4850.054078,0.11226500000066153,10.0,click_train_02974_start_4849.962s_ici_10.0.wav,/Users/nfot413/dolphin_project/official_click_features/segments/click_train_02974_start_4849.962s_ici_10.0.wav
2975,2976,4850.906292,4851.073693,0.1674010000006092,4850.886291999999,4851.093693000001,0.20740100000148232,10.0,click_train_02975_start_4850.906s_ici_10.0.wav,/Users/nfot413/dolphin_project/official_click_features/segments/click_train_02975_start_4850.906s_ici_10.0.wav
2976,2977,4851.264734,4851.429667,0.1649330000000191,4851.244734,4851.449667000001,0.2049330000008922,25.0,click_train_02976_start_4851.265s_ici_25.0.wav,/Users/nfot413/dolphin_project/official_click_features/segments/click_train_02976_start_4851.265s_ici_25.0.wav
2977,2978,4854.69626,4855.25588,0.5596199999999953,4854.676259999999,4855.27588,0.5996200000008685,60.0,click_train_02977_start_4854.696s_ici_60.0.wav,/Users/nfot413/dolphin_project/official_click_features/segments/click_train_02977_start_4854.696s_ici_60.0.wav
2978,2979,4855.25588,4855.342,0.08611999999993714,4855.235879999999,4855.362,0.12612000000081025,20.0,click_train_02978_start_4855.256s_ici_20.0.wav,/Users/nfot413/dolphin_project/official_click_features/segments/click_train_02978_start_4855.256s_ici_20.0.wav
2979,2980,4855.549448,4855.672786,0.1233380000003308,4855.529447999999,4855.6927860000005,0.1633380000012039,20.0,click_train_02979_start_4855.549s_ici_20.0.wav,/Users/nfot413/dolphin_project/official_click_features/segments/click_train_02979_start_4855.549s_ici_20.0.wav
2980,2981,4855.672786,4855.956995,0.28420899999946414,4855.652786,4855.976995,0.32420900000033726,60.0,click_train_02980_start_4855.673s_ici_60.0.wav,/Users/nfot413/dolphin_project/official_click_features/segments/click_train_02980_start_4855.673s_ici_60.0.wav
2981,2982,4856.01651,4856.616036,0.5995259999999689,4855.99651,4856.636036000001,0.639526000000842,70.0,click_train_02981_start_4856.017s_ici_70.0.wav,/Users/nfot413/dolphin_project/official_click_features/segments/click_train_02981_start_4856.017s_ici_70.0.wav
2982,2983,4857.054198,4857.224755,0.17055700000037177,4857.034197999999,4857.244755000001,0.2105570000012449,35.0,click_train_02982_start_4857.054s_ici_35.0.wav,/Users/nfot413/dolphin_project/official_click_features/segments/click_train_02982_start_4857.054s_ici_35.0.wav
2983,2984,4859.55626,4860.0,0.4437399999997069,4859.53626,4860.02,0.48374000000058004,50.0,click_train_02983_start_4859.556s_ici_50.0.wav,/Users/nfot413/dolphin_project/official_click_features/segments/click_train_02983_start_4859.556s_ici_50.0.wav
2984,2985,4860.116146,4860.283922,0.16777599999932136,4860.096146,4860.303922,0.20777600000019447,35.0,click_train_02984_start_4860.116s_ici_35.0.wav,/Users/nfot413/dolphin_project/official_click_features/segments/click_train_02984_start_4860.116s_ici_35.0.wav
2985,2986,4860.317693,4860.621188,0.30349500000011176,4860.2976929999995,4860.6411880000005,0.3434950000009849,30.0,click_train_02985_start_4860.318s_ici_30.0.wav,/Users/nfot413/dolphin_project/official_click_features/segments/click_train_02985_start_4860.318s_ici_30.0.wav
2986,2987,4861.184406,4861.499219,0.31481299999995827,4861.164406,4861.519219000001,0.3548130000008314,30.0,click_train_02986_start_4861.184s_ici_30.0.wav,/Users/nfot413/dolphin_project/official_click_features/segments/click_train_02986_start_4861.184s_ici_30.0.wav
2987,2988,4861.499219,4861.590302,0.09108299999934388,4861.479219,4861.610302,0.131083000000217,20.0,click_train_02987_start_4861.499s_ici_20.0.wav,/Users/nfot413/dolphin_project/official_click_features/segments/click_train_02987_start_4861.499s_ici_20.0.wav
2988,2989,4861.672182,4861.893172,0.2209899999998015,4861.652182,4861.9131720000005,0.2609900000006746,45.0,click_train_02988_start_4861.672s_ici_45.0.wav,/Users/nfot413/dolphin_project/official_click_features/segments/click_train_02988_start_4861.672s_ici_45.0.wav
2989,2990,4862.131172,4862.280552,0.1493799999998373,4862.111172,4862.300552000001,0.18938000000071042,15.0,click_train_02989_start_4862.131s_ici_15.0.wav,/Users/nfot413/dolphin_project/official_click_features/segments/click_train_02989_start_4862.131s_ici_15.0.wav
2990,2991,4862.280552,4862.530594,0.2500419999996666,4862.260552,4862.550594,0.2900420000005397,40.0,click_train_02990_start_4862.281s_ici_40.0.wav,/Users/nfot413/dolphin_project/official_click_features/segments/click_train_02990_start_4862.281s_ici_40.0.wav
2991,2992,4862.530594,4862.62074,0.09014600000045903,4862.510593999999,4862.640740000001,0.13014600000133214,10.0,click_train_02991_start_4862.531s_ici_10.0.wav,/Users/nfot413/dolphin_project/official_click_features/segments/click_train_02991_start_4862.531s_ici_10.0.wav
2992,2993,4862.62074,4862.850844,0.23010399999930087,4862.60074,4862.870844,0.270104000000174,30.0,click_train_02992_start_4862.621s_ici_30.0.wav,/Users/nfot413/dolphin_project/official_click_features/segments/click_train_02992_start_4862.621s_ici_30.0.wav
2993,2994,4862.850844,4862.912437,0.06159300000035728,4862.830843999999,4862.932437,0.1015930000012304,10.0,click_train_02993_start_4862.851s_ici_10.0.wav,/Users/nfot413/dolphin_project/official_click_features/segments/click_train_02993_start_4862.851s_ici_10.0.wav
2994,2995,4863.094375,4863.398807,0.3044319999999061,4863.074374999999,4863.418807,0.3444320000007792,40.0,click_train_02994_start_4863.094s_ici_40.0.wav,/Users/nfot413/dolphin_project/official_click_features/segments/click_train_02994_start_4863.094s_ici_40.0.wav
2995,2996,4864.152802,4864.296745,0.14394300000003568,4864.132801999999,4864.316745,0.1839430000009088,15.0,click_train_02995_start_4864.153s_ici_15.0.wav,/Users/nfot413/dolphin_project/official_click_features/segments/click_train_02995_start_4864.153s_ici_15.0.wav
2996,2997,4864.562609,4864.753797,0.19118800000069314,4864.542608999999,4864.773797000001,0.23118800000156625,30.0,click_train_02996_start_4864.563s_ici_30.0.wav,/Users/nfot413/dolphin_project/official_click_features/segments/click_train_02996_start_4864.563s_ici_30.0.wav
2997,2998,4865.339583,4865.532906,0.1933230000004187,4865.3195829999995,4865.552906000001,0.2333230000012918,25.0,click_train_02997_start_4865.340s_ici_25.0.wav,/Users/nfot413/dolphin_project/official_click_features/segments/click_train_02997_start_4865.340s_ici_25.0.wav
2998,2999,4865.568812,4865.814438,0.24562599999990198,4865.548812,4865.834438000001,0.2856260000007751,30.0,click_train_02998_start_4865.569s_ici_30.0.wav,/Users/nfot413/dolphin_project/official_click_features/segments/click_train_02998_start_4865.569s_ici_30.0.wav
2999,3000,4866.65463,4866.797484,0.1428539999997156,4866.63463,4866.817484,0.1828540000005887,15.0,click_train_02999_start_4866.655s_ici_15.0.wav,/Users/nfot413/dolphin_project/official_click_features/segments/click_train_02999_start_4866.655s_ici_15.0.wav
3000,3001,4867.187901,4867.517625,0.3297240000001693,4867.167901,4867.537625000001,0.36972400000104244,25.0,click_train_03000_start_4867.188s_ici_25.0.wav,/Users/nfot413/dolphin_project/official_click_features/segments/click_train_03000_start_4867.188s_ici_25.0.wav
3001,3002,4867.695266,4867.883667,0.18840100000034,4867.675265999999,4867.9036670000005,0.2284010000012131,25.0,click_train_03001_start_4867.695s_ici_25.0.wav,/Users/nfot413/dolphin_project/official_click_features/segments/click_train_03001_start_4867.695s_ici_25.0.wav
3002,3003,4870.075812,4870.731193,0.6553809999995792,4870.055812,4870.751193,0.6953810000004523,40.0,click_train_03002_start_4870.076s_ici_40.0.wav,/Users/nfot413/dolphin_project/official_click_features/segments/click_train_03002_start_4870.076s_ici_40.0.wav
3003,3004,4873.596469,4873.774958,0.17848899999989953,4873.576469,4873.794958,0.21848900000077265,35.0,click_train_03003_start_4873.596s_ici_35.0.wav,/Users/nfot413/dolphin_project/official_click_features/segments/click_train_03003_start_4873.596s_ici_35.0.wav
3004,3005,4878.434969,4878.767661,0.3326919999999518,4878.4149689999995,4878.787661,0.3726920000008249,70.0,click_train_03004_start_4878.435s_ici_70.0.wav,/Users/nfot413/dolphin_project/official_click_features/segments/click_train_03004_start_4878.435s_ici_70.0.wav
3005,3006,4887.041531,4887.766922,0.725390999999945,4887.021530999999,4887.786922,0.7653910000008182,35.0,click_train_03005_start_4887.042s_ici_35.0.wav,/Users/nfot413/dolphin_project/official_click_features/segments/click_train_03005_start_4887.042s_ici_35.0.wav
3006,3007,4887.766922,4888.085411,0.31848900000022695,4887.746921999999,4888.1054110000005,0.35848900000110007,60.0,click_train_03006_start_4887.767s_ici_60.0.wav,/Users/nfot413/dolphin_project/official_click_features/segments/click_train_03006_start_4887.767s_ici_60.0.wav
3007,3008,4891.315958,4891.912406,0.5964480000002368,4891.295958,4891.932406000001,0.6364480000011099,45.0,click_train_03007_start_4891.316s_ici_45.0.wav,/Users/nfot413/dolphin_project/official_click_features/segments/click_train_03007_start_4891.316s_ici_45.0.wav
3008,3009,4891.967714,4894.277839,2.310124999999971,4891.947714,4894.297839000001,2.350125000000844,50.0,click_train_03008_start_4891.968s_ici_50.0.wav,/Users/nfot413/dolphin_project/official_click_features/segments/click_train_03008_start_4891.968s_ici_50.0.wav
3009,3010,4896.378974,4896.526214,0.14724000000023807,4896.358974,4896.546214000001,0.18724000000111118,25.0,click_train_03009_start_4896.379s_ici_25.0.wav,/Users/nfot413/dolphin_project/official_click_features/segments/click_train_03009_start_4896.379s_ici_25.0.wav
3010,3011,4901.405839,4901.684557,0.2787179999995715,4901.385839,4901.704557,0.3187180000004446,60.0,click_train_03010_start_4901.406s_ici_60.0.wav,/Users/nfot413/dolphin_project/official_click_features/segments/click_train_03010_start_4901.406s_ici_60.0.wav
3011,3012,4901.914641,4902.086807,0.17216599999937898,4901.894641,4902.106807,0.2121660000002521,35.0,click_train_03011_start_4901.915s_ici_35.0.wav,/Users/nfot413/dolphin_project/official_click_features/segments/click_train_03011_start_4901.915s_ici_35.0.wav
3012,3013,4902.13151,4902.427135,0.29562499999974534,4902.11151,4902.447135,0.33562500000061846,45.0,click_train_03012_start_4902.132s_ici_45.0.wav,/Users/nfot413/dolphin_project/official_click_features/segments/click_train_03012_start_4902.132s_ici_45.0.wav
3013,3014,4902.466953,4902.702875,0.23592199999984587,4902.446953,4902.722875,0.275922000000719,40.0,click_train_03013_start_4902.467s_ici_40.0.wav,/Users/nfot413/dolphin_project/official_click_features/segments/click_train_03013_start_4902.467s_ici_40.0.wav
3014,3015,4904.675302,4905.122021,0.4467190000004848,4904.655301999999,4905.142021000001,0.4867190000013579,90.0,click_train_03014_start_4904.675s_ici_90.0.wav,/Users/nfot413/dolphin_project/official_click_features/segments/click_train_03014_start_4904.675s_ici_90.0.wav
3015,3016,4925.811839,4925.933156,0.12131700000009005,4925.7918389999995,4925.9531560000005,0.16131700000096316,25.0,click_train_03015_start_4925.812s_ici_25.0.wav,/Users/nfot413/dolphin_project/official_click_features/segments/click_train_03015_start_4925.812s_ici_25.0.wav
3016,3017,4931.168021,4931.364531,0.19650999999976193,4931.148021,4931.384531000001,0.23651000000063505,45.0,click_train_03016_start_4931.168s_ici_45.0.wav,/Users/nfot413/dolphin_project/official_click_features/segments/click_train_03016_start_4931.168s_ici_45.0.wav
3017,3018,4935.87487,4935.981432,0.10656199999993987,4935.854869999999,4936.001432,0.146562000000813,20.0,click_train_03017_start_4935.875s_ici_20.0.wav,/Users/nfot413/dolphin_project/official_click_features/segments/click_train_03017_start_4935.875s_ici_20.0.wav
3018,3019,4936.007818,4936.296839,0.2890209999995932,4935.987818,4936.316839,0.3290210000004663,30.0,click_train_03018_start_4936.008s_ici_30.0.wav,/Users/nfot413/dolphin_project/official_click_features/segments/click_train_03018_start_4936.008s_ici_30.0.wav
3019,3020,4937.610432,4937.82462,0.21418799999992189,4937.590432,4937.844620000001,0.254188000000795,30.0,click_train_03019_start_4937.610s_ici_30.0.wav,/Users/nfot413/dolphin_project/official_click_features/segments/click_train_03019_start_4937.610s_ici_30.0.wav
3020,3021,4949.495594,4949.561141,0.06554700000015146,4949.475594,4949.581141000001,0.10554700000102457,10.0,click_train_03020_start_4949.496s_ici_10.0.wav,/Users/nfot413/dolphin_project/official_click_features/segments/click_train_03020_start_4949.496s_ici_10.0.wav
3021,3022,4978.773417,4978.954328,0.1809109999994689,4978.753417,4978.974328,0.22091100000034203,40.0,click_train_03021_start_4978.773s_ici_40.0.wav,/Users/nfot413/dolphin_project/official_click_features/segments/click_train_03021_start_4978.773s_ici_40.0.wav
3022,3023,4979.906214,4980.0,0.09378600000036386,4979.886213999999,4980.02,0.13378600000123697,5.0,click_train_03022_start_4979.906s_ici_5.0.wav,/Users/nfot413/dolphin_project/official_click_features/segments/click_train_03022_start_4979.906s_ici_5.0.wav
3023,3024,4983.464766,4983.604557,0.13979099999960454,4983.444766,4983.624557,0.17979100000047765,10.0,click_train_03023_start_4983.465s_ici_10.0.wav,/Users/nfot413/dolphin_project/official_click_features/segments/click_train_03023_start_4983.465s_ici_10.0.wav
3024,3025,4993.328938,4993.712432,0.38349400000060996,4993.308937999999,4993.732432000001,0.4234940000014831,80.0,click_train_03024_start_4993.329s_ici_80.0.wav,/Users/nfot413/dolphin_project/official_click_features/segments/click_train_03024_start_4993.329s_ici_80.0.wav
3025,3026,4995.364698,4995.40338,0.0386819999994259,4995.344698,4995.42338,0.07868200000029901,5.0,click_train_03025_start_4995.365s_ici_5.0.wav,/Users/nfot413/dolphin_project/official_click_features/segments/click_train_03025_start_4995.365s_ici_5.0.wav
3026,3027,4996.247901,4996.395516,0.14761499999985972,4996.227900999999,4996.415516,0.18761500000073283,25.0,click_train_03026_start_4996.248s_ici_25.0.wav,/Users/nfot413/dolphin_project/official_click_features/segments/click_train_03026_start_4996.248s_ici_25.0.wav
3027,3028,4997.24562,4997.781198,0.5355779999999868,4997.225619999999,4997.801198,0.5755780000008599,110.0,click_train_03027_start_4997.246s_ici_110.0.wav,/Users/nfot413/dolphin_project/official_click_features/segments/click_train_03027_start_4997.246s_ici_110.0.wav
3028,3029,4997.87488,4998.179688,0.3048079999998663,4997.85488,4998.199688000001,0.3448080000007394,40.0,click_train_03028_start_4997.875s_ici_40.0.wav,/Users/nfot413/dolphin_project/official_click_features/segments/click_train_03028_start_4997.875s_ici_40.0.wav
3029,3030,5003.44888,5003.835115,0.3862349999999424,5003.4288799999995,5003.855115,0.4262350000008155,80.0,click_train_03029_start_5003.449s_ici_80.0.wav,/Users/nfot413/dolphin_project/official_click_features/segments/click_train_03029_start_5003.449s_ici_80.0.wav
3030,3031,5004.502323,5005.024807,0.5224840000000768,5004.482322999999,5005.044807,0.5624840000009499,85.0,click_train_03030_start_5004.502s_ici_85.0.wav,/Users/nfot413/dolphin_project/official_click_features/segments/click_train_03030_start_5004.502s_ici_85.0.wav
3031,3032,5010.903896,5011.036891,0.13299499999993714,5010.883895999999,5011.056891,0.17299500000081025,10.0,click_train_03031_start_5010.904s_ici_10.0.wav,/Users/nfot413/dolphin_project/official_click_features/segments/click_train_03031_start_5010.904s_ici_10.0.wav
3032,3033,5023.83562,5023.87037,0.03474999999980355,5023.815619999999,5023.89037,0.07475000000067666,5.0,click_train_03032_start_5023.836s_ici_5.0.wav,/Users/nfot413/dolphin_project/official_click_features/segments/click_train_03032_start_5023.836s_ici_5.0.wav
3033,3034,5056.510068,5056.725672,0.2156039999999848,5056.490067999999,5056.745672,0.2556040000008579,40.0,click_train_03033_start_5056.510s_ici_40.0.wav,/Users/nfot413/dolphin_project/official_click_features/segments/click_train_03033_start_5056.510s_ici_40.0.wav
3034,3035,5057.52424,5057.771365,0.24712499999986903,5057.504239999999,5057.791365,0.28712500000074215,50.0,click_train_03034_start_5057.524s_ici_50.0.wav,/Users/nfot413/dolphin_project/official_click_features/segments/click_train_03034_start_5057.524s_ici_50.0.wav
3035,3036,5058.793771,5059.33501,0.5412390000001324,5058.773770999999,5059.35501,0.5812390000010055,80.0,click_train_03035_start_5058.794s_ici_80.0.wav,/Users/nfot413/dolphin_project/official_click_features/segments/click_train_03035_start_5058.794s_ici_80.0.wav
3036,3037,5059.644219,5060.043651,0.39943200000016077,5059.624218999999,5060.063651,0.4394320000010339,80.0,click_train_03036_start_5059.644s_ici_80.0.wav,/Users/nfot413/dolphin_project/official_click_features/segments/click_train_03036_start_5059.644s_ici_80.0.wav
3037,3038,5068.382953,5069.152698,0.7697449999996024,5068.362953,5069.172698,0.8097450000004756,100.0,click_train_03037_start_5068.383s_ici_100.0.wav,/Users/nfot413/dolphin_project/official_click_features/segments/click_train_03037_start_5068.383s_ici_100.0.wav
3038,3039,5069.447901,5071.580854,2.1329530000002705,5069.427900999999,5071.600854,2.1729530000011437,65.0,click_train_03038_start_5069.448s_ici_65.0.wav,/Users/nfot413/dolphin_project/official_click_features/segments/click_train_03038_start_5069.448s_ici_65.0.wav
3039,3040,5071.829229,5072.406255,0.5770259999999325,5071.8092289999995,5072.426255,0.6170260000008057,85.0,click_train_03039_start_5071.829s_ici_85.0.wav,/Users/nfot413/dolphin_project/official_click_features/segments/click_train_03039_start_5071.829s_ici_85.0.wav
3040,3041,5072.939563,5073.171891,0.23232800000005227,5072.9195629999995,5073.191891,0.2723280000009254,50.0,click_train_03040_start_5072.940s_ici_50.0.wav,/Users/nfot413/dolphin_project/official_click_features/segments/click_train_03040_start_5072.940s_ici_50.0.wav
3041,3042,5074.718932,5074.818375,0.09944300000006479,5074.698931999999,5074.838375,0.1394430000009379,20.0,click_train_03041_start_5074.719s_ici_20.0.wav,/Users/nfot413/dolphin_project/official_click_features/segments/click_train_03041_start_5074.719s_ici_20.0.wav
3042,3043,5074.871563,5075.461776,0.5902130000004036,5074.851562999999,5075.4817760000005,0.6302130000012767,55.0,click_train_03042_start_5074.872s_ici_55.0.wav,/Users/nfot413/dolphin_project/official_click_features/segments/click_train_03042_start_5074.872s_ici_55.0.wav
3043,3044,5075.566052,5076.110948,0.5448959999994258,5075.546052,5076.130948,0.584896000000299,65.0,click_train_03043_start_5075.566s_ici_65.0.wav,/Users/nfot413/dolphin_project/official_click_features/segments/click_train_03043_start_5075.566s_ici_65.0.wav
3044,3045,5076.110948,5076.548151,0.4372030000004088,5076.090947999999,5076.568151,0.4772030000012819,90.0,click_train_03044_start_5076.111s_ici_90.0.wav,/Users/nfot413/dolphin_project/official_click_features/segments/click_train_03044_start_5076.111s_ici_90.0.wav
3045,3046,5076.62662,5076.908297,0.2816769999999451,5076.60662,5076.928297,0.3216770000008182,60.0,click_train_03045_start_5076.627s_ici_60.0.wav,/Users/nfot413/dolphin_project/official_click_features/segments/click_train_03045_start_5076.627s_ici_60.0.wav
3046,3047,5076.908297,5077.200911,0.29261399999995774,5076.8882969999995,5077.220911,0.33261400000083086,50.0,click_train_03046_start_5076.908s_ici_50.0.wav,/Users/nfot413/dolphin_project/official_click_features/segments/click_train_03046_start_5076.908s_ici_50.0.wav
3047,3048,5078.730276,5079.763562,1.0332859999998618,5078.710276,5079.7835620000005,1.073286000000735,50.0,click_train_03047_start_5078.730s_ici_50.0.wav,/Users/nfot413/dolphin_project/official_click_features/segments/click_train_03047_start_5078.730s_ici_50.0.wav
3048,3049,5079.763562,5079.809276,0.0457139999998617,5079.743562,5079.829276,0.08571400000073481,10.0,click_train_03048_start_5079.764s_ici_10.0.wav,/Users/nfot413/dolphin_project/official_click_features/segments/click_train_03048_start_5079.764s_ici_10.0.wav
3049,3050,5079.809276,5080.133531,0.3242550000004485,5079.7892759999995,5080.153531000001,0.3642550000013216,45.0,click_train_03049_start_5079.809s_ici_45.0.wav,/Users/nfot413/dolphin_project/official_click_features/segments/click_train_03049_start_5079.809s_ici_45.0.wav
3050,3051,5080.159641,5080.576458,0.4168169999993552,5080.139641,5080.596458,0.4568170000002283,40.0,click_train_03050_start_5080.160s_ici_40.0.wav,/Users/nfot413/dolphin_project/official_click_features/segments/click_train_03050_start_5080.160s_ici_40.0.wav
3051,3052,5080.705635,5081.11563,0.4099949999999808,5080.685635,5081.135630000001,0.4499950000008539,30.0,click_train_03051_start_5080.706s_ici_30.0.wav,/Users/nfot413/dolphin_project/official_click_features/segments/click_train_03051_start_5080.706s_ici_30.0.wav
3052,3053,5081.11563,5081.770432,0.6548020000000179,5081.09563,5081.790432000001,0.694802000000891,5.0,click_train_03052_start_5081.116s_ici_5.0.wav,/Users/nfot413/dolphin_project/official_click_features/segments/click_train_03052_start_5081.116s_ici_5.0.wav
3053,3054,5081.789849,5081.819734,0.029884999999922,5081.769848999999,5081.839734,0.06988500000079512,5.0,click_train_03053_start_5081.790s_ici_5.0.wav,/Users/nfot413/dolphin_project/official_click_features/segments/click_train_03053_start_5081.790s_ici_5.0.wav
3054,3055,5082.309359,5082.838661,0.529301999999916,5082.289358999999,5082.858661,0.5693020000007891,35.0,click_train_03054_start_5082.309s_ici_35.0.wav,/Users/nfot413/dolphin_project/official_click_features/segments/click_train_03054_start_5082.309s_ici_35.0.wav
3055,3056,5083.066557,5083.37526,0.30870299999969575,5083.046557,5083.39526,0.34870300000056886,40.0,click_train_03055_start_5083.067s_ici_40.0.wav,/Users/nfot413/dolphin_project/official_click_features/segments/click_train_03055_start_5083.067s_ici_40.0.wav
3056,3057,5083.391589,5083.656896,0.2653070000005755,5083.371588999999,5083.676896000001,0.3053070000014486,60.0,click_train_03056_start_5083.392s_ici_60.0.wav,/Users/nfot413/dolphin_project/official_click_features/segments/click_train_03056_start_5083.392s_ici_60.0.wav
3057,3058,5083.701469,5084.062844,0.36137500000040745,5083.681468999999,5084.0828440000005,0.40137500000128057,50.0,click_train_03057_start_5083.701s_ici_50.0.wav,/Users/nfot413/dolphin_project/official_click_features/segments/click_train_03057_start_5083.701s_ici_50.0.wav
3058,3059,5084.644589,5085.031922,0.3873329999996713,5084.624589,5085.051922000001,0.4273330000005444,30.0,click_train_03058_start_5084.645s_ici_30.0.wav,/Users/nfot413/dolphin_project/official_click_features/segments/click_train_03058_start_5084.645s_ici_30.0.wav
3059,3060,5085.059505,5085.430401,0.37089599999944767,5085.039505,5085.450401,0.4108960000003208,25.0,click_train_03059_start_5085.060s_ici_25.0.wav,/Users/nfot413/dolphin_project/official_click_features/segments/click_train_03059_start_5085.060s_ici_25.0.wav
3060,3061,5085.455474,5085.942833,0.4873589999997421,5085.435474,5085.9628330000005,0.5273590000006152,30.0,click_train_03060_start_5085.455s_ici_30.0.wav,/Users/nfot413/dolphin_project/official_click_features/segments/click_train_03060_start_5085.455s_ici_30.0.wav
3061,3062,5086.211922,5086.58226,0.3703379999997196,5086.191922,5086.602260000001,0.41033800000059273,75.0,click_train_03061_start_5086.212s_ici_75.0.wav,/Users/nfot413/dolphin_project/official_click_features/segments/click_train_03061_start_5086.212s_ici_75.0.wav
3062,3063,5086.599505,5087.52287,0.9233649999996487,5086.579505,5087.54287,0.9633650000005218,85.0,click_train_03062_start_5086.600s_ici_85.0.wav,/Users/nfot413/dolphin_project/official_click_features/segments/click_train_03062_start_5086.600s_ici_85.0.wav
3063,3064,5087.693948,5088.43088,0.736931999999797,5087.673948,5088.45088,0.7769320000006701,85.0,click_train_03063_start_5087.694s_ici_85.0.wav,/Users/nfot413/dolphin_project/official_click_features/segments/click_train_03063_start_5087.694s_ici_85.0.wav
3064,3065,5089.520688,5089.573161,0.0524730000006457,5089.500687999999,5089.593161000001,0.09247300000151881,10.0,click_train_03064_start_5089.521s_ici_10.0.wav,/Users/nfot413/dolphin_project/official_click_features/segments/click_train_03064_start_5089.521s_ici_10.0.wav
3065,3066,5090.53125,5090.678964,0.14771399999972346,5090.51125,5090.698964,0.18771400000059657,15.0,click_train_03065_start_5090.531s_ici_15.0.wav,/Users/nfot413/dolphin_project/official_click_features/segments/click_train_03065_start_5090.531s_ici_15.0.wav
3066,3067,5090.678964,5090.997599,0.31863500000054046,5090.658963999999,5091.017599000001,0.3586350000014136,35.0,click_train_03066_start_5090.679s_ici_35.0.wav,/Users/nfot413/dolphin_project/official_click_features/segments/click_train_03066_start_5090.679s_ici_35.0.wav
3067,3068,5091.02787,5092.969208,1.9413380000005418,5091.0078699999995,5092.989208000001,1.981338000001415,30.0,click_train_03067_start_5091.028s_ici_30.0.wav,/Users/nfot413/dolphin_project/official_click_features/segments/click_train_03067_start_5091.028s_ici_30.0.wav
3068,3069,5093.219073,5093.953573,0.7344999999995707,5093.199073,5093.973573,0.7745000000004438,5.0,click_train_03068_start_5093.219s_ici_5.0.wav,/Users/nfot413/dolphin_project/official_click_features/segments/click_train_03068_start_5093.219s_ici_5.0.wav
3069,3070,5093.953573,5094.138375,0.1848020000006727,5093.933572999999,5094.158375000001,0.22480200000154582,25.0,click_train_03069_start_5093.954s_ici_25.0.wav,/Users/nfot413/dolphin_project/official_click_features/segments/click_train_03069_start_5093.954s_ici_25.0.wav
3070,3071,5094.159464,5095.871609,1.7121449999995093,5094.139464,5095.891609,1.7521450000003824,5.0,click_train_03070_start_5094.159s_ici_5.0.wav,/Users/nfot413/dolphin_project/official_click_features/segments/click_train_03070_start_5094.159s_ici_5.0.wav
3071,3072,5097.655406,5098.084469,0.4290630000004967,5097.635405999999,5098.104469000001,0.4690630000013698,35.0,click_train_03071_start_5097.655s_ici_35.0.wav,/Users/nfot413/dolphin_project/official_click_features/segments/click_train_03071_start_5097.655s_ici_35.0.wav
3072,3073,5098.118375,5099.010937,0.8925619999999981,5098.098375,5099.030937,0.9325620000008712,35.0,click_train_03072_start_5098.118s_ici_35.0.wav,/Users/nfot413/dolphin_project/official_click_features/segments/click_train_03072_start_5098.118s_ici_35.0.wav
3073,3074,5099.041839,5100.0,0.9581609999995635,5099.021839,5100.02,0.9981610000004366,35.0,click_train_03073_start_5099.042s_ici_35.0.wav,/Users/nfot413/dolphin_project/official_click_features/segments/click_train_03073_start_5099.042s_ici_35.0.wav
3074,3075,5100.011396,5100.119052,0.10765600000013364,5099.991395999999,5100.139052,0.14765600000100676,15.0,click_train_03074_start_5100.011s_ici_15.0.wav,/Users/nfot413/dolphin_project/official_click_features/segments/click_train_03074_start_5100.011s_ici_15.0.wav
3075,3076,5100.119052,5100.385073,0.26602100000036444,5100.099052,5100.405073000001,0.30602100000123755,40.0,click_train_03075_start_5100.119s_ici_40.0.wav,/Users/nfot413/dolphin_project/official_click_features/segments/click_train_03075_start_5100.119s_ici_40.0.wav
3076,3077,5100.422531,5102.706151,2.2836200000001554,5100.402531,5102.726151000001,2.3236200000010285,35.0,click_train_03076_start_5100.423s_ici_35.0.wav,/Users/nfot413/dolphin_project/official_click_features/segments/click_train_03076_start_5100.423s_ici_35.0.wav
3077,3078,5102.861255,5103.829885,0.968630000000303,5102.841254999999,5103.8498850000005,1.008630000001176,25.0,click_train_03077_start_5102.861s_ici_25.0.wav,/Users/nfot413/dolphin_project/official_click_features/segments/click_train_03077_start_5102.861s_ici_25.0.wav
3078,3079,5104.000328,5104.446677,0.44634899999982736,5103.980328,5104.466677,0.48634900000070047,65.0,click_train_03078_start_5104.000s_ici_65.0.wav,/Users/nfot413/dolphin_project/official_click_features/segments/click_train_03078_start_5104.000s_ici_65.0.wav
3079,3080,5104.785214,5105.729458,0.9442439999993439,5104.765214,5105.749458,0.9842440000002171,80.0,click_train_03079_start_5104.785s_ici_80.0.wav,/Users/nfot413/dolphin_project/official_click_features/segments/click_train_03079_start_5104.785s_ici_80.0.wav
3080,3081,5107.018036,5107.478719,0.46068299999933515,5106.998036,5107.498719,0.5006830000002083,60.0,click_train_03080_start_5107.018s_ici_60.0.wav,/Users/nfot413/dolphin_project/official_click_features/segments/click_train_03080_start_5107.018s_ici_60.0.wav
3081,3082,5107.804948,5108.210156,0.4052080000001297,5107.7849479999995,5108.2301560000005,0.4452080000010028,80.0,click_train_03081_start_5107.805s_ici_80.0.wav,/Users/nfot413/dolphin_project/official_click_features/segments/click_train_03081_start_5107.805s_ici_80.0.wav
3082,3083,5112.521661,5112.61276,0.09109900000021298,5112.501660999999,5112.63276,0.1310990000010861,15.0,click_train_03082_start_5112.522s_ici_15.0.wav,/Users/nfot413/dolphin_project/official_click_features/segments/click_train_03082_start_5112.522s_ici_15.0.wav
3083,3084,5113.11326,5113.261516,0.1482559999994919,5113.09326,5113.281516,0.18825600000036502,20.0,click_train_03083_start_5113.113s_ici_20.0.wav,/Users/nfot413/dolphin_project/official_click_features/segments/click_train_03083_start_5113.113s_ici_20.0.wav
3084,3085,5144.94638,5145.291438,0.34505799999988085,5144.92638,5145.311438000001,0.38505800000075396,60.0,click_train_03084_start_5144.946s_ici_60.0.wav,/Users/nfot413/dolphin_project/official_click_features/segments/click_train_03084_start_5144.946s_ici_60.0.wav
3085,3086,5173.578401,5173.62488,0.04647900000054506,5173.558400999999,5173.644880000001,0.08647900000141817,5.0,click_train_03085_start_5173.578s_ici_5.0.wav,/Users/nfot413/dolphin_project/official_click_features/segments/click_train_03085_start_5173.578s_ici_5.0.wav
3086,3087,5187.64638,5188.200729,0.554349000000002,5187.62638,5188.220729000001,0.5943490000008751,65.0,click_train_03086_start_5187.646s_ici_65.0.wav,/Users/nfot413/dolphin_project/official_click_features/segments/click_train_03086_start_5187.646s_ici_65.0.wav
3087,3088,5189.584187,5190.247156,0.6629689999999755,5189.564187,5190.267156000001,0.7029690000008486,135.0,click_train_03087_start_5189.584s_ici_135.0.wav,/Users/nfot413/dolphin_project/official_click_features/segments/click_train_03087_start_5189.584s_ici_135.0.wav
3088,3089,5191.442339,5191.948833,0.5064940000002025,5191.422339,5191.968833000001,0.5464940000010756,105.0,click_train_03088_start_5191.442s_ici_105.0.wav,/Users/nfot413/dolphin_project/official_click_features/segments/click_train_03088_start_5191.442s_ici_105.0.wav
3089,3090,5200.435646,5200.662036,0.22638999999981024,5200.4156459999995,5200.682036,0.26639000000068336,50.0,click_train_03089_start_5200.436s_ici_50.0.wav,/Users/nfot413/dolphin_project/official_click_features/segments/click_train_03089_start_5200.436s_ici_50.0.wav
3090,3091,5201.992688,5202.071474,0.07878600000003644,5201.972688,5202.091474000001,0.11878600000090955,10.0,click_train_03090_start_5201.993s_ici_10.0.wav,/Users/nfot413/dolphin_project/official_click_features/segments/click_train_03090_start_5201.993s_ici_10.0.wav
3091,3092,5202.071474,5202.404432,0.33295799999996234,5202.051474,5202.424432000001,0.37295800000083545,45.0,click_train_03091_start_5202.071s_ici_45.0.wav,/Users/nfot413/dolphin_project/official_click_features/segments/click_train_03091_start_5202.071s_ici_45.0.wav
3092,3093,5222.532458,5223.021313,0.4888550000005125,5222.512457999999,5223.041313000001,0.5288550000013856,85.0,click_train_03092_start_5222.532s_ici_85.0.wav,/Users/nfot413/dolphin_project/official_click_features/segments/click_train_03092_start_5222.532s_ici_85.0.wav
3093,3094,5223.376849,5223.715453,0.33860399999957735,5223.356849,5223.735453,0.37860400000045047,60.0,click_train_03093_start_5223.377s_ici_60.0.wav,/Users/nfot413/dolphin_project/official_click_features/segments/click_train_03093_start_5223.377s_ici_60.0.wav
3094,3095,5223.825229,5224.154286,0.32905699999992066,5223.805229,5224.174286,0.3690570000007938,40.0,click_train_03094_start_5223.825s_ici_40.0.wav,/Users/nfot413/dolphin_project/official_click_features/segments/click_train_03094_start_5223.825s_ici_40.0.wav
3095,3096,5224.154286,5225.054646,0.9003599999996368,5224.1342859999995,5225.074646,0.9403600000005099,40.0,click_train_03095_start_5224.154s_ici_40.0.wav,/Users/nfot413/dolphin_project/official_click_features/segments/click_train_03095_start_5224.154s_ici_40.0.wav
3096,3097,5225.108943,5225.355849,0.24690599999939877,5225.088943,5225.375849,0.2869060000002719,30.0,click_train_03096_start_5225.109s_ici_30.0.wav,/Users/nfot413/dolphin_project/official_click_features/segments/click_train_03096_start_5225.109s_ici_30.0.wav
3097,3098,5225.377667,5225.603193,0.22552600000017264,5225.357666999999,5225.623193,0.26552600000104576,25.0,click_train_03097_start_5225.378s_ici_25.0.wav,/Users/nfot413/dolphin_project/official_click_features/segments/click_train_03097_start_5225.378s_ici_25.0.wav
3098,3099,5226.194646,5226.358786,0.16413999999986117,5226.1746459999995,5226.378786,0.2041400000007343,30.0,click_train_03098_start_5226.195s_ici_30.0.wav,/Users/nfot413/dolphin_project/official_click_features/segments/click_train_03098_start_5226.195s_ici_30.0.wav
3099,3100,5226.52063,5226.655115,0.13448499999958585,5226.50063,5226.675115,0.17448500000045897,25.0,click_train_03099_start_5226.521s_ici_25.0.wav,/Users/nfot413/dolphin_project/official_click_features/segments/click_train_03099_start_5226.521s_ici_25.0.wav
3100,3101,5226.851865,5227.347188,0.49532300000009855,5226.831864999999,5227.367188,0.5353230000009717,55.0,click_train_03100_start_5226.852s_ici_55.0.wav,/Users/nfot413/dolphin_project/official_click_features/segments/click_train_03100_start_5226.852s_ici_55.0.wav
3101,3102,5227.655271,5228.003401,0.34813000000031025,5227.635270999999,5228.023401,0.38813000000118336,50.0,click_train_03101_start_5227.655s_ici_50.0.wav,/Users/nfot413/dolphin_project/official_click_features/segments/click_train_03101_start_5227.655s_ici_50.0.wav
3102,3103,5228.177521,5228.247604,0.07008300000052259,5228.157520999999,5228.267604000001,0.1100830000013957,10.0,click_train_03102_start_5228.178s_ici_10.0.wav,/Users/nfot413/dolphin_project/official_click_features/segments/click_train_03102_start_5228.178s_ici_10.0.wav
3103,3104,5228.247604,5228.602792,0.35518799999954354,5228.227604,5228.622792,0.39518800000041665,55.0,click_train_03103_start_5228.248s_ici_55.0.wav,/Users/nfot413/dolphin_project/official_click_features/segments/click_train_03103_start_5228.248s_ici_55.0.wav
3104,3105,5228.602792,5228.764031,0.16123900000002322,5228.582791999999,5228.784031,0.20123900000089634,30.0,click_train_03104_start_5228.603s_ici_30.0.wav,/Users/nfot413/dolphin_project/official_click_features/segments/click_train_03104_start_5228.603s_ici_30.0.wav
3105,3106,5229.154224,5229.285333,0.13110899999992398,5229.134223999999,5229.305333,0.1711090000007971,30.0,click_train_03105_start_5229.154s_ici_30.0.wav,/Users/nfot413/dolphin_project/official_click_features/segments/click_train_03105_start_5229.154s_ici_30.0.wav
3106,3107,5229.285333,5229.585833,0.30050000000028376,5229.265332999999,5229.6058330000005,0.3405000000011569,65.0,click_train_03106_start_5229.285s_ici_65.0.wav,/Users/nfot413/dolphin_project/official_click_features/segments/click_train_03106_start_5229.285s_ici_65.0.wav
3107,3108,5230.99137,5231.814672,0.8233020000006945,5230.971369999999,5231.834672000001,0.8633020000015676,45.0,click_train_03107_start_5230.991s_ici_45.0.wav,/Users/nfot413/dolphin_project/official_click_features/segments/click_train_03107_start_5230.991s_ici_45.0.wav
3108,3109,5231.999349,5232.360344,0.3609950000000026,5231.979348999999,5232.380344,0.40099500000087573,40.0,click_train_03108_start_5231.999s_ici_40.0.wav,/Users/nfot413/dolphin_project/official_click_features/segments/click_train_03108_start_5231.999s_ici_40.0.wav
3109,3110,5232.61425,5232.817099,0.20284900000024209,5232.594249999999,5232.837099,0.2428490000011152,10.0,click_train_03109_start_5232.614s_ici_10.0.wav,/Users/nfot413/dolphin_project/official_click_features/segments/click_train_03109_start_5232.614s_ici_10.0.wav
3110,3111,5232.837422,5232.901057,0.06363500000043132,5232.817421999999,5232.9210570000005,0.10363500000130443,10.0,click_train_03110_start_5232.837s_ici_10.0.wav,/Users/nfot413/dolphin_project/official_click_features/segments/click_train_03110_start_5232.837s_ici_10.0.wav
3111,3112,5233.01026,5233.419573,0.40931300000011106,5232.99026,5233.439573000001,0.4493130000009842,10.0,click_train_03111_start_5233.010s_ici_10.0.wav,/Users/nfot413/dolphin_project/official_click_features/segments/click_train_03111_start_5233.010s_ici_10.0.wav
3112,3113,5233.419573,5234.111052,0.6914790000000721,5233.399573,5234.131052000001,0.7314790000009452,20.0,click_train_03112_start_5233.420s_ici_20.0.wav,/Users/nfot413/dolphin_project/official_click_features/segments/click_train_03112_start_5233.420s_ici_20.0.wav
3113,3114,5236.248245,5236.692693,0.44444800000019313,5236.228244999999,5236.712693,0.48444800000106625,35.0,click_train_03113_start_5236.248s_ici_35.0.wav,/Users/nfot413/dolphin_project/official_click_features/segments/click_train_03113_start_5236.248s_ici_35.0.wav
3114,3115,5236.925177,5237.677771,0.7525939999995899,5236.905177,5237.697771,0.792594000000463,40.0,click_train_03114_start_5236.925s_ici_40.0.wav,/Users/nfot413/dolphin_project/official_click_features/segments/click_train_03114_start_5236.925s_ici_40.0.wav
3115,3116,5237.723859,5237.968625,0.24476600000070903,5237.703858999999,5237.988625000001,0.28476600000158214,50.0,click_train_03115_start_5237.724s_ici_50.0.wav,/Users/nfot413/dolphin_project/official_click_features/segments/click_train_03115_start_5237.724s_ici_50.0.wav
3116,3117,5239.347766,5239.453255,0.10548900000048889,5239.327765999999,5239.473255000001,0.145489000001362,10.0,click_train_03116_start_5239.348s_ici_10.0.wav,/Users/nfot413/dolphin_project/official_click_features/segments/click_train_03116_start_5239.348s_ici_10.0.wav
3117,3118,5240.312526,5240.834339,0.521813000000293,5240.292525999999,5240.854339,0.5618130000011661,70.0,click_train_03117_start_5240.313s_ici_70.0.wav,/Users/nfot413/dolphin_project/official_click_features/segments/click_train_03117_start_5240.313s_ici_70.0.wav
3118,3119,5240.834339,5241.996891,1.1625519999997778,5240.814339,5242.016891,1.2025520000006509,35.0,click_train_03118_start_5240.834s_ici_35.0.wav,/Users/nfot413/dolphin_project/official_click_features/segments/click_train_03118_start_5240.834s_ici_35.0.wav
3119,3120,5242.025891,5242.28526,0.259368999999424,5242.005891,5242.30526,0.2993690000002971,15.0,click_train_03119_start_5242.026s_ici_15.0.wav,/Users/nfot413/dolphin_project/official_click_features/segments/click_train_03119_start_5242.026s_ici_15.0.wav
3120,3121,5242.28526,5242.535818,0.25055800000063755,5242.265259999999,5242.555818000001,0.29055800000151066,40.0,click_train_03120_start_5242.285s_ici_40.0.wav,/Users/nfot413/dolphin_project/official_click_features/segments/click_train_03120_start_5242.285s_ici_40.0.wav
3121,3122,5242.653083,5243.348792,0.6957089999996242,5242.633083,5243.368792,0.7357090000004973,30.0,click_train_03121_start_5242.653s_ici_30.0.wav,/Users/nfot413/dolphin_project/official_click_features/segments/click_train_03121_start_5242.653s_ici_30.0.wav
3122,3123,5243.348792,5244.342625,0.9938330000004498,5243.328791999999,5244.362625000001,1.033833000001323,5.0,click_train_03122_start_5243.349s_ici_5.0.wav,/Users/nfot413/dolphin_project/official_click_features/segments/click_train_03122_start_5243.349s_ici_5.0.wav
3123,3124,5244.342625,5244.570516,0.22789099999954487,5244.322625,5244.590516,0.267891000000418,5.0,click_train_03123_start_5244.343s_ici_5.0.wav,/Users/nfot413/dolphin_project/official_click_features/segments/click_train_03123_start_5244.343s_ici_5.0.wav
3124,3125,5244.906755,5245.601953,0.6951980000003459,5244.8867549999995,5245.621953000001,0.735198000001219,25.0,click_train_03124_start_5244.907s_ici_25.0.wav,/Users/nfot413/dolphin_project/official_click_features/segments/click_train_03124_start_5244.907s_ici_25.0.wav
3125,3126,5245.799609,5246.175177,0.3755680000003849,5245.779608999999,5246.1951770000005,0.41556800000125804,35.0,click_train_03125_start_5245.800s_ici_35.0.wav,/Users/nfot413/dolphin_project/official_click_features/segments/click_train_03125_start_5245.800s_ici_35.0.wav
3126,3127,5246.314807,5246.438911,0.1241040000004432,5246.294806999999,5246.458911000001,0.1641040000013163,25.0,click_train_03126_start_5246.315s_ici_25.0.wav,/Users/nfot413/dolphin_project/official_click_features/segments/click_train_03126_start_5246.315s_ici_25.0.wav
3127,3128,5246.438911,5246.968656,0.5297449999998207,5246.418911,5246.988656,0.5697450000006938,65.0,click_train_03127_start_5246.439s_ici_65.0.wav,/Users/nfot413/dolphin_project/official_click_features/segments/click_train_03127_start_5246.439s_ici_65.0.wav
3128,3129,5247.069385,5247.627411,0.5580260000006092,5247.049384999999,5247.647411000001,0.5980260000014823,50.0,click_train_03128_start_5247.069s_ici_50.0.wav,/Users/nfot413/dolphin_project/official_click_features/segments/click_train_03128_start_5247.069s_ici_50.0.wav
3129,3130,5249.167682,5250.381109,1.2134269999996832,5249.147682,5250.401109,1.2534270000005563,30.0,click_train_03129_start_5249.168s_ici_30.0.wav,/Users/nfot413/dolphin_project/official_click_features/segments/click_train_03129_start_5249.168s_ici_30.0.wav
3130,3131,5250.414005,5250.907729,0.4937239999999292,5250.394004999999,5250.927729,0.5337240000008023,20.0,click_train_03130_start_5250.414s_ici_20.0.wav,/Users/nfot413/dolphin_project/official_click_features/segments/click_train_03130_start_5250.414s_ici_20.0.wav
3131,3132,5250.907729,5251.499859,0.5921299999999974,5250.887728999999,5251.519859,0.6321300000008705,5.0,click_train_03131_start_5250.908s_ici_5.0.wav,/Users/nfot413/dolphin_project/official_click_features/segments/click_train_03131_start_5250.908s_ici_5.0.wav
3132,3133,5251.499859,5252.016432,0.5165730000007898,5251.479858999999,5252.036432000001,0.5565730000016629,10.0,click_train_03132_start_5251.500s_ici_10.0.wav,/Users/nfot413/dolphin_project/official_click_features/segments/click_train_03132_start_5251.500s_ici_10.0.wav
3133,3134,5252.716318,5253.350969,0.6346510000003036,5252.696317999999,5253.3709690000005,0.6746510000011767,65.0,click_train_03133_start_5252.716s_ici_65.0.wav,/Users/nfot413/dolphin_project/official_click_features/segments/click_train_03133_start_5252.716s_ici_65.0.wav
3134,3135,5279.345766,5279.407568,0.06180199999926117,5279.325766,5279.427568,0.10180200000013429,10.0,click_train_03134_start_5279.346s_ici_10.0.wav,/Users/nfot413/dolphin_project/official_click_features/segments/click_train_03134_start_5279.346s_ici_10.0.wav
3135,3136,5280.081792,5280.806833,0.7250409999996918,5280.0617919999995,5280.826833,0.765041000000565,55.0,click_train_03135_start_5280.082s_ici_55.0.wav,/Users/nfot413/dolphin_project/official_click_features/segments/click_train_03135_start_5280.082s_ici_55.0.wav
3136,3137,5280.845911,5283.581927,2.736015999999836,5280.825911,5283.601927000001,2.776016000000709,40.0,click_train_03136_start_5280.846s_ici_40.0.wav,/Users/nfot413/dolphin_project/official_click_features/segments/click_train_03136_start_5280.846s_ici_40.0.wav
3137,3138,5283.617484,5283.797323,0.17983899999944697,5283.597484,5283.817323,0.21983900000032008,30.0,click_train_03137_start_5283.617s_ici_30.0.wav,/Users/nfot413/dolphin_project/official_click_features/segments/click_train_03137_start_5283.617s_ici_30.0.wav
3138,3139,5283.823958,5284.506307,0.6823489999997037,5283.8039579999995,5284.526307,0.7223490000005768,25.0,click_train_03138_start_5283.824s_ici_25.0.wav,/Users/nfot413/dolphin_project/official_click_features/segments/click_train_03138_start_5283.824s_ici_25.0.wav
3139,3140,5284.506307,5285.259927,0.7536200000004101,5284.486306999999,5285.2799270000005,0.7936200000012832,40.0,click_train_03139_start_5284.506s_ici_40.0.wav,/Users/nfot413/dolphin_project/official_click_features/segments/click_train_03139_start_5284.506s_ici_40.0.wav
3140,3141,5285.302609,5285.801536,0.4989269999996395,5285.282609,5285.821536,0.5389270000005126,50.0,click_train_03140_start_5285.303s_ici_50.0.wav,/Users/nfot413/dolphin_project/official_click_features/segments/click_train_03140_start_5285.303s_ici_50.0.wav
3141,3142,5285.848703,5286.243469,0.39476600000034523,5285.828702999999,5286.263469,0.43476600000121834,50.0,click_train_03141_start_5285.849s_ici_50.0.wav,/Users/nfot413/dolphin_project/official_click_features/segments/click_train_03141_start_5285.849s_ici_50.0.wav
3142,3143,5286.296302,5287.151646,0.8553440000005139,5286.276301999999,5287.171646000001,0.895344000001387,45.0,click_train_03142_start_5286.296s_ici_45.0.wav,/Users/nfot413/dolphin_project/official_click_features/segments/click_train_03142_start_5286.296s_ici_45.0.wav
3143,3144,5287.221417,5287.456536,0.23511899999994057,5287.201416999999,5287.476536,0.2751190000008137,45.0,click_train_03143_start_5287.221s_ici_45.0.wav,/Users/nfot413/dolphin_project/official_click_features/segments/click_train_03143_start_5287.221s_ici_45.0.wav
3144,3145,5287.552016,5288.469224,0.9172080000007554,5287.532015999999,5288.489224000001,0.9572080000016285,10.0,click_train_03144_start_5287.552s_ici_10.0.wav,/Users/nfot413/dolphin_project/official_click_features/segments/click_train_03144_start_5287.552s_ici_10.0.wav
3145,3146,5288.469224,5289.186682,0.7174579999991693,5288.449224,5289.206682,0.7574580000000424,35.0,click_train_03145_start_5288.469s_ici_35.0.wav,/Users/nfot413/dolphin_project/official_click_features/segments/click_train_03145_start_5288.469s_ici_35.0.wav
3146,3147,5289.186682,5289.620339,0.433657000000494,5289.166681999999,5289.6403390000005,0.4736570000013671,65.0,click_train_03146_start_5289.187s_ici_65.0.wav,/Users/nfot413/dolphin_project/official_click_features/segments/click_train_03146_start_5289.187s_ici_65.0.wav
3147,3148,5289.818271,5290.005203,0.18693199999961507,5289.798271,5290.025203,0.2269320000004882,25.0,click_train_03147_start_5289.818s_ici_25.0.wav,/Users/nfot413/dolphin_project/official_click_features/segments/click_train_03147_start_5289.818s_ici_25.0.wav
3148,3149,5290.005203,5290.734578,0.7293749999998909,5289.985202999999,5290.754578,0.769375000000764,15.0,click_train_03148_start_5290.005s_ici_15.0.wav,/Users/nfot413/dolphin_project/official_click_features/segments/click_train_03148_start_5290.005s_ici_15.0.wav
3149,3150,5290.734578,5290.965771,0.23119300000053045,5290.714577999999,5290.985771000001,0.27119300000140356,40.0,click_train_03149_start_5290.735s_ici_40.0.wav,/Users/nfot413/dolphin_project/official_click_features/segments/click_train_03149_start_5290.735s_ici_40.0.wav
3150,3151,5290.965771,5292.661854,1.6960829999998168,5290.945771,5292.681854,1.73608300000069,30.0,click_train_03150_start_5290.966s_ici_30.0.wav,/Users/nfot413/dolphin_project/official_click_features/segments/click_train_03150_start_5290.966s_ici_30.0.wav
3151,3152,5292.661854,5293.272687,0.6108329999997295,5292.6418539999995,5293.292687,0.6508330000006026,10.0,click_train_03151_start_5292.662s_ici_10.0.wav,/Users/nfot413/dolphin_project/official_click_features/segments/click_train_03151_start_5292.662s_ici_10.0.wav
3152,3153,5293.272687,5293.49374,0.2210530000002109,5293.252686999999,5293.51374,0.261053000001084,15.0,click_train_03152_start_5293.273s_ici_15.0.wav,/Users/nfot413/dolphin_project/official_click_features/segments/click_train_03152_start_5293.273s_ici_15.0.wav
3153,3154,5293.942312,5299.494745,5.552432999999837,5293.922312,5299.514745,5.59243300000071,5.0,click_train_03153_start_5293.942s_ici_5.0.wav,/Users/nfot413/dolphin_project/official_click_features/segments/click_train_03153_start_5293.942s_ici_5.0.wav
3154,3155,5300.289891,5300.709974,0.4200829999999769,5300.269891,5300.729974000001,0.46008300000085,70.0,click_train_03154_start_5300.290s_ici_70.0.wav,/Users/nfot413/dolphin_project/official_click_features/segments/click_train_03154_start_5300.290s_ici_70.0.wav
3155,3156,5301.812542,5302.175234,0.36269200000060664,5301.792541999999,5302.195234000001,0.40269200000147976,75.0,click_train_03155_start_5301.813s_ici_75.0.wav,/Users/nfot413/dolphin_project/official_click_features/segments/click_train_03155_start_5301.813s_ici_75.0.wav
3156,3157,5304.173911,5304.337688,0.16377699999975448,5304.153910999999,5304.357688,0.2037770000006276,35.0,click_train_03156_start_5304.174s_ici_35.0.wav,/Users/nfot413/dolphin_project/official_click_features/segments/click_train_03156_start_5304.174s_ici_35.0.wav
3157,3158,5309.473688,5309.749422,0.2757339999998294,5309.453688,5309.769422,0.3157340000007025,50.0,click_train_03157_start_5309.474s_ici_50.0.wav,/Users/nfot413/dolphin_project/official_click_features/segments/click_train_03157_start_5309.474s_ici_50.0.wav
3158,3159,5309.795708,5310.373542,0.577834000000621,5309.775707999999,5310.393542000001,0.6178340000014941,40.0,click_train_03158_start_5309.796s_ici_40.0.wav,/Users/nfot413/dolphin_project/official_click_features/segments/click_train_03158_start_5309.796s_ici_40.0.wav
3159,3160,5310.404828,5310.977255,0.5724270000000615,5310.384827999999,5310.997255,0.6124270000009346,30.0,click_train_03159_start_5310.405s_ici_30.0.wav,/Users/nfot413/dolphin_project/official_click_features/segments/click_train_03159_start_5310.405s_ici_30.0.wav
3160,3161,5311.008401,5311.991573,0.9831720000001951,5310.988401,5312.011573000001,1.0231720000010682,40.0,click_train_03160_start_5311.008s_ici_40.0.wav,/Users/nfot413/dolphin_project/official_click_features/segments/click_train_03160_start_5311.008s_ici_40.0.wav
3161,3162,5312.562115,5313.181365,0.6192500000006476,5312.542114999999,5313.201365000001,0.6592500000015207,45.0,click_train_03161_start_5312.562s_ici_45.0.wav,/Users/nfot413/dolphin_project/official_click_features/segments/click_train_03161_start_5312.562s_ici_45.0.wav
3162,3163,5313.225839,5313.637214,0.41137500000058935,5313.205838999999,5313.657214000001,0.45137500000146247,30.0,click_train_03162_start_5313.226s_ici_30.0.wav,/Users/nfot413/dolphin_project/official_click_features/segments/click_train_03162_start_5313.226s_ici_30.0.wav
3163,3164,5313.659797,5314.017359,0.3575620000001436,5313.639797,5314.037359000001,0.3975620000010167,15.0,click_train_03163_start_5313.660s_ici_15.0.wav,/Users/nfot413/dolphin_project/official_click_features/segments/click_train_03163_start_5313.660s_ici_15.0.wav
3164,3165,5314.017359,5314.383875,0.3665160000000469,5313.997359,5314.403875000001,0.40651600000092003,25.0,click_train_03164_start_5314.017s_ici_25.0.wav,/Users/nfot413/dolphin_project/official_click_features/segments/click_train_03164_start_5314.017s_ici_25.0.wav
3165,3166,5314.383875,5314.438938,0.05506299999979092,5314.363875,5314.458938000001,0.09506300000066403,10.0,click_train_03165_start_5314.384s_ici_10.0.wav,/Users/nfot413/dolphin_project/official_click_features/segments/click_train_03165_start_5314.384s_ici_10.0.wav
3166,3167,5314.438938,5315.527359,1.088420999999471,5314.418938,5315.547359,1.128421000000344,10.0,click_train_03166_start_5314.439s_ici_10.0.wav,/Users/nfot413/dolphin_project/official_click_features/segments/click_train_03166_start_5314.439s_ici_10.0.wav
3167,3168,5315.764589,5316.540443,0.7758539999995264,5315.744589,5316.560443,0.8158540000003995,60.0,click_train_03167_start_5315.765s_ici_60.0.wav,/Users/nfot413/dolphin_project/official_click_features/segments/click_train_03167_start_5315.765s_ici_60.0.wav
3168,3169,5316.540443,5316.669708,0.1292650000004869,5316.520442999999,5316.689708000001,0.16926500000136002,10.0,click_train_03168_start_5316.540s_ici_10.0.wav,/Users/nfot413/dolphin_project/official_click_features/segments/click_train_03168_start_5316.540s_ici_10.0.wav
3169,3170,5316.669708,5317.502755,0.8330470000000787,5316.649708,5317.522755000001,0.8730470000009518,35.0,click_train_03169_start_5316.670s_ici_35.0.wav,/Users/nfot413/dolphin_project/official_click_features/segments/click_train_03169_start_5316.670s_ici_35.0.wav
3170,3171,5317.737354,5318.379688,0.642334000000119,5317.717353999999,5318.399688,0.6823340000009921,20.0,click_train_03170_start_5317.737s_ici_20.0.wav,/Users/nfot413/dolphin_project/official_click_features/segments/click_train_03170_start_5317.737s_ici_20.0.wav
3171,3172,5318.379688,5318.572083,0.19239500000003318,5318.359688,5318.5920830000005,0.2323950000009063,40.0,click_train_03171_start_5318.380s_ici_40.0.wav,/Users/nfot413/dolphin_project/official_click_features/segments/click_train_03171_start_5318.380s_ici_40.0.wav
3172,3173,5318.613516,5319.761391,1.147874999999658,5318.593516,5319.781391,1.1878750000005311,40.0,click_train_03172_start_5318.614s_ici_40.0.wav,/Users/nfot413/dolphin_project/official_click_features/segments/click_train_03172_start_5318.614s_ici_40.0.wav
3173,3174,5319.802667,5320.243745,0.441077999999834,5319.7826669999995,5320.263745,0.4810780000007071,25.0,click_train_03173_start_5319.803s_ici_25.0.wav,/Users/nfot413/dolphin_project/official_click_features/segments/click_train_03173_start_5319.803s_ici_25.0.wav
3174,3175,5320.243745,5321.432797,1.189052000000629,5320.223744999999,5321.452797000001,1.2290520000015022,35.0,click_train_03174_start_5320.244s_ici_35.0.wav,/Users/nfot413/dolphin_project/official_click_features/segments/click_train_03174_start_5320.244s_ici_35.0.wav
3175,3176,5321.432797,5322.234859,0.8020619999997507,5321.412797,5322.254859000001,0.8420620000006238,5.0,click_train_03175_start_5321.433s_ici_5.0.wav,/Users/nfot413/dolphin_project/official_click_features/segments/click_train_03175_start_5321.433s_ici_5.0.wav
3176,3177,5322.234859,5324.915542,2.68068299999959,5322.214859,5324.935542,2.720683000000463,10.0,click_train_03176_start_5322.235s_ici_10.0.wav,/Users/nfot413/dolphin_project/official_click_features/segments/click_train_03176_start_5322.235s_ici_10.0.wav
3177,3178,5327.472198,5327.602083,0.1298849999993763,5327.452198,5327.622083,0.16988500000024942,30.0,click_train_03177_start_5327.472s_ici_30.0.wav,/Users/nfot413/dolphin_project/official_click_features/segments/click_train_03177_start_5327.472s_ici_30.0.wav
3178,3179,5327.886682,5328.408833,0.5221510000001217,5327.866682,5328.428833000001,0.5621510000009948,90.0,click_train_03178_start_5327.887s_ici_90.0.wav,/Users/nfot413/dolphin_project/official_click_features/segments/click_train_03178_start_5327.887s_ici_90.0.wav
3179,3180,5328.809286,5329.219396,0.4101100000007136,5328.789285999999,5329.239396000001,0.45011000000158674,45.0,click_train_03179_start_5328.809s_ici_45.0.wav,/Users/nfot413/dolphin_project/official_click_features/segments/click_train_03179_start_5328.809s_ici_45.0.wav
3180,3181,5329.701057,5330.120719,0.4196619999993345,5329.681057,5330.140719,0.4596620000002076,35.0,click_train_03180_start_5329.701s_ici_35.0.wav,/Users/nfot413/dolphin_project/official_click_features/segments/click_train_03180_start_5329.701s_ici_35.0.wav
3181,3182,5330.571219,5331.057865,0.4866459999993822,5330.551219,5331.077865,0.5266460000002553,70.0,click_train_03181_start_5330.571s_ici_70.0.wav,/Users/nfot413/dolphin_project/official_click_features/segments/click_train_03181_start_5330.571s_ici_70.0.wav
3182,3183,5331.413495,5331.83126,0.41776500000014494,5331.393494999999,5331.85126,0.45776500000101805,30.0,click_train_03182_start_5331.413s_ici_30.0.wav,/Users/nfot413/dolphin_project/official_click_features/segments/click_train_03182_start_5331.413s_ici_30.0.wav
3183,3184,5331.83126,5332.275516,0.4442559999997684,5331.8112599999995,5332.295516,0.4842560000006415,5.0,click_train_03183_start_5331.831s_ici_5.0.wav,/Users/nfot413/dolphin_project/official_click_features/segments/click_train_03183_start_5331.831s_ici_5.0.wav
3184,3185,5332.400266,5332.712161,0.31189500000073167,5332.380265999999,5332.732161000001,0.3518950000016048,5.0,click_train_03184_start_5332.400s_ici_5.0.wav,/Users/nfot413/dolphin_project/official_click_features/segments/click_train_03184_start_5332.400s_ici_5.0.wav
3185,3186,5332.712161,5332.954427,0.24226599999929022,5332.692161,5332.974427,0.28226600000016333,5.0,click_train_03185_start_5332.712s_ici_5.0.wav,/Users/nfot413/dolphin_project/official_click_features/segments/click_train_03185_start_5332.712s_ici_5.0.wav
3186,3187,5333.731792,5335.184859,1.4530670000003738,5333.711791999999,5335.204859,1.493067000001247,35.0,click_train_03186_start_5333.732s_ici_35.0.wav,/Users/nfot413/dolphin_project/official_click_features/segments/click_train_03186_start_5333.732s_ici_35.0.wav
3187,3188,5335.747026,5335.99013,0.24310400000013033,5335.727026,5336.010130000001,0.28310400000100344,45.0,click_train_03187_start_5335.747s_ici_45.0.wav,/Users/nfot413/dolphin_project/official_click_features/segments/click_train_03187_start_5335.747s_ici_45.0.wav
3188,3189,5336.131979,5336.803125,0.67114600000059,5336.111978999999,5336.823125000001,0.7111460000014631,30.0,click_train_03188_start_5336.132s_ici_30.0.wav,/Users/nfot413/dolphin_project/official_click_features/segments/click_train_03188_start_5336.132s_ici_30.0.wav
3189,3190,5336.803125,5337.158734,0.3556089999992764,5336.783125,5337.178734,0.39560900000014954,55.0,click_train_03189_start_5336.803s_ici_55.0.wav,/Users/nfot413/dolphin_project/official_click_features/segments/click_train_03189_start_5336.803s_ici_55.0.wav
3190,3191,5337.158734,5337.260729,0.10199499999998807,5337.138733999999,5337.280729,0.14199500000086118,10.0,click_train_03190_start_5337.159s_ici_10.0.wav,/Users/nfot413/dolphin_project/official_click_features/segments/click_train_03190_start_5337.159s_ici_10.0.wav
3191,3192,5337.449964,5337.526865,0.07690099999945232,5337.429964,5337.546865,0.11690100000032544,10.0,click_train_03191_start_5337.450s_ici_10.0.wav,/Users/nfot413/dolphin_project/official_click_features/segments/click_train_03191_start_5337.450s_ici_10.0.wav
3192,3193,5337.565766,5337.985698,0.4199320000006992,5337.545765999999,5338.005698000001,0.4599320000015723,25.0,click_train_03192_start_5337.566s_ici_25.0.wav,/Users/nfot413/dolphin_project/official_click_features/segments/click_train_03192_start_5337.566s_ici_25.0.wav
3193,3194,5337.985698,5338.338417,0.3527189999995244,5337.965698,5338.358417,0.3927190000003975,65.0,click_train_03193_start_5337.986s_ici_65.0.wav,/Users/nfot413/dolphin_project/official_click_features/segments/click_train_03193_start_5337.986s_ici_65.0.wav
3194,3195,5338.411187,5338.769635,0.358447999999953,5338.391186999999,5338.789635,0.39844800000082614,75.0,click_train_03194_start_5338.411s_ici_75.0.wav,/Users/nfot413/dolphin_project/official_click_features/segments/click_train_03194_start_5338.411s_ici_75.0.wav
3195,3196,5338.817828,5339.173911,0.3560829999996713,5338.797828,5339.193911,0.3960830000005444,65.0,click_train_03195_start_5338.818s_ici_65.0.wav,/Users/nfot413/dolphin_project/official_click_features/segments/click_train_03195_start_5338.818s_ici_65.0.wav
3196,3197,5340.10925,5340.384005,0.27475499999945896,5340.08925,5340.404005,0.3147550000003321,55.0,click_train_03196_start_5340.109s_ici_55.0.wav,/Users/nfot413/dolphin_project/official_click_features/segments/click_train_03196_start_5340.109s_ici_55.0.wav
3197,3198,5340.431672,5340.690885,0.2592130000002726,5340.411671999999,5340.710885,0.2992130000011457,60.0,click_train_03197_start_5340.432s_ici_60.0.wav,/Users/nfot413/dolphin_project/official_click_features/segments/click_train_03197_start_5340.432s_ici_60.0.wav
3198,3199,5340.782349,5341.197807,0.4154579999994894,5340.762349,5341.217807,0.4554580000003625,40.0,click_train_03198_start_5340.782s_ici_40.0.wav,/Users/nfot413/dolphin_project/official_click_features/segments/click_train_03198_start_5340.782s_ici_40.0.wav
3199,3200,5341.258786,5341.860432,0.6016460000000734,5341.238786,5341.880432000001,0.6416460000009465,40.0,click_train_03199_start_5341.259s_ici_40.0.wav,/Users/nfot413/dolphin_project/official_click_features/segments/click_train_03199_start_5341.259s_ici_40.0.wav
3200,3201,5341.890797,5342.737167,0.8463700000002063,5341.870797,5342.757167000001,0.8863700000010795,5.0,click_train_03200_start_5341.891s_ici_5.0.wav,/Users/nfot413/dolphin_project/official_click_features/segments/click_train_03200_start_5341.891s_ici_5.0.wav
3201,3202,5342.766396,5342.998865,0.2324689999995826,5342.746396,5343.018865,0.2724690000004557,25.0,click_train_03201_start_5342.766s_ici_25.0.wav,/Users/nfot413/dolphin_project/official_click_features/segments/click_train_03201_start_5342.766s_ici_25.0.wav
3202,3203,5343.057714,5343.421354,0.3636400000004869,5343.037713999999,5343.4413540000005,0.40364000000136,50.0,click_train_03202_start_5343.058s_ici_50.0.wav,/Users/nfot413/dolphin_project/official_click_features/segments/click_train_03202_start_5343.058s_ici_50.0.wav
3203,3204,5343.672578,5343.945151,0.27257300000019313,5343.652577999999,5343.965151,0.31257300000106625,10.0,click_train_03203_start_5343.673s_ici_10.0.wav,/Users/nfot413/dolphin_project/official_click_features/segments/click_train_03203_start_5343.673s_ici_10.0.wav
3204,3205,5343.968776,5344.892714,0.9239379999999073,5343.948775999999,5344.912714,0.9639380000007804,10.0,click_train_03204_start_5343.969s_ici_10.0.wav,/Users/nfot413/dolphin_project/official_click_features/segments/click_train_03204_start_5343.969s_ici_10.0.wav
3205,3206,5344.892714,5347.488984,2.596270000000004,5344.872713999999,5347.508984,2.636270000000877,10.0,click_train_03205_start_5344.893s_ici_10.0.wav,/Users/nfot413/dolphin_project/official_click_features/segments/click_train_03205_start_5344.893s_ici_10.0.wav
3206,3207,5347.488984,5347.668484,0.17950000000018917,5347.468983999999,5347.688484,0.2195000000010623,35.0,click_train_03206_start_5347.489s_ici_35.0.wav,/Users/nfot413/dolphin_project/official_click_features/segments/click_train_03206_start_5347.489s_ici_35.0.wav
3207,3208,5347.745604,5348.065005,0.31940100000065286,5347.725603999999,5348.085005000001,0.35940100000152597,50.0,click_train_03207_start_5347.746s_ici_50.0.wav,/Users/nfot413/dolphin_project/official_click_features/segments/click_train_03207_start_5347.746s_ici_50.0.wav
3208,3209,5348.103266,5349.587094,1.4838280000003579,5348.083266,5349.607094000001,1.523828000001231,30.0,click_train_03208_start_5348.103s_ici_30.0.wav,/Users/nfot413/dolphin_project/official_click_features/segments/click_train_03208_start_5348.103s_ici_30.0.wav
3209,3210,5349.628307,5350.051693,0.4233860000003915,5349.6083069999995,5350.071693000001,0.4633860000012646,40.0,click_train_03209_start_5349.628s_ici_40.0.wav,/Users/nfot413/dolphin_project/official_click_features/segments/click_train_03209_start_5349.628s_ici_40.0.wav
3210,3211,5350.08912,5350.275406,0.1862860000001092,5350.069119999999,5350.295406,0.2262860000009823,40.0,click_train_03210_start_5350.089s_ici_40.0.wav,/Users/nfot413/dolphin_project/official_click_features/segments/click_train_03210_start_5350.089s_ici_40.0.wav
3211,3212,5350.311401,5350.833896,0.5224950000001627,5350.2914009999995,5350.8538960000005,0.5624950000010358,35.0,click_train_03211_start_5350.311s_ici_35.0.wav,/Users/nfot413/dolphin_project/official_click_features/segments/click_train_03211_start_5350.311s_ici_35.0.wav
3212,3213,5350.851901,5351.066974,0.21507300000030227,5350.831901,5351.086974000001,0.2550730000011754,40.0,click_train_03212_start_5350.852s_ici_40.0.wav,/Users/nfot413/dolphin_project/official_click_features/segments/click_train_03212_start_5350.852s_ici_40.0.wav
3213,3214,5351.104026,5351.344734,0.24070800000026793,5351.0840259999995,5351.364734000001,0.28070800000114104,35.0,click_train_03213_start_5351.104s_ici_35.0.wav,/Users/nfot413/dolphin_project/official_click_features/segments/click_train_03213_start_5351.104s_ici_35.0.wav
3214,3215,5351.630333,5351.935297,0.3049639999999272,5351.610333,5351.955297,0.3449640000008003,45.0,click_train_03214_start_5351.630s_ici_45.0.wav,/Users/nfot413/dolphin_project/official_click_features/segments/click_train_03214_start_5351.630s_ici_45.0.wav
3215,3216,5352.984755,5353.042802,0.058046999999533,5352.964755,5353.062802,0.09804700000040611,5.0,click_train_03215_start_5352.985s_ici_5.0.wav,/Users/nfot413/dolphin_project/official_click_features/segments/click_train_03215_start_5352.985s_ici_5.0.wav
3216,3217,5353.157286,5353.5105,0.35321400000066205,5353.137285999999,5353.530500000001,0.39321400000153517,45.0,click_train_03216_start_5353.157s_ici_45.0.wav,/Users/nfot413/dolphin_project/official_click_features/segments/click_train_03216_start_5353.157s_ici_45.0.wav
3217,3218,5353.5105,5355.105365,1.594865000000027,5353.4905,5355.125365000001,1.6348650000009002,15.0,click_train_03217_start_5353.511s_ici_15.0.wav,/Users/nfot413/dolphin_project/official_click_features/segments/click_train_03217_start_5353.511s_ici_15.0.wav
3218,3219,5355.105365,5355.37025,0.2648849999995946,5355.085365,5355.39025,0.3048850000004677,35.0,click_train_03218_start_5355.105s_ici_35.0.wav,/Users/nfot413/dolphin_project/official_click_features/segments/click_train_03218_start_5355.105s_ici_35.0.wav
3219,3220,5355.403505,5355.642411,0.23890599999958795,5355.383505,5355.662411,0.27890600000046106,40.0,click_train_03219_start_5355.404s_ici_40.0.wav,/Users/nfot413/dolphin_project/official_click_features/segments/click_train_03219_start_5355.404s_ici_40.0.wav
3220,3221,5355.676552,5357.351568,1.6750160000001415,5355.6565519999995,5357.3715680000005,1.7150160000010146,40.0,click_train_03220_start_5355.677s_ici_40.0.wav,/Users/nfot413/dolphin_project/official_click_features/segments/click_train_03220_start_5355.677s_ici_40.0.wav
3221,3222,5357.351568,5357.708302,0.35673399999996036,5357.331568,5357.728302,0.3967340000008335,10.0,click_train_03221_start_5357.352s_ici_10.0.wav,/Users/nfot413/dolphin_project/official_click_features/segments/click_train_03221_start_5357.352s_ici_10.0.wav
3222,3223,5357.730219,5357.794276,0.06405699999959324,5357.710219,5357.814276,0.10405700000046636,5.0,click_train_03222_start_5357.730s_ici_5.0.wav,/Users/nfot413/dolphin_project/official_click_features/segments/click_train_03222_start_5357.730s_ici_5.0.wav
3223,3224,5357.896214,5357.993479,0.09726499999942462,5357.876214,5358.013479,0.13726500000029773,5.0,click_train_03223_start_5357.896s_ici_5.0.wav,/Users/nfot413/dolphin_project/official_click_features/segments/click_train_03223_start_5357.896s_ici_5.0.wav
3224,3225,5358.114479,5358.159156,0.044676999999865075,5358.094478999999,5358.179156,0.08467700000073819,5.0,click_train_03224_start_5358.114s_ici_5.0.wav,/Users/nfot413/dolphin_project/official_click_features/segments/click_train_03224_start_5358.114s_ici_5.0.wav
3225,3226,5358.180948,5358.284469,0.10352100000000064,5358.160948,5358.304469000001,0.14352100000087376,5.0,click_train_03225_start_5358.181s_ici_5.0.wav,/Users/nfot413/dolphin_project/official_click_features/segments/click_train_03225_start_5358.181s_ici_5.0.wav
3226,3227,5358.284469,5359.336911,1.0524420000001555,5358.264469,5359.356911000001,1.0924420000010286,45.0,click_train_03226_start_5358.284s_ici_45.0.wav,/Users/nfot413/dolphin_project/official_click_features/segments/click_train_03226_start_5358.284s_ici_45.0.wav
3227,3228,5359.560677,5360.265995,0.7053179999993517,5359.540677,5360.285995,0.7453180000002249,50.0,click_train_03227_start_5359.561s_ici_50.0.wav,/Users/nfot413/dolphin_project/official_click_features/segments/click_train_03227_start_5359.561s_ici_50.0.wav
3228,3229,5360.265995,5360.384583,0.11858800000027259,5360.245994999999,5360.4045830000005,0.1585880000011457,10.0,click_train_03228_start_5360.266s_ici_10.0.wav,/Users/nfot413/dolphin_project/official_click_features/segments/click_train_03228_start_5360.266s_ici_10.0.wav
3229,3230,5361.088682,5361.368526,0.27984400000059395,5361.068681999999,5361.388526000001,0.31984400000146707,35.0,click_train_03229_start_5361.089s_ici_35.0.wav,/Users/nfot413/dolphin_project/official_click_features/segments/click_train_03229_start_5361.089s_ici_35.0.wav
3230,3231,5361.667417,5361.978115,0.3106980000002295,5361.647416999999,5361.998115,0.3506980000011026,45.0,click_train_03230_start_5361.667s_ici_45.0.wav,/Users/nfot413/dolphin_project/official_click_features/segments/click_train_03230_start_5361.667s_ici_45.0.wav
3231,3232,5412.607745,5413.290703,0.6829579999994166,5412.587745,5413.310703,0.7229580000002898,100.0,click_train_03231_start_5412.608s_ici_100.0.wav,/Users/nfot413/dolphin_project/official_click_features/segments/click_train_03231_start_5412.608s_ici_100.0.wav
3232,3233,5414.051375,5414.168427,0.11705199999960314,5414.031375,5414.188427,0.15705200000047626,20.0,click_train_03232_start_5414.051s_ici_20.0.wav,/Users/nfot413/dolphin_project/official_click_features/segments/click_train_03232_start_5414.051s_ici_20.0.wav
3233,3234,5498.176807,5498.62774,0.4509330000000773,5498.156806999999,5498.64774,0.4909330000009504,90.0,click_train_03233_start_5498.177s_ici_90.0.wav,/Users/nfot413/dolphin_project/official_click_features/segments/click_train_03233_start_5498.177s_ici_90.0.wav
3234,3235,5513.277234,5513.53738,0.2601459999996223,5513.257234,5513.55738,0.3001460000004954,55.0,click_train_03234_start_5513.277s_ici_55.0.wav,/Users/nfot413/dolphin_project/official_click_features/segments/click_train_03234_start_5513.277s_ici_55.0.wav
3235,3236,5521.232219,5521.33275,0.10053099999913684,5521.212219,5521.35275,0.14053100000000995,10.0,click_train_03235_start_5521.232s_ici_10.0.wav,/Users/nfot413/dolphin_project/official_click_features/segments/click_train_03235_start_5521.232s_ici_10.0.wav
3236,3237,5524.320557,5524.557443,0.23688599999968574,5524.300557,5524.577443,0.27688600000055885,40.0,click_train_03236_start_5524.321s_ici_40.0.wav,/Users/nfot413/dolphin_project/official_click_features/segments/click_train_03236_start_5524.321s_ici_40.0.wav
3237,3238,5540.449005,5540.941359,0.49235399999997753,5540.429005,5540.961359000001,0.5323540000008506,80.0,click_train_03237_start_5540.449s_ici_80.0.wav,/Users/nfot413/dolphin_project/official_click_features/segments/click_train_03237_start_5540.449s_ici_80.0.wav
3238,3239,5558.531953,5558.604755,0.07280200000059267,5558.511952999999,5558.624755000001,0.11280200000146579,10.0,click_train_03238_start_5558.532s_ici_10.0.wav,/Users/nfot413/dolphin_project/official_click_features/segments/click_train_03238_start_5558.532s_ici_10.0.wav
3239,3240,5566.046609,5566.129849,0.08323999999993248,5566.026609,5566.149849,0.1232400000008056,10.0,click_train_03239_start_5566.047s_ici_10.0.wav,/Users/nfot413/dolphin_project/official_click_features/segments/click_train_03239_start_5566.047s_ici_10.0.wav
3240,3241,5634.007016,5634.134349,0.12733300000036252,5633.987015999999,5634.154349,0.16733300000123563,15.0,click_train_03240_start_5634.007s_ici_15.0.wav,/Users/nfot413/dolphin_project/official_click_features/segments/click_train_03240_start_5634.007s_ici_15.0.wav
3241,3242,5637.732703,5637.781068,0.04836500000055821,5637.712702999999,5637.801068000001,0.08836500000143133,5.0,click_train_03241_start_5637.733s_ici_5.0.wav,/Users/nfot413/dolphin_project/official_click_features/segments/click_train_03241_start_5637.733s_ici_5.0.wav
3242,3243,5645.653365,5646.434609,0.7812439999997878,5645.633365,5646.454609,0.8212440000006609,160.0,click_train_03242_start_5645.653s_ici_160.0.wav,/Users/nfot413/dolphin_project/official_click_features/segments/click_train_03242_start_5645.653s_ici_160.0.wav
3243,3244,5665.34363,5665.544458,0.20082800000000134,5665.32363,5665.564458000001,0.24082800000087445,45.0,click_train_03243_start_5665.344s_ici_45.0.wav,/Users/nfot413/dolphin_project/official_click_features/segments/click_train_03243_start_5665.344s_ici_45.0.wav
3244,3245,5673.130146,5673.158823,0.02867699999933393,5673.110146,5673.178823,0.06867700000020704,5.0,click_train_03244_start_5673.130s_ici_5.0.wav,/Users/nfot413/dolphin_project/official_click_features/segments/click_train_03244_start_5673.130s_ici_5.0.wav
3245,3246,5689.183573,5689.255104,0.07153099999959522,5689.163573,5689.275104,0.11153100000046834,10.0,click_train_03245_start_5689.184s_ici_10.0.wav,/Users/nfot413/dolphin_project/official_click_features/segments/click_train_03245_start_5689.184s_ici_10.0.wav
3246,3247,5720.417583,5720.533469,0.11588599999959115,5720.397583,5720.553469,0.15588600000046426,15.0,click_train_03246_start_5720.418s_ici_15.0.wav,/Users/nfot413/dolphin_project/official_click_features/segments/click_train_03246_start_5720.418s_ici_15.0.wav
3247,3248,5744.387781,5744.458198,0.0704169999999067,5744.367781,5744.478198000001,0.11041700000077981,10.0,click_train_03247_start_5744.388s_ici_10.0.wav,/Users/nfot413/dolphin_project/official_click_features/segments/click_train_03247_start_5744.388s_ici_10.0.wav
3248,3249,5747.188297,5747.907391,0.719094000000041,5747.168296999999,5747.927391,0.7590940000009141,105.0,click_train_03248_start_5747.188s_ici_105.0.wav,/Users/nfot413/dolphin_project/official_click_features/segments/click_train_03248_start_5747.188s_ici_105.0.wav
3249,3250,5753.902172,5754.344333,0.44216099999994185,5753.882172,5754.364333,0.48216100000081497,90.0,click_train_03249_start_5753.902s_ici_90.0.wav,/Users/nfot413/dolphin_project/official_click_features/segments/click_train_03249_start_5753.902s_ici_90.0.wav
3250,3251,5754.344333,5754.647328,0.3029950000000099,5754.324333,5754.667328,0.342995000000883,50.0,click_train_03250_start_5754.344s_ici_50.0.wav,/Users/nfot413/dolphin_project/official_click_features/segments/click_train_03250_start_5754.344s_ici_50.0.wav
3251,3252,5756.797656,5757.393552,0.595896000000721,5756.777655999999,5757.413552000001,0.6358960000015941,90.0,click_train_03251_start_5756.798s_ici_90.0.wav,/Users/nfot413/dolphin_project/official_click_features/segments/click_train_03251_start_5756.798s_ici_90.0.wav
3252,3253,5761.372286,5761.944068,0.5717819999999847,5761.352285999999,5761.964068,0.6117820000008578,85.0,click_train_03252_start_5761.372s_ici_85.0.wav,/Users/nfot413/dolphin_project/official_click_features/segments/click_train_03252_start_5761.372s_ici_85.0.wav
3253,3254,5762.683016,5763.268578,0.5855620000002091,5762.6630159999995,5763.288578000001,0.6255620000010822,75.0,click_train_03253_start_5762.683s_ici_75.0.wav,/Users/nfot413/dolphin_project/official_click_features/segments/click_train_03253_start_5762.683s_ici_75.0.wav
3254,3255,5763.754958,5764.125312,0.3703539999996792,5763.734958,5764.145312000001,0.41035400000055233,75.0,click_train_03254_start_5763.755s_ici_75.0.wav,/Users/nfot413/dolphin_project/official_click_features/segments/click_train_03254_start_5763.755s_ici_75.0.wav
3255,3256,5777.853297,5777.949151,0.09585400000014488,5777.833296999999,5777.969151,0.135854000001018,15.0,click_train_03255_start_5777.853s_ici_15.0.wav,/Users/nfot413/dolphin_project/official_click_features/segments/click_train_03255_start_5777.853s_ici_15.0.wav
3256,3257,5808.419911,5808.765906,0.3459949999996752,5808.3999109999995,5808.785906,0.3859950000005483,70.0,click_train_03256_start_5808.420s_ici_70.0.wav,/Users/nfot413/dolphin_project/official_click_features/segments/click_train_03256_start_5808.420s_ici_70.0.wav
3257,3258,5808.79038,5809.189719,0.39933899999959976,5808.77038,5809.209719,0.4393390000004729,70.0,click_train_03257_start_5808.790s_ici_70.0.wav,/Users/nfot413/dolphin_project/official_click_features/segments/click_train_03257_start_5808.790s_ici_70.0.wav
3258,3259,5810.631672,5810.895021,0.26334899999983463,5810.611672,5810.915021000001,0.30334900000070775,55.0,click_train_03258_start_5810.632s_ici_55.0.wav,/Users/nfot413/dolphin_project/official_click_features/segments/click_train_03258_start_5810.632s_ici_55.0.wav
3259,3260,5810.895021,5811.009937,0.11491599999953905,5810.875021,5811.029937,0.15491600000041217,15.0,click_train_03259_start_5810.895s_ici_15.0.wav,/Users/nfot413/dolphin_project/official_click_features/segments/click_train_03259_start_5810.895s_ici_15.0.wav
3260,3261,5811.121932,5811.449839,0.3279069999998683,5811.101932,5811.469839,0.3679070000007414,55.0,click_train_03260_start_5811.122s_ici_55.0.wav,/Users/nfot413/dolphin_project/official_click_features/segments/click_train_03260_start_5811.122s_ici_55.0.wav
3261,3262,5811.642656,5811.916505,0.2738490000001548,5811.622656,5811.936505000001,0.3138490000010279,55.0,click_train_03261_start_5811.643s_ici_55.0.wav,/Users/nfot413/dolphin_project/official_click_features/segments/click_train_03261_start_5811.643s_ici_55.0.wav
3262,3263,5812.245219,5812.548063,0.3028439999998227,5812.225219,5812.568063000001,0.3428440000006958,60.0,click_train_03262_start_5812.245s_ici_60.0.wav,/Users/nfot413/dolphin_project/official_click_features/segments/click_train_03262_start_5812.245s_ici_60.0.wav
3263,3264,5813.578646,5813.836922,0.25827600000047823,5813.5586459999995,5813.856922000001,0.29827600000135135,55.0,click_train_03263_start_5813.579s_ici_55.0.wav,/Users/nfot413/dolphin_project/official_click_features/segments/click_train_03263_start_5813.579s_ici_55.0.wav
3264,3265,5813.90024,5814.606401,0.7061610000000655,5813.8802399999995,5814.626401,0.7461610000009387,80.0,click_train_03264_start_5813.900s_ici_80.0.wav,/Users/nfot413/dolphin_project/official_click_features/segments/click_train_03264_start_5813.900s_ici_80.0.wav
3265,3266,5816.298958,5816.580859,0.28190099999937956,5816.278958,5816.600859,0.3219010000002527,40.0,click_train_03265_start_5816.299s_ici_40.0.wav,/Users/nfot413/dolphin_project/official_click_features/segments/click_train_03265_start_5816.299s_ici_40.0.wav
3266,3267,5816.614859,5816.793005,0.1781460000001971,5816.594859,5816.813005000001,0.2181460000010702,30.0,click_train_03266_start_5816.615s_ici_30.0.wav,/Users/nfot413/dolphin_project/official_click_features/segments/click_train_03266_start_5816.615s_ici_30.0.wav
3267,3268,5817.310635,5817.558609,0.24797399999988556,5817.290634999999,5817.578609,0.2879740000007587,55.0,click_train_03267_start_5817.311s_ici_55.0.wav,/Users/nfot413/dolphin_project/official_click_features/segments/click_train_03267_start_5817.311s_ici_55.0.wav
3268,3269,5819.225047,5819.704125,0.47907800000029965,5819.2050469999995,5819.724125000001,0.5190780000011728,50.0,click_train_03268_start_5819.225s_ici_50.0.wav,/Users/nfot413/dolphin_project/official_click_features/segments/click_train_03268_start_5819.225s_ici_50.0.wav
3269,3270,5822.119068,5822.351661,0.23259299999972427,5822.0990679999995,5822.371661,0.2725930000005974,40.0,click_train_03269_start_5822.119s_ici_40.0.wav,/Users/nfot413/dolphin_project/official_click_features/segments/click_train_03269_start_5822.119s_ici_40.0.wav
3270,3271,5822.351661,5823.070036,0.7183750000003783,5822.331660999999,5823.0900360000005,0.7583750000012515,5.0,click_train_03270_start_5822.352s_ici_5.0.wav,/Users/nfot413/dolphin_project/official_click_features/segments/click_train_03270_start_5822.352s_ici_5.0.wav
3271,3272,5823.169865,5823.366281,0.19641599999977188,5823.149864999999,5823.386281,0.236416000000645,35.0,click_train_03271_start_5823.170s_ici_35.0.wav,/Users/nfot413/dolphin_project/official_click_features/segments/click_train_03271_start_5823.170s_ici_35.0.wav
3272,3273,5823.400875,5823.818073,0.41719800000009855,5823.380875,5823.838073000001,0.45719800000097166,35.0,click_train_03272_start_5823.401s_ici_35.0.wav,/Users/nfot413/dolphin_project/official_click_features/segments/click_train_03272_start_5823.401s_ici_35.0.wav
3273,3274,5823.834068,5824.326526,0.49245799999971496,5823.814068,5824.346526,0.5324580000005881,45.0,click_train_03273_start_5823.834s_ici_45.0.wav,/Users/nfot413/dolphin_project/official_click_features/segments/click_train_03273_start_5823.834s_ici_45.0.wav
3274,3275,5825.469505,5825.776562,0.30705699999998615,5825.449505,5825.796562,0.34705700000085926,65.0,click_train_03274_start_5825.470s_ici_65.0.wav,/Users/nfot413/dolphin_project/official_click_features/segments/click_train_03274_start_5825.470s_ici_65.0.wav
3275,3276,5825.776562,5825.877214,0.1006520000000819,5825.756562,5825.8972140000005,0.140652000000955,25.0,click_train_03275_start_5825.777s_ici_25.0.wav,/Users/nfot413/dolphin_project/official_click_features/segments/click_train_03275_start_5825.777s_ici_25.0.wav
3276,3277,5825.877214,5826.11937,0.24215600000025006,5825.857214,5826.139370000001,0.2821560000011232,50.0,click_train_03276_start_5825.877s_ici_50.0.wav,/Users/nfot413/dolphin_project/official_click_features/segments/click_train_03276_start_5825.877s_ici_50.0.wav
3277,3278,5826.410719,5826.754083,0.34336399999938294,5826.390719,5826.774083,0.38336400000025606,40.0,click_train_03277_start_5826.411s_ici_40.0.wav,/Users/nfot413/dolphin_project/official_click_features/segments/click_train_03277_start_5826.411s_ici_40.0.wav
3278,3279,5826.886234,5827.324771,0.4385369999999966,5826.866233999999,5827.344771,0.47853700000086974,40.0,click_train_03278_start_5826.886s_ici_40.0.wav,/Users/nfot413/dolphin_project/official_click_features/segments/click_train_03278_start_5826.886s_ici_40.0.wav
3279,3280,5827.361974,5828.20012,0.8381460000000516,5827.341974,5828.220120000001,0.8781460000009247,40.0,click_train_03279_start_5827.362s_ici_40.0.wav,/Users/nfot413/dolphin_project/official_click_features/segments/click_train_03279_start_5827.362s_ici_40.0.wav
3280,3281,5828.2365,5829.013375,0.7768750000004729,5828.2164999999995,5829.033375000001,0.816875000001346,40.0,click_train_03280_start_5828.236s_ici_40.0.wav,/Users/nfot413/dolphin_project/official_click_features/segments/click_train_03280_start_5828.236s_ici_40.0.wav
3281,3282,5829.013375,5830.170531,1.1571559999993042,5828.993375,5830.190531,1.1971560000001773,5.0,click_train_03281_start_5829.013s_ici_5.0.wav,/Users/nfot413/dolphin_project/official_click_features/segments/click_train_03281_start_5829.013s_ici_5.0.wav
3282,3283,5830.170531,5830.436083,0.26555199999984325,5830.150530999999,5830.456083,0.30555200000071636,5.0,click_train_03282_start_5830.171s_ici_5.0.wav,/Users/nfot413/dolphin_project/official_click_features/segments/click_train_03282_start_5830.171s_ici_5.0.wav
3283,3284,5830.794714,5831.269682,0.4749680000004446,5830.774713999999,5831.2896820000005,0.5149680000013177,40.0,click_train_03283_start_5830.795s_ici_40.0.wav,/Users/nfot413/dolphin_project/official_click_features/segments/click_train_03283_start_5830.795s_ici_40.0.wav
3284,3285,5831.269682,5831.633802,0.3641200000001845,5831.249682,5831.653802000001,0.40412000000105763,55.0,click_train_03284_start_5831.270s_ici_55.0.wav,/Users/nfot413/dolphin_project/official_click_features/segments/click_train_03284_start_5831.270s_ici_55.0.wav
3285,3286,5831.966635,5832.317661,0.3510260000002745,5831.946634999999,5832.3376610000005,0.3910260000011476,40.0,click_train_03285_start_5831.967s_ici_40.0.wav,/Users/nfot413/dolphin_project/official_click_features/segments/click_train_03285_start_5831.967s_ici_40.0.wav
3286,3287,5832.317661,5833.193734,0.8760730000003605,5832.297661,5833.213734000001,0.9160730000012336,20.0,click_train_03286_start_5832.318s_ici_20.0.wav,/Users/nfot413/dolphin_project/official_click_features/segments/click_train_03286_start_5832.318s_ici_20.0.wav
3287,3288,5833.635484,5833.891323,0.2558389999994688,5833.615484,5833.911323,0.2958390000003419,10.0,click_train_03287_start_5833.635s_ici_10.0.wav,/Users/nfot413/dolphin_project/official_click_features/segments/click_train_03287_start_5833.635s_ici_10.0.wav
3288,3289,5834.362578,5834.530167,0.1675889999996798,5834.342578,5834.550167,0.20758900000055291,25.0,click_train_03288_start_5834.363s_ici_25.0.wav,/Users/nfot413/dolphin_project/official_click_features/segments/click_train_03288_start_5834.363s_ici_25.0.wav
3289,3290,5834.569583,5836.411755,1.842171999999664,5834.549583,5836.4317550000005,1.882172000000537,30.0,click_train_03289_start_5834.570s_ici_30.0.wav,/Users/nfot413/dolphin_project/official_click_features/segments/click_train_03289_start_5834.570s_ici_30.0.wav
3290,3291,5836.411755,5836.842969,0.43121400000018184,5836.391755,5836.862969000001,0.47121400000105496,55.0,click_train_03290_start_5836.412s_ici_55.0.wav,/Users/nfot413/dolphin_project/official_click_features/segments/click_train_03290_start_5836.412s_ici_55.0.wav
3291,3292,5836.842969,5837.035276,0.19230699999934586,5836.822969,5837.055276,0.23230700000021898,30.0,click_train_03291_start_5836.843s_ici_30.0.wav,/Users/nfot413/dolphin_project/official_click_features/segments/click_train_03291_start_5836.843s_ici_30.0.wav
3292,3293,5837.035276,5837.510917,0.475640999999996,5837.015275999999,5837.530917,0.5156410000008691,55.0,click_train_03292_start_5837.035s_ici_55.0.wav,/Users/nfot413/dolphin_project/official_click_features/segments/click_train_03292_start_5837.035s_ici_55.0.wav
3293,3294,5837.510917,5838.248984,0.7380670000002283,5837.490916999999,5838.268984,0.7780670000011014,5.0,click_train_03293_start_5837.511s_ici_5.0.wav,/Users/nfot413/dolphin_project/official_click_features/segments/click_train_03293_start_5837.511s_ici_5.0.wav
3294,3295,5838.350781,5838.511906,0.16112499999962893,5838.330781,5838.531906,0.20112500000050204,25.0,click_train_03294_start_5838.351s_ici_25.0.wav,/Users/nfot413/dolphin_project/official_click_features/segments/click_train_03294_start_5838.351s_ici_25.0.wav
3295,3296,5838.588516,5838.972896,0.3843800000004194,5838.568515999999,5838.992896000001,0.4243800000012925,25.0,click_train_03295_start_5838.589s_ici_25.0.wav,/Users/nfot413/dolphin_project/official_click_features/segments/click_train_03295_start_5838.589s_ici_25.0.wav
3296,3297,5838.993557,5840.543271,1.5497139999997671,5838.973556999999,5840.563271,1.5897140000006402,5.0,click_train_03296_start_5838.994s_ici_5.0.wav,/Users/nfot413/dolphin_project/official_click_features/segments/click_train_03296_start_5838.994s_ici_5.0.wav
3297,3298,5840.543271,5840.712484,0.16921300000012707,5840.523270999999,5840.732484,0.20921300000100018,30.0,click_train_03297_start_5840.543s_ici_30.0.wav,/Users/nfot413/dolphin_project/official_click_features/segments/click_train_03297_start_5840.543s_ici_30.0.wav
3298,3299,5840.921089,5842.170464,1.249374999999418,5840.901089,5842.190464,1.289375000000291,30.0,click_train_03298_start_5840.921s_ici_30.0.wav,/Users/nfot413/dolphin_project/official_click_features/segments/click_train_03298_start_5840.921s_ici_30.0.wav
3299,3300,5842.170464,5842.663594,0.4931299999998373,5842.150463999999,5842.683594,0.5331300000007104,10.0,click_train_03299_start_5842.170s_ici_10.0.wav,/Users/nfot413/dolphin_project/official_click_features/segments/click_train_03299_start_5842.170s_ici_10.0.wav
3300,3301,5842.837792,5843.179182,0.34138999999959196,5842.817792,5843.199182,0.3813900000004651,70.0,click_train_03300_start_5842.838s_ici_70.0.wav,/Users/nfot413/dolphin_project/official_click_features/segments/click_train_03300_start_5842.838s_ici_70.0.wav
3301,3302,5843.261729,5843.75188,0.4901509999999689,5843.241728999999,5843.77188,0.530151000000842,5.0,click_train_03301_start_5843.262s_ici_5.0.wav,/Users/nfot413/dolphin_project/official_click_features/segments/click_train_03301_start_5843.262s_ici_5.0.wav
3302,3303,5843.75188,5843.904667,0.15278699999998935,5843.731879999999,5843.924667,0.19278700000086246,20.0,click_train_03302_start_5843.752s_ici_20.0.wav,/Users/nfot413/dolphin_project/official_click_features/segments/click_train_03302_start_5843.752s_ici_20.0.wav
3303,3304,5843.904667,5844.594198,0.6895309999999881,5843.884666999999,5844.614198,0.7295310000008612,40.0,click_train_03303_start_5843.905s_ici_40.0.wav,/Users/nfot413/dolphin_project/official_click_features/segments/click_train_03303_start_5843.905s_ici_40.0.wav
3304,3305,5844.625354,5845.073641,0.44828700000016397,5844.605353999999,5845.093641,0.4882870000010371,35.0,click_train_03304_start_5844.625s_ici_35.0.wav,/Users/nfot413/dolphin_project/official_click_features/segments/click_train_03304_start_5844.625s_ici_35.0.wav
3305,3306,5845.762771,5845.838474,0.07570300000043062,5845.742770999999,5845.858474000001,0.11570300000130374,10.0,click_train_03305_start_5845.763s_ici_10.0.wav,/Users/nfot413/dolphin_project/official_click_features/segments/click_train_03305_start_5845.763s_ici_10.0.wav
3306,3307,5847.782104,5847.97613,0.1940260000001217,5847.762103999999,5847.99613,0.23402600000099483,40.0,click_train_03306_start_5847.782s_ici_40.0.wav,/Users/nfot413/dolphin_project/official_click_features/segments/click_train_03306_start_5847.782s_ici_40.0.wav
3307,3308,5849.547026,5849.867146,0.320119999999406,5849.527026,5849.887146,0.3601200000002791,55.0,click_train_03307_start_5849.547s_ici_55.0.wav,/Users/nfot413/dolphin_project/official_click_features/segments/click_train_03307_start_5849.547s_ici_55.0.wav
3308,3309,5849.886026,5850.194089,0.3080629999994926,5849.866026,5850.214089,0.3480630000003657,55.0,click_train_03308_start_5849.886s_ici_55.0.wav,/Users/nfot413/dolphin_project/official_click_features/segments/click_train_03308_start_5849.886s_ici_55.0.wav
3309,3310,5850.242797,5850.673302,0.4305050000002666,5850.222796999999,5850.693302000001,0.4705050000011397,45.0,click_train_03309_start_5850.243s_ici_45.0.wav,/Users/nfot413/dolphin_project/official_click_features/segments/click_train_03309_start_5850.243s_ici_45.0.wav
3310,3311,5850.71551,5850.974646,0.2591359999996712,5850.69551,5850.994646,0.2991360000005443,45.0,click_train_03310_start_5850.716s_ici_45.0.wav,/Users/nfot413/dolphin_project/official_click_features/segments/click_train_03310_start_5850.716s_ici_45.0.wav
3311,3312,5851.978151,5852.167766,0.1896149999993213,5851.958151,5852.187766,0.2296150000001944,40.0,click_train_03311_start_5851.978s_ici_40.0.wav,/Users/nfot413/dolphin_project/official_click_features/segments/click_train_03311_start_5851.978s_ici_40.0.wav
3312,3313,5853.023286,5853.510161,0.4868750000005093,5853.003285999999,5853.530161000001,0.5268750000013824,40.0,click_train_03312_start_5853.023s_ici_40.0.wav,/Users/nfot413/dolphin_project/official_click_features/segments/click_train_03312_start_5853.023s_ici_40.0.wav
3313,3314,5853.648495,5855.484266,1.8357710000000225,5853.628495,5855.504266000001,1.8757710000008956,40.0,click_train_03313_start_5853.648s_ici_40.0.wav,/Users/nfot413/dolphin_project/official_click_features/segments/click_train_03313_start_5853.648s_ici_40.0.wav
3314,3315,5855.576833,5856.05562,0.4787870000000112,5855.556833,5856.0756200000005,0.5187870000008843,10.0,click_train_03314_start_5855.577s_ici_10.0.wav,/Users/nfot413/dolphin_project/official_click_features/segments/click_train_03314_start_5855.577s_ici_10.0.wav
3315,3316,5856.660135,5856.784406,0.1242709999996805,5856.640135,5856.804406,0.1642710000005536,5.0,click_train_03315_start_5856.660s_ici_5.0.wav,/Users/nfot413/dolphin_project/official_click_features/segments/click_train_03315_start_5856.660s_ici_5.0.wav
3316,3317,5856.784406,5856.999802,0.21539600000050996,5856.764405999999,5857.019802000001,0.25539600000138307,10.0,click_train_03316_start_5856.784s_ici_10.0.wav,/Users/nfot413/dolphin_project/official_click_features/segments/click_train_03316_start_5856.784s_ici_10.0.wav
3317,3318,5856.999802,5857.287406,0.2876040000001012,5856.979802,5857.307406000001,0.32760400000097434,30.0,click_train_03317_start_5857.000s_ici_30.0.wav,/Users/nfot413/dolphin_project/official_click_features/segments/click_train_03317_start_5857.000s_ici_30.0.wav
3318,3319,5857.444922,5857.680052,0.23513000000002648,5857.424921999999,5857.700052,0.2751300000008996,40.0,click_train_03318_start_5857.445s_ici_40.0.wav,/Users/nfot413/dolphin_project/official_click_features/segments/click_train_03318_start_5857.445s_ici_40.0.wav
3319,3320,5857.718344,5858.404948,0.6866040000004432,5857.698343999999,5858.424948000001,0.7266040000013163,35.0,click_train_03319_start_5857.718s_ici_35.0.wav,/Users/nfot413/dolphin_project/official_click_features/segments/click_train_03319_start_5857.718s_ici_35.0.wav
3320,3321,5858.404948,5858.986531,0.5815829999992275,5858.384948,5859.006531,0.6215830000001006,30.0,click_train_03320_start_5858.405s_ici_30.0.wav,/Users/nfot413/dolphin_project/official_click_features/segments/click_train_03320_start_5858.405s_ici_30.0.wav
3321,3322,5859.196276,5859.717203,0.5209270000004835,5859.176275999999,5859.737203000001,0.5609270000013566,45.0,click_train_03321_start_5859.196s_ici_45.0.wav,/Users/nfot413/dolphin_project/official_click_features/segments/click_train_03321_start_5859.196s_ici_45.0.wav
3322,3323,5859.750771,5860.024411,0.2736400000003414,5859.730771,5860.044411000001,0.3136400000012145,35.0,click_train_03322_start_5859.751s_ici_35.0.wav,/Users/nfot413/dolphin_project/official_click_features/segments/click_train_03322_start_5859.751s_ici_35.0.wav
3323,3324,5860.582932,5861.821391,1.238459000000148,5860.562932,5861.841391000001,1.2784590000010212,40.0,click_train_03323_start_5860.583s_ici_40.0.wav,/Users/nfot413/dolphin_project/official_click_features/segments/click_train_03323_start_5860.583s_ici_40.0.wav
3324,3325,5861.821391,5862.53501,0.7136189999991984,5861.801391,5862.55501,0.7536190000000715,5.0,click_train_03324_start_5861.821s_ici_5.0.wav,/Users/nfot413/dolphin_project/official_click_features/segments/click_train_03324_start_5861.821s_ici_5.0.wav
3325,3326,5862.635479,5863.521568,0.8860890000005384,5862.615478999999,5863.541568000001,0.9260890000014115,35.0,click_train_03325_start_5862.635s_ici_35.0.wav,/Users/nfot413/dolphin_project/official_click_features/segments/click_train_03325_start_5862.635s_ici_35.0.wav
3326,3327,5863.553677,5863.810656,0.2569789999997738,5863.533676999999,5863.830656,0.2969790000006469,35.0,click_train_03326_start_5863.554s_ici_35.0.wav,/Users/nfot413/dolphin_project/official_click_features/segments/click_train_03326_start_5863.554s_ici_35.0.wav
3327,3328,5863.834073,5864.032255,0.198182000000088,5863.814073,5864.0522550000005,0.23818200000096112,25.0,click_train_03327_start_5863.834s_ici_25.0.wav,/Users/nfot413/dolphin_project/official_click_features/segments/click_train_03327_start_5863.834s_ici_25.0.wav
3328,3329,5864.032255,5864.392281,0.36002600000028906,5864.012255,5864.412281000001,0.4000260000011622,25.0,click_train_03328_start_5864.032s_ici_25.0.wav,/Users/nfot413/dolphin_project/official_click_features/segments/click_train_03328_start_5864.032s_ici_25.0.wav
3329,3330,5864.392281,5864.737615,0.34533399999963876,5864.372281,5864.757615,0.3853340000005119,10.0,click_train_03329_start_5864.392s_ici_10.0.wav,/Users/nfot413/dolphin_project/official_click_features/segments/click_train_03329_start_5864.392s_ici_10.0.wav
3330,3331,5864.973089,5865.798505,0.8254159999996773,5864.953089,5865.818505,0.8654160000005504,5.0,click_train_03330_start_5864.973s_ici_5.0.wav,/Users/nfot413/dolphin_project/official_click_features/segments/click_train_03330_start_5864.973s_ici_5.0.wav
3331,3332,5865.798505,5865.873859,0.07535400000051595,5865.778504999999,5865.893859000001,0.11535400000138907,5.0,click_train_03331_start_5865.799s_ici_5.0.wav,/Users/nfot413/dolphin_project/official_click_features/segments/click_train_03331_start_5865.799s_ici_5.0.wav
3332,3333,5866.183724,5866.738391,0.5546669999994265,5866.163724,5866.758391,0.5946670000002996,60.0,click_train_03332_start_5866.184s_ici_60.0.wav,/Users/nfot413/dolphin_project/official_click_features/segments/click_train_03332_start_5866.184s_ici_60.0.wav
3333,3334,5866.782557,5866.974615,0.19205799999963347,5866.762557,5866.9946150000005,0.23205800000050658,40.0,click_train_03333_start_5866.783s_ici_40.0.wav,/Users/nfot413/dolphin_project/official_click_features/segments/click_train_03333_start_5866.783s_ici_40.0.wav
3334,3335,5868.107245,5868.448943,0.3416980000001786,5868.087245,5868.468943000001,0.3816980000010517,40.0,click_train_03334_start_5868.107s_ici_40.0.wav,/Users/nfot413/dolphin_project/official_click_features/segments/click_train_03334_start_5868.107s_ici_40.0.wav
3335,3336,5868.474005,5868.799026,0.3250209999996514,5868.454005,5868.819026,0.3650210000005245,50.0,click_train_03335_start_5868.474s_ici_50.0.wav,/Users/nfot413/dolphin_project/official_click_features/segments/click_train_03335_start_5868.474s_ici_50.0.wav
3336,3337,5868.840286,5869.125818,0.28553200000078505,5868.820285999999,5869.145818000001,0.32553200000165816,50.0,click_train_03336_start_5868.840s_ici_50.0.wav,/Users/nfot413/dolphin_project/official_click_features/segments/click_train_03336_start_5868.840s_ici_50.0.wav
3337,3338,5869.568302,5870.142094,0.5737920000001395,5869.548301999999,5870.162094,0.6137920000010126,85.0,click_train_03337_start_5869.568s_ici_85.0.wav,/Users/nfot413/dolphin_project/official_click_features/segments/click_train_03337_start_5869.568s_ici_85.0.wav
3338,3339,5870.142094,5870.509615,0.36752100000012433,5870.122093999999,5870.529615,0.40752100000099745,45.0,click_train_03338_start_5870.142s_ici_45.0.wav,/Users/nfot413/dolphin_project/official_click_features/segments/click_train_03338_start_5870.142s_ici_45.0.wav
3339,3340,5870.509615,5870.71488,0.20526500000050873,5870.4896149999995,5870.734880000001,0.24526500000138185,25.0,click_train_03339_start_5870.510s_ici_25.0.wav,/Users/nfot413/dolphin_project/official_click_features/segments/click_train_03339_start_5870.510s_ici_25.0.wav
3340,3341,5870.749604,5871.808859,1.059255000000121,5870.729603999999,5871.828859,1.0992550000009942,30.0,click_train_03340_start_5870.750s_ici_30.0.wav,/Users/nfot413/dolphin_project/official_click_features/segments/click_train_03340_start_5870.750s_ici_30.0.wav
3341,3342,5871.808859,5872.559812,0.7509530000006635,5871.788858999999,5872.579812000001,0.7909530000015366,10.0,click_train_03341_start_5871.809s_ici_10.0.wav,/Users/nfot413/dolphin_project/official_click_features/segments/click_train_03341_start_5871.809s_ici_10.0.wav
3342,3343,5872.559812,5872.734083,0.1742709999998624,5872.539812,5872.754083000001,0.2142710000007355,20.0,click_train_03342_start_5872.560s_ici_20.0.wav,/Users/nfot413/dolphin_project/official_click_features/segments/click_train_03342_start_5872.560s_ici_20.0.wav
3343,3344,5872.734083,5873.231016,0.4969329999994443,5872.714083,5873.251016,0.5369330000003174,10.0,click_train_03343_start_5872.734s_ici_10.0.wav,/Users/nfot413/dolphin_project/official_click_features/segments/click_train_03343_start_5872.734s_ici_10.0.wav
3344,3345,5873.231016,5873.477906,0.24689000000034866,5873.211015999999,5873.4979060000005,0.2868900000012218,35.0,click_train_03344_start_5873.231s_ici_35.0.wav,/Users/nfot413/dolphin_project/official_click_features/segments/click_train_03344_start_5873.231s_ici_35.0.wav
3345,3346,5873.477906,5873.851318,0.3734119999999166,5873.457906,5873.871318,0.4134120000007897,65.0,click_train_03345_start_5873.478s_ici_65.0.wav,/Users/nfot413/dolphin_project/official_click_features/segments/click_train_03345_start_5873.478s_ici_65.0.wav
3346,3347,5873.851318,5874.642672,0.7913539999999557,5873.831318,5874.662672,0.8313540000008288,45.0,click_train_03346_start_5873.851s_ici_45.0.wav,/Users/nfot413/dolphin_project/official_click_features/segments/click_train_03346_start_5873.851s_ici_45.0.wav
3347,3348,5874.673068,5875.085443,0.4123749999998836,5874.653068,5875.105443,0.4523750000007567,35.0,click_train_03347_start_5874.673s_ici_35.0.wav,/Users/nfot413/dolphin_project/official_click_features/segments/click_train_03347_start_5874.673s_ici_35.0.wav
3348,3349,5875.085443,5875.548573,0.46313000000009197,5875.0654429999995,5875.5685730000005,0.5031300000009651,10.0,click_train_03348_start_5875.085s_ici_10.0.wav,/Users/nfot413/dolphin_project/official_click_features/segments/click_train_03348_start_5875.085s_ici_10.0.wav
3349,3350,5875.548573,5876.344792,0.7962189999998373,5875.528573,5876.364792,0.8362190000007104,25.0,click_train_03349_start_5875.549s_ici_25.0.wav,/Users/nfot413/dolphin_project/official_click_features/segments/click_train_03349_start_5875.549s_ici_25.0.wav
3350,3351,5876.344792,5877.937755,1.5929630000000543,5876.324791999999,5877.957755,1.6329630000009274,10.0,click_train_03350_start_5876.345s_ici_10.0.wav,/Users/nfot413/dolphin_project/official_click_features/segments/click_train_03350_start_5876.345s_ici_10.0.wav
3351,3352,5878.235745,5878.569849,0.3341040000004796,5878.2157449999995,5878.589849000001,0.3741040000013527,30.0,click_train_03351_start_5878.236s_ici_30.0.wav,/Users/nfot413/dolphin_project/official_click_features/segments/click_train_03351_start_5878.236s_ici_30.0.wav
3352,3353,5878.595807,5879.465245,0.8694380000006277,5878.575806999999,5879.485245000001,0.9094380000015008,30.0,click_train_03352_start_5878.596s_ici_30.0.wav,/Users/nfot413/dolphin_project/official_click_features/segments/click_train_03352_start_5878.596s_ici_30.0.wav
3353,3354,5880.750089,5880.897703,0.14761399999952118,5880.730089,5880.917703,0.1876140000003943,25.0,click_train_03353_start_5880.750s_ici_25.0.wav,/Users/nfot413/dolphin_project/official_click_features/segments/click_train_03353_start_5880.750s_ici_25.0.wav
3354,3355,5880.897703,5881.211203,0.3135000000002037,5880.877702999999,5881.231203,0.35350000000107684,45.0,click_train_03354_start_5880.898s_ici_45.0.wav,/Users/nfot413/dolphin_project/official_click_features/segments/click_train_03354_start_5880.898s_ici_45.0.wav
3355,3356,5881.264771,5881.71001,0.445238999999674,5881.244771,5881.73001,0.4852390000005471,45.0,click_train_03355_start_5881.265s_ici_45.0.wav,/Users/nfot413/dolphin_project/official_click_features/segments/click_train_03355_start_5881.265s_ici_45.0.wav
3356,3357,5885.637922,5885.953214,0.31529200000022684,5885.617921999999,5885.973214000001,0.35529200000109995,45.0,click_train_03356_start_5885.638s_ici_45.0.wav,/Users/nfot413/dolphin_project/official_click_features/segments/click_train_03356_start_5885.638s_ici_45.0.wav
3357,3358,5886.00799,5887.347396,1.3394060000000536,5885.98799,5887.367396000001,1.3794060000009267,40.0,click_train_03357_start_5886.008s_ici_40.0.wav,/Users/nfot413/dolphin_project/official_click_features/segments/click_train_03357_start_5886.008s_ici_40.0.wav
3358,3359,5887.386188,5888.382083,0.9958950000000186,5887.366188,5888.402083000001,1.0358950000008917,40.0,click_train_03358_start_5887.386s_ici_40.0.wav,/Users/nfot413/dolphin_project/official_click_features/segments/click_train_03358_start_5887.386s_ici_40.0.wav
3359,3360,5888.511031,5890.78526,2.27422899999965,5888.491031,5890.80526,2.3142290000005232,40.0,click_train_03359_start_5888.511s_ici_40.0.wav,/Users/nfot413/dolphin_project/official_click_features/segments/click_train_03359_start_5888.511s_ici_40.0.wav
3360,3361,5891.004563,5891.499755,0.4951919999994061,5890.984563,5891.519755,0.5351920000002792,50.0,click_train_03360_start_5891.005s_ici_50.0.wav,/Users/nfot413/dolphin_project/official_click_features/segments/click_train_03360_start_5891.005s_ici_50.0.wav
3361,3362,5891.499755,5891.606656,0.10690100000010716,5891.479754999999,5891.626656,0.14690100000098028,10.0,click_train_03361_start_5891.500s_ici_10.0.wav,/Users/nfot413/dolphin_project/official_click_features/segments/click_train_03361_start_5891.500s_ici_10.0.wav
3362,3363,5891.883469,5892.237156,0.3536869999998089,5891.863469,5892.257156000001,0.393687000000682,70.0,click_train_03362_start_5891.883s_ici_70.0.wav,/Users/nfot413/dolphin_project/official_click_features/segments/click_train_03362_start_5891.883s_ici_70.0.wav
3363,3364,5892.305917,5892.871849,0.56593200000043,5892.285916999999,5892.891849000001,0.6059320000013031,65.0,click_train_03363_start_5892.306s_ici_65.0.wav,/Users/nfot413/dolphin_project/official_click_features/segments/click_train_03363_start_5892.306s_ici_65.0.wav
3364,3365,5892.893964,5893.35149,0.45752600000014354,5892.873963999999,5893.37149,0.49752600000101666,40.0,click_train_03364_start_5892.894s_ici_40.0.wav,/Users/nfot413/dolphin_project/official_click_features/segments/click_train_03364_start_5892.894s_ici_40.0.wav
3365,3366,5893.739177,5893.799349,0.06017199999951117,5893.719177,5893.819349,0.10017200000038429,10.0,click_train_03365_start_5893.739s_ici_10.0.wav,/Users/nfot413/dolphin_project/official_click_features/segments/click_train_03365_start_5893.739s_ici_10.0.wav
3366,3367,5893.799349,5893.998828,0.19947899999988294,5893.7793489999995,5894.018828,0.23947900000075606,25.0,click_train_03366_start_5893.799s_ici_25.0.wav,/Users/nfot413/dolphin_project/official_click_features/segments/click_train_03366_start_5893.799s_ici_25.0.wav
3367,3368,5893.998828,5894.043005,0.044177000000672706,5893.978827999999,5894.063005000001,0.08417700000154582,5.0,click_train_03367_start_5893.999s_ici_5.0.wav,/Users/nfot413/dolphin_project/official_click_features/segments/click_train_03367_start_5893.999s_ici_5.0.wav
3368,3369,5894.080359,5894.971271,0.8909120000007533,5894.060358999999,5894.991271000001,0.9309120000016264,10.0,click_train_03368_start_5894.080s_ici_10.0.wav,/Users/nfot413/dolphin_project/official_click_features/segments/click_train_03368_start_5894.080s_ici_10.0.wav
3369,3370,5894.971271,5895.427021,0.45575000000008004,5894.951271,5895.447021000001,0.49575000000095315,20.0,click_train_03369_start_5894.971s_ici_20.0.wav,/Users/nfot413/dolphin_project/official_click_features/segments/click_train_03369_start_5894.971s_ici_20.0.wav
3370,3371,5895.464771,5895.803812,0.33904100000017934,5895.4447709999995,5895.8238120000005,0.37904100000105245,60.0,click_train_03370_start_5895.465s_ici_60.0.wav,/Users/nfot413/dolphin_project/official_click_features/segments/click_train_03370_start_5895.465s_ici_60.0.wav
3371,3372,5895.826042,5896.405906,0.5798640000002706,5895.806041999999,5896.425906,0.6198640000011437,75.0,click_train_03371_start_5895.826s_ici_75.0.wav,/Users/nfot413/dolphin_project/official_click_features/segments/click_train_03371_start_5895.826s_ici_75.0.wav
3372,3373,5896.880073,5897.564568,0.6844949999995151,5896.860073,5897.584568,0.7244950000003882,90.0,click_train_03372_start_5896.880s_ici_90.0.wav,/Users/nfot413/dolphin_project/official_click_features/segments/click_train_03372_start_5896.880s_ici_90.0.wav
3373,3374,5898.04112,5898.439776,0.398656000000301,5898.021119999999,5898.459776000001,0.4386560000011741,80.0,click_train_03373_start_5898.041s_ici_80.0.wav,/Users/nfot413/dolphin_project/official_click_features/segments/click_train_03373_start_5898.041s_ici_80.0.wav
